info: mathlib: cloning https://github.com/leanprover-community/mathlib4
info: mathlib: checking out revision '81a5d257c8e410db227a6665ed08f64fea08e997'
info: plausible: cloning https://github.com/leanprover-community/plausible
info: plausible: checking out revision 'e12c1910fe855cbfc38803cd4e55543906d5fa62'
info: LeanSearchClient: cloning https://github.com/leanprover-community/LeanSearchClient
info: LeanSearchClient: checking out revision 'c5d5b8fe6e5158def25cd28eb94e4141ad97c843'
info: importGraph: cloning https://github.com/leanprover-community/import-graph
info: importGraph: checking out revision '7e9612bf0b9ee66db3cb5b9988a35afc706f5a12'
info: proofwidgets: cloning https://github.com/leanprover-community/ProofWidgets4
info: proofwidgets: checking out revision '6e311e2a844da9b2cc3971187df2fe0066947b93'
info: aesop: cloning https://github.com/leanprover-community/aesop
info: aesop: checking out revision 'a7dbf0c63b694e47f425f3dcddbc0e178bb432d3'
info: Qq: cloning https://github.com/leanprover-community/quote4
info: Qq: checking out revision '38d591e778f100aec9762bb582f9c7f55f50e9dc'
info: batteries: cloning https://github.com/leanprover-community/batteries
info: batteries: checking out revision '023ce7d62a0531e22a5331e20b587817a80d49ff'
info: Cli: cloning https://github.com/leanprover/lean4-cli
info: Cli: checking out revision '88679d088c9720c27ebdf2ba4dafe17341747f94'
✔ [4/47] Built Batteries.Lean.Syntax (539ms)
✔ [5/51] Built Batteries.Lean.TagAttribute (632ms)
✔ [6/51] Built Batteries.Classes.RatCast (556ms)
✔ [7/51] Built Batteries.Control.ForInStep.Basic (599ms)
✔ [8/60] Built Batteries.Lean.Except (821ms)
✔ [9/60] Built Batteries.Lean.Position (795ms)
✔ [10/60] Built Batteries.Control.Lemmas (723ms)
✔ [11/64] Built Batteries.Tactic.Unreachable (915ms)
✔ [12/64] Built Batteries.Lean.EStateM (1.1s)
✔ [13/70] Built Batteries.Util.LibraryNote (1.1s)
✔ [14/70] Built Batteries.Data.Array.Init.Lemmas (577ms)
✔ [15/72] Built Batteries.Tactic.SeqFocus (1.2s)
✔ [16/73] Built Batteries.Data.BitVec.Basic (535ms)
✔ [17/73] Built Batteries.CodeAction.Attr (1.6s)
✔ [18/73] Built Batteries.Control.ForInStep.Lemmas (739ms)
✔ [19/76] Built Batteries.Lean.AttributeExtra (983ms)
✔ [20/76] Built Batteries.CodeAction.Deprecated (1.6s)
✔ [21/76] Built Batteries.Tactic.Lint.Basic (1.7s)
✔ [22/76] Built Batteries.Control.LawfulMonadState (1.7s)
✔ [23/76] Built Batteries.Classes.Cast (860ms)
✔ [24/76] Built Batteries.Data.Nat.Basic (899ms)
✔ [25/76] Built Batteries.Data.Bool (760ms)
✔ [26/90] Built Batteries.Tactic.Init (2.2s)
✔ [27/90] Built Batteries.Control.ForInStep (601ms)
✔ [28/90] Built Batteries.Data.Array.Match (1.6s)
✔ [29/91] Built Batteries.Data.ByteSlice (773ms)
✔ [30/94] Built Batteries.Linter.UnreachableTactic (1.6s)
✔ [31/95] Built Batteries.Recycling.MonadSatisfying.Basic (1.7s)
✔ [32/96] Built Batteries.Data.ByteArray (1.5s)
✔ [33/96] Built Batteries.Data.FloatArray (647ms)
✔ [34/97] Built Batteries.Control.OptionT (1.1s)
✔ [35/99] Built Batteries.Data.Array.Merge (2.6s)
✔ [36/99] Built Batteries.Lean.HashMap (683ms)
✔ [37/102] Built Batteries.Classes.SatisfiesM (576ms)
✔ [38/102] Built Batteries.Tactic.Lint.TypeClass (1.1s)
✔ [39/109] Built Batteries.CodeAction.Basic (1.7s)
✔ [40/109] Built Batteries.Data.List.ArrayMap (600ms)
✔ [41/115] Built Batteries.Tactic.Lint.Misc (1.8s)
✔ [42/115] Built Batteries.Data.List.Init.Lemmas (540ms)
✔ [43/128] Built Batteries.Linter.UnnecessarySeqFocus (2.2s)
✔ [44/128] Built Batteries.Data.List.Matcher (727ms)
✔ [45/134] Built Batteries.Lean.System.IO (760ms)
✔ [46/135] Built Batteries.Tactic.OpenPrivate (2.2s)
✔ [47/135] Built Batteries.Recycling.MonadSatisfying.List (922ms)
✔ [48/135] Built Batteries.Data.NameSet (753ms)
✔ [49/135] Built Batteries.Data.BinaryHeap.Basic (3.6s)
✔ [50/136] Built Batteries.Control.AlternativeMonad (1.5s)
✔ [51/136] Built Batteries.Data.Nat.Bitwise.Lemmas (865ms)
✔ [52/138] Built Batteries.Linter (885ms)
✔ [53/138] Built Batteries.Lean.Float (771ms)
✔ [54/138] Built Batteries.Data.RunningStats (735ms)
✔ [55/138] Built Batteries.Data.List.Monadic (602ms)
✔ [56/139] Built Batteries.Data.Nat.Bitwise (534ms)
✔ [57/145] Built Batteries.Data.BinaryHeap (669ms)
✔ [58/146] Built Batteries.Tactic.Alias (3.6s)
✔ [59/146] Built Batteries.Data.Stream (1.0s)
✔ [60/146] Built Batteries.Data.String.AsciiCasing (604ms)
✔ [61/146] Built Batteries.Data.List.Interleave (2.5s)
✔ [62/146] Built Batteries.Data.Rat.Float (597ms)
✔ [63/146] Built Batteries.Data.String.Basic (677ms)
✔ [64/146] Built Batteries.Tactic.Lint.Frontend (3.6s)
✔ [65/147] Built Batteries.Recycling.MonadSatisfying.Array (2.0s)
✔ [66/147] Built Batteries.Util.Panic (737ms)
✔ [67/147] Built Batteries.Data.Nat.Gcd (928ms)
✔ [68/147] Built Batteries.Data.Range.Lemmas (943ms)
✔ [69/150] Built Batteries.Control.Monad (924ms)
✔ [70/150] Built Batteries.Data.Rat (580ms)
✔ [71/153] Built Batteries.CodeAction.Misc (4.9s)
✔ [72/153] Built Batteries.Tactic.Lint.Simp (2.4s)
✔ [73/153] Built Batteries.Data.String.Matcher (758ms)
✔ [74/156] Built Batteries.Data.Array.Pairwise (1.1s)
✔ [75/156] Built Batteries.Tactic.Trans (4.6s)
✔ [76/156] Built Batteries.Data.HashMap.Basic (1.3s)
✔ [77/156] Built Batteries.Data.Random.MersenneTwister (2.7s)
✔ [78/156] Built Batteries.Data.MLList.Basic (2.0s)
✔ [79/157] Built Batteries.Data.Nat.Lemmas (1.4s)
✔ [80/157] Built Batteries.Data.Array.Monadic (812ms)
✔ [81/157] Built Batteries.Data.String.Legacy (2.1s)
✔ [82/157] Built Batteries.Data.Random (565ms)
✔ [83/157] Built Batteries.Lean.HashSet (695ms)
✔ [84/157] Built Batteries.Lean.IO.Process (668ms)
✔ [85/157] Built Batteries.Lean.Json (627ms)
✔ [86/160] Built Batteries.Tactic.Lint (861ms)
✔ [87/160] Built Batteries.Data.Range (935ms)
✔ [88/160] Built Batteries.Recycling.MonadSatisfying.Vector (875ms)
✔ [89/161] Built Batteries.Data.HashMap (849ms)
✔ [90/161] Built Batteries.Data.MLList.IO (639ms)
✔ [91/161] Built Batteries.Lean.LawfulMonad (924ms)
✔ [92/165] Built Batteries.Lean.Expr (1.2s)
✔ [93/166] Built Batteries.Data.MLList.Heartbeats (775ms)
✔ [94/166] Built Batteries.Lean.LawfulMonadLift (1.1s)
✔ [95/168] Built Batteries.Control.Nondet.Basic (1.1s)
✔ [96/168] Built Batteries.Data.Fin.OfBits (861ms)
✔ [97/168] Built Batteries.Data.Vector.Monadic (716ms)
✔ [98/168] Built Batteries.Lean.Meta.Expr (666ms)
✔ [99/172] Built Batteries.Util.ProofWanted (4.8s)
✔ [100/173] Built Batteries.Data.Int (1.1s)
✔ [101/173] Built Batteries.Lean.Meta.Basic (1.1s)
✔ [102/173] Built Batteries.Lean.PersistentHashMap (794ms)
✔ [103/173] Built Batteries.Lean.MonadBacktrack (678ms)
✔ [104/173] Built Batteries.Lean.Meta.Inaccessible (989ms)
✔ [105/174] Built Batteries.Data.DList.Basic (1.2s)
✔ [106/174] Built Batteries.Data.MLList (868ms)
✔ [107/175] Built Batteries.Recycling.MonadSatisfying.Lean (736ms)
✔ [108/177] Built Batteries.Lean.Meta.UnusedNames (944ms)
✔ [109/177] Built Batteries.Lean.NameMapAttribute (969ms)
✔ [110/177] Built Batteries.Lean.PersistentHashSet (852ms)
✔ [111/178] Built Batteries.Data.Fin.Basic (1.9s)
✔ [112/179] Built Batteries.Tactic.Basic (897ms)
✔ [113/179] Built Batteries.Lean.Meta.DiscrTree (817ms)
✔ [114/179] Built Batteries.Lean.Util.EnvSearch (1.0s)
✔ [115/179] Built Batteries.Lean.Meta.SavedState (849ms)
✔ [116/180] Built Batteries.Lean.Meta.InstantiateMVars (765ms)
✔ [117/182] Built Batteries.Logic (1.3s)
✔ [118/184] Built Batteries.Data.DList.Lemmas (965ms)
✔ [119/184] Built Batteries.Lean.SatisfiesM (796ms)
✔ [120/184] Built Batteries.Recycling.MonadSatisfying (839ms)
✔ [121/184] Built Batteries.Lean.Meta.Simp (1.9s)
✔ [122/185] Built Batteries.Tactic.Exact (988ms)
✔ [123/186] Built Batteries.Data.DList (980ms)
✔ [124/186] Built Batteries.Data.UnionFind.Basic (4.6s)
✔ [125/187] Built Batteries.Data.BitVec.Lemmas (2.5s)
✔ [126/187] Built Batteries.Tactic.Congr (1.9s)
✔ [127/188] Built Batteries.Tactic.PermuteGoals (1.2s)
✔ [128/189] Built Batteries.Classes.Order (1.6s)
✔ [129/189] Built Batteries.Tactic.Lemma (1.4s)
✔ [130/190] Built Batteries.Tactic.Instances (1.7s)
✔ [131/190] Built Batteries.Data.Fin.Fold (2.3s)
✔ [132/190] Built Batteries.Tactic.NoMatch (2.0s)
✔ [133/190] Built Batteries.Data.BitVec (1.0s)
✔ [134/192] Built Batteries.Tactic.PrintDependents (1.9s)
✔ [135/192] Built Batteries.Tactic.Case (3.2s)
✔ [136/192] Built Batteries.Tactic.PrintOpaques (1.5s)
✔ [137/197] Built Batteries.Data.Nat.Bisect (3.2s)
✔ [138/198] Built Batteries.Data.UnionFind.Lemmas (1.9s)
✔ [139/224] Built Batteries.Tactic.PrintPrefix (1.0s)
✔ [140/224] Built Batteries.Tactic.ShowUnused (1.9s)
✔ [141/224] Built Batteries.Util.Pickle (708ms)
✔ [142/224] Built Batteries.Data.List.Basic (7.7s)
✔ [143/224] Built Batteries.Util.Cache (1.4s)
✔ [144/224] Built Batteries.Data.UnionFind (713ms)
✔ [146/232] Built Batteries.Data.UInt (1.8s)
✔ [147/232] Built Batteries.Data.Nat (1.1s)
✔ [148/232] Built Batteries.Util.ExtendedBinder (1.6s)
✔ [150/233] Built Batteries.Data.PairingHeap (2.3s)
✔ [151/236] Built Batteries.Tactic.HelpCmd (4.3s)
✔ [152/237] Built ImportGraph.Lean.Environment (594ms)
✔ [153/239] Built ImportGraph.Imports.ImportGraph (817ms)
✔ [154/242] Built Batteries.Data.List.Pairwise (1.1s)
✔ [155/320] Built ImportGraph.Graph.TransitiveClosure (768ms)
✔ [156/320] Built Mathlib.Tactic.Linter.DirectoryDependency (2.5s)
✔ [157/320] Built ImportGraph.Imports.Redundant (1.1s)
✔ [158/320] Built Batteries.CodeAction.Match (2.6s)
✔ [159/320] Built ImportGraph.Tools.ImportDiff (1.6s)
✔ [160/320] Built ImportGraph.Imports.RequiredModules (2.1s)
✔ [161/320] Built Batteries.Tactic.SqueezeScope (5.4s)
✔ [162/320] Built Batteries.Tactic.GeneralizeProofs (7.3s)
✔ [163/320] Built Batteries.Data.Fin.Lemmas (3.6s)
✔ [164/320] Built ImportGraph.Tools.RedundantImports (1.4s)
✔ [165/320] Built Batteries.CodeAction (1.1s)
✔ [166/320] Built Batteries.Recycling.RBTree.Basic (6.0s)
✔ [167/320] Built Batteries.Data.AssocList (3.7s)
✔ [168/320] Built ImportGraph.Tools.MinImports (1.1s)
✔ [169/320] Built Batteries.Data.Vector.Basic (3.9s)
✔ [170/320] Built Mathlib.Tactic.Linter.Header (2.8s)
✔ [171/320] Built Batteries.Data.RBMap.Basic (825ms)
✔ [172/320] Built ImportGraph.Tools.FindHome (1.6s)
✔ [173/320] Built Mathlib.Tactic.TypeStar (903ms)
✔ [174/320] Built Mathlib.Tactic.DeclarationNames (1.1s)
✔ [175/320] Built Mathlib.Tactic.Linter.PrivateModule (1.2s)
✔ [176/320] Built Mathlib.Tactic.Linter.TacticDocumentation (1.2s)
✔ [177/320] Built Mathlib.Util.ParseCommand (1.4s)
✔ [178/320] Built Mathlib.Lean.Elab.Tactic.Meta (1.1s)
✔ [179/320] Built Mathlib.Tactic.Linter.UnusedTacticExtension (1.5s)
✔ [181/320] Built Mathlib.Lean.Environment (965ms)
✔ [182/320] Built Mathlib.Tactic.Linter.OldObtain (1.5s)
✔ [183/320] Built Batteries.Data.Array.Basic (6.5s)
✔ [184/320] Built Mathlib.Tactic.Linter.Whitespace (2.8s)
✔ [185/320] Built Mathlib.Tactic.Linter.Multigoal (1.8s)
✔ [186/320] Built Mathlib.Tactic.MinImports (3.1s)
✔ [187/320] Built Mathlib.Tactic.Linter.GlobalAttributeIn (1.9s)
✔ [188/320] Built Mathlib.Lean.Expr.Basic (3.2s)
✔ [189/320] Built Mathlib.Tactic.Linter.EmptyLine (2.2s)
✔ [190/320] Built Mathlib.Tactic.Linter.HashCommandLinter (2.4s)
✔ [191/320] Built Mathlib.Tactic.Lemma (1.2s)
✔ [192/320] Built Mathlib.Tactic.Linter.AuxLemma (1.7s)
✔ [194/321] Built Mathlib.Lean.Linter (1.3s)
✔ [195/321] Built ImportGraph.Tools (1.2s)
✔ [196/323] Built Mathlib.Tactic.Linter.DocString (2.0s)
✔ [197/323] Built Batteries.Data.BinomialHeap.Basic (10s)
✔ [198/325] Built Mathlib.Tactic.AdaptationNote (1.9s)
✔ [199/328] Built Mathlib.Tactic.Linter.DocPrime (3.0s)
✔ [200/328] Built Mathlib.Tactic.Linter.DeprecatedSyntaxLinter (2.7s)
✔ [201/334] Built Aesop.Script.Tactic (930ms)
✔ [202/337] Built Mathlib.Tactic.Linter.FlexibleLinter (4.3s)
✔ [203/337] Built Mathlib.Tactic.Linter.Lint (1.8s)
✔ [204/337] Built Aesop.Script.GoalWithMVars (948ms)
✔ [205/338] Built Mathlib.Lean.ContextInfo (1.7s)
✔ [206/338] Built Mathlib.Lean.Elab.InfoTree (1.3s)
✔ [207/339] Built Aesop.Nanos (860ms)
✔ [208/339] Built Aesop.Util.UnorderedArraySet (1.0s)
✔ [209/342] Built Batteries.Data.BinomialHeap.Lemmas (1.3s)
✔ [210/342] Built Batteries.Data.String.Lemmas (10s)
✔ [211/348] Built Mathlib.Tactic.Linter.UnusedTactic (2.2s)
✔ [212/349] Built Aesop.Index.DiscrTreeConfig (1.1s)
✔ [213/349] Built Aesop.Check (1.1s)
✔ [214/349] Built Aesop.Script.TacticState (1.2s)
✔ [215/349] Built Aesop.Options.Public (1.3s)
✔ [216/366] Built Batteries.Data.BinomialHeap (917ms)
✔ [217/366] Built Batteries.Data.String (940ms)
✔ [218/366] Built Aesop.Forward.LevelIndex (714ms)
✔ [219/372] Built Mathlib.Tactic.ExtractGoal (2.7s)
✔ [220/372] Built Aesop.Rule.Name (1.6s)
✔ [221/372] Built Aesop.Script.OptimizeSyntax (1.3s)
✔ [222/372] Built Aesop.Forward.PremiseIndex (801ms)
✔ [223/389] Built Mathlib.Tactic.Linter.Style (3.0s)
✔ [224/408] Built Aesop.Options.Internal (698ms)
✔ [225/408] Built Aesop.Percent (874ms)
✔ [226/412] Built Aesop.Forward.SlotIndex (826ms)
✔ [227/414] Built Mathlib.Tactic.Linter.UnusedInstancesInType (2.2s)
✔ [228/414] Built Aesop.ElabM (921ms)
✔ [229/459] Built Aesop.Util.UnionFind (1.0s)
✔ [230/459] Built Aesop.Util.Tactic (835ms)
✔ [231/459] Built Mathlib.Tactic.TacticAnalysis (2.4s)
✔ [232/459] Built Aesop.RuleTac.RuleTerm (902ms)
✔ [233/459] Built Aesop.Util.OrderedHashSet (882ms)
✔ [234/459] Built Aesop.RuleSet.Name (650ms)
✔ [235/459] Built Aesop.Constants (644ms)
✔ [236/459] Built Batteries.Recycling.RBTree.WF (8.7s)
✔ [239/463] Built Aesop.Exception (931ms)
✔ [240/464] Built Aesop.Search.Expansion.Simp (1.2s)
✔ [241/468] Built Aesop.Util.Unfold (1.7s)
✔ [242/468] Built Aesop.Frontend.Basic (889ms)
✔ [243/470] Built Aesop.RuleSet.Filter (836ms)
✔ [244/491] Built Batteries.Data.RBMap.Alter (928ms)
✔ [245/557] Built Batteries.Data.RBMap.WF (1.2s)
✔ [246/568] Built Aesop.RuleTac.ElabRuleTerm (1.7s)
✔ [247/568] Built Batteries.Recycling.RBTree.Depth (1.4s)
✔ [248/568] Built Qq.ForLean.ToExpr (1.0s)
✔ [249/576] Built Qq.Typ (1.2s)
✔ [250/576] Built Qq.ForLean.Do (1.1s)
✔ [253/583] Built Qq.ForLean.ReduceEval (1.5s)
✔ [254/583] Built Qq.SortLocalDecls (1.2s)
✔ [255/583] Built Aesop.Util.Tactic.Unfold (1.7s)
✔ [256/583] Built Aesop.Util.Basic (4.0s)
✔ [259/605] Built Batteries.Data.RBMap.Depth (1.0s)
✔ [260/605] Built Plausible.Attr (733ms)
✔ [261/605] Built Plausible.Shrinkable (904ms)
✔ [266/605] Built Batteries.Recycling.RBTree.Alter (2.9s)
✔ [269/605] Built Plausible.Random (1.3s)
✔ [270/605] Built LeanSearchClient.Basic (624ms)
✔ [273/651] Built Mathlib.Tactic.Lift (2.3s)
✔ [274/699] Built Mathlib.Tactic.Linter.OverlappingInstances (3.7s)
✔ [275/720] Built Aesop.RuleTac.Forward.Basic (1.3s)
✔ [276/889] Built Aesop.Script.CtorNames (1.4s)
✔ [277/1005] Built Aesop.EMap (1.6s)
✔ [278/1082] Built ProofWidgets.Compat (830ms)
✔ [279/1481] Built Aesop.Util.EqualUpToIds (7.2s)
✔ [280/1481] Built Aesop.Forward.Substitution (2.0s)
✔ [281/1526] Built Aesop.Tracing (2.1s)
✔ [282/1526] Built ProofWidgets.Util (1.3s)
✔ [283/1526] Built Batteries.Data.List.Lemmas (17s)
✔ [284/1526] Built Plausible.Gen (1.8s)
✔ [285/1526] Built Mathlib.Data.Ineq (995ms)
✔ [286/1526] Built Aesop.RulePattern.Cache (915ms)
✔ [287/1526] Built Mathlib.Util.PrintSorries (1.9s)
✔ [288/1536] Built Mathlib.Tactic.TacticAnalysis.Declarations (5.6s)
✔ [289/1536] Built Aesop.Script.Util (1.0s)
✔ [290/1536] Built Aesop.Index.Basic (1.1s)
✔ [291/1536] Built Plausible.DeriveShrinkable (2.8s)
✔ [292/1536] Built ProofWidgets.Component.Basic (1.5s)
✔ [293/1537] Built Mathlib.Tactic.Linter.MinImports (2.2s)
✔ [294/1623] Built Aesop.Util.Tactic.Ext (1.6s)
✔ [295/1623] Built ProofWidgets.Cancellable (1.7s)
✔ [296/2042] Built Batteries.Data.Char.Basic (1.8s)
✔ [297/2105] Built Plausible.Arbitrary (1.2s)
✔ [298/2105] Built LeanSearchClient.Syntax (3.6s)
✔ [299/2155] Built Mathlib.Init (1.4s)
✔ [300/2155] Built ProofWidgets.Component.Panel.Basic (1.5s)
✔ [301/2155] Built ProofWidgets.Component.MakeEditLink (1.4s)
✔ [302/2155] Built Plausible.ArbitraryFueled (585ms)
✔ [303/2155] Built Batteries.Data.List.Scan (2.7s)
✔ [304/2155] Built Aesop.Stats.Basic (2.0s)
✔ [305/2155] Built Aesop.Script.Step (2.3s)
✔ [306/2155] Built Mathlib.CategoryTheory.ConcreteCategory.Bundled (1.4s)
✔ [307/2155] Built Batteries.Data.Array.Lemmas (2.0s)
✔ [308/2155] Built Plausible.Sampleable (1.6s)
✔ [309/2155] Built Mathlib.Tactic.CategoryTheory.CategoryStar (1.5s)
✔ [310/2155] Built Batteries.Data.Char.AsciiCasing (2.1s)
✔ [311/2155] Built Mathlib.Logic.Function.CompTypeclasses (1.5s)
✔ [312/2155] Built Batteries.Data.List.Count (3.5s)
✔ [313/2155] Built Mathlib.Tactic.Polynomial.Core (1.7s)
✔ [314/2155] Built Mathlib.Data.Int.DivMod (1.5s)
✔ [315/2155] Built Mathlib.Util.ElabWithoutMVars (1.5s)
✔ [316/2155] Built Mathlib.Lean.Meta.Tactic.Rewrite (1.3s)
✔ [317/2155] Built Mathlib.Control.ULift (1.9s)
✔ [318/2155] Built Mathlib.Data.List.Monad (1.5s)
✔ [319/2155] Built Mathlib.Tactic.Linarith.Oracle.SimplexAlgorithm.Datatypes (1.7s)
✔ [320/2155] Built LeanSearchClient.LoogleSyntax (3.3s)
✔ [321/2155] Built Mathlib.Tactic.FieldSimp.Attr (1.3s)
✔ [322/2155] Built Mathlib.Util.DischargerAsTactic (1.7s)
✔ [323/2155] Built Mathlib.Lean.Expr.Rat (1.5s)
✔ [324/2155] Built Mathlib.Tactic.TryThis (1.5s)
✔ [325/2155] Built Mathlib.Util.PPOptions (1.5s)
✔ [326/2155] Built Mathlib.Tactic.SuppressCompilation (3.6s)
✔ [327/2155] Built Mathlib.Tactic.Monotonicity.Attr (1.2s)
✔ [328/2155] Built Mathlib.Data.Prod.PProd (1.3s)
✔ [329/2155] Built Mathlib.Tactic.HaveI (1.9s)
✔ [330/2155] Built Mathlib.Data.Bracket (1.5s)
✔ [331/2155] Built Mathlib.Data.Option.NAry (2.1s)
✔ [332/2155] Built Mathlib.Data.List.TFAE (1.5s)
✔ [333/2155] Built Mathlib.Util.TransImports (1.6s)
✔ [334/2155] Built Mathlib.Logic.OpClass (1.7s)
✔ [335/2155] Built Mathlib.Tactic.UnsetOption (1.3s)
✔ [336/2155] Built Mathlib.Tactic.Trace (1.5s)
✔ [337/2155] Built Mathlib.Util.WhatsNew (2.1s)
✔ [338/2155] Built Qq.Macro (10s)
✔ [339/2155] Built ProofWidgets.Data.Html (6.9s)
✔ [340/2155] Built Mathlib.Tactic.SuccessIfFailWithMsg (1.7s)
✔ [341/2155] Built Mathlib.Tactic.SwapVar (1.6s)
✔ [342/2155] Built Mathlib.Tactic.SudoSetOption (1.9s)
✔ [343/2155] Built Mathlib.Util.Tactic (1.3s)
✔ [344/2155] Built Mathlib.Tactic.Relation.Rfl (1.2s)
✔ [345/2155] Built Mathlib.Tactic.Rename (1.4s)
✔ [346/2155] Built Mathlib.Tactic.RSuffices (1.3s)
✔ [347/2155] Built Mathlib.Tactic.SimpIntro (2.2s)
✔ [348/2155] Built Mathlib.Util.CountHeartbeats (3.4s)
✔ [349/2155] Built Mathlib.Tactic.Recover (1.8s)
✔ [350/2155] Built Mathlib.Tactic.Linter.UpstreamableDecl (1.5s)
✔ [351/2155] Built Mathlib.Tactic.InferParam (1.3s)
✔ [352/2155] Built Mathlib.Tactic.Set (2.4s)
✔ [353/2155] Built Mathlib.Tactic.GuardHypNums (1.2s)
✔ [354/2155] Built Mathlib.Tactic.Linter.HaveLetLinter (1.6s)
✔ [355/2155] Built Mathlib.Tactic.Linter.PPRoundtrip (1.7s)
✔ [356/2155] Built Batteries.Recycling.RBTree.Lemmas (9.4s)
✔ [357/2155] Built Mathlib.Tactic.Observe (2.1s)
✔ [358/2155] Built Mathlib.Tactic.GuardGoalNums (1.2s)
✔ [359/2155] Built Mathlib.Util.TermReduce (1.9s)
✔ [360/2155] Built Mathlib.Tactic.Variable (4.1s)
✔ [361/2155] Built Mathlib.Tactic.HigherOrder (1.0s)
✔ [362/2155] Built Mathlib.Tactic.ExistsI (1.2s)
✔ [363/2155] Built Mathlib.Tactic.FunProp.Mor (1.7s)
✔ [364/2155] Built Mathlib.Tactic.GrindAttrs (1.9s)
✔ [365/2155] Built Mathlib.Lean.MessageData.Trace (1.3s)
✔ [366/2155] Built Mathlib.Tactic.DSimpPercent (1.4s)
✔ [367/2155] Built Mathlib.Lean.GoalsLocation (1.2s)
✔ [368/2155] Built Mathlib.Tactic.Constructor (1.3s)
✔ [369/2155] Built Mathlib.Tactic.Find (1.8s)
✔ [370/2155] Built Mathlib.Lean.Meta.KAbstractPositions (1.5s)
✔ [371/2155] Built Mathlib.Tactic.FailIfNoProgress (2.2s)
✔ [372/2155] Built Mathlib.Tactic.FunProp.Decl (2.4s)
✔ [373/2155] Built Mathlib.Tactic.Widget.SelectInsertParamsClass (1.4s)
✔ [374/2155] Built Mathlib.Tactic.FunProp.ToBatteries (2.7s)
✔ [375/2155] Built Mathlib.Tactic.ErwQuestion (2.3s)
✔ [376/2155] Built Mathlib.Tactic.DeprecateTo (2.5s)
✔ [377/2155] Built Mathlib.Tactic.ClearExclamation (1.3s)
✔ [378/2155] Built Mathlib.Tactic.ClearExcept (1.4s)
✔ [379/2155] Built Mathlib.Tactic.Clear_ (1.5s)
✔ [380/2155] Built Mathlib.Tactic.NthRewrite (1.6s)
✔ [381/2155] Built Mathlib.Lean.FoldEnvironment (1.8s)
✔ [382/2155] Built Mathlib.Tactic.ApplyWith (1.5s)
✔ [383/2155] Built Mathlib.Tactic.PPWithUniv (1.7s)
✔ [384/2155] Built Mathlib.Tactic.ApplyCongr (1.3s)
✔ [385/2155] Built Mathlib.Lean.Meta.RefinedDiscrTree.Basic (2.4s)
✔ [386/2155] Built Mathlib.Lean.Meta.Basic (1.5s)
✔ [387/2155] Built Mathlib.Tactic.Coe (1.7s)
✔ [388/2155] Built Mathlib.Tactic.Check (2.5s)
✔ [389/2155] Built Mathlib.Logic.Function.ULift (1.3s)
✔ [390/2155] Built Mathlib.Tactic.ToExpr (1.6s)
✔ [391/2155] Built Mathlib.Tactic.DefEqTransformations (4.0s)
✔ [392/2155] Built Mathlib.Data.Ordering.Basic (1.3s)
✔ [393/2155] Built Mathlib.Control.Combinators (1.2s)
✔ [394/2155] Built Mathlib.Tactic.GCongr.ForwardAttr (1.5s)
✔ [395/2155] Built Mathlib.Data.Option.Defs (1.5s)
✔ [396/2155] Built Mathlib.Util.AtLocation (1.9s)
✔ [397/2155] Built Mathlib.Tactic.Substs (1.5s)
✔ [398/2155] Built Mathlib.Tactic.CasesM (2.7s)
✔ [399/2155] Built Mathlib.Lean.Elab.Term (1.2s)
✔ [400/2155] Built Mathlib.Util.WithWeakNamespace (1.2s)
✔ [401/2155] Built Mathlib.Tactic.Spread (2.0s)
✔ [402/2155] Built Mathlib.Logic.IsEmpty.Defs (1.5s)
✔ [403/2155] Built Mathlib.Tactic.Inhabit (1.5s)
✔ [404/2155] Built Mathlib.Tactic.SimpRw (2.0s)
✔ [405/2155] Built Mathlib.Tactic.Conv (3.4s)
✔ [406/2155] Built Mathlib.Tactic.FastInstance (3.5s)
✔ [407/2155] Built Mathlib.Logic.Nonempty (1.7s)
✔ [408/2155] Built Mathlib.Tactic.ExtendDoc (1.4s)
✔ [409/2155] Built Mathlib.Lean.PrettyPrinter.Delaborator (1.7s)
✔ [410/2155] Built Mathlib.Tactic.Core (2.6s)
✔ [411/2155] Built Mathlib.Tactic.Push.Attr (2.5s)
✔ [412/2155] Built Mathlib.Tactic.OfNat (1.2s)
✔ [413/2155] Built Mathlib.Data.Nat.Notation (1.3s)
✔ [414/2155] Built Mathlib.Tactic.Attr.Register (2.4s)
✔ [415/2155] Built Mathlib.Logic.ExistsUnique (2.5s)
✔ [416/2155] Built Mathlib.Tactic.Use (3.3s)
✔ [417/2155] Built Mathlib.Data.Int.Notation (1.3s)
✔ [418/2155] Built Mathlib.Util.CompileInductive (3.6s)
✔ [419/2155] Built Mathlib.Lean.Meta (1.9s)
✔ [420/2155] Built Mathlib.Lean.Name (1.9s)
✔ [421/2155] Built Mathlib.Tactic.CrossRefAttribute (2.8s)
✔ [422/2155] Built Mathlib.Data.String.Defs (1.4s)
✔ [423/2155] Built Mathlib.Tactic.Translate.Attributes (1.3s)
✔ [424/2155] Built Mathlib.Tactic.Eqns (1.3s)
✔ [425/2155] Built Mathlib.Data.Nat.BinaryRec (2.2s)
✔ [426/2155] Built Mathlib.Util.AddRelatedDecl (2.8s)
✔ [427/2155] Built Aesop.Stats.File (1.3s)
✔ [428/2155] Built Mathlib.Tactic.DepRewrite (6.9s)
✔ [429/2155] Built Aesop.Script.UScript (990ms)
✔ [430/2155] Built Aesop.BaseM (1.1s)
✔ [431/2155] Built Aesop.Stats.Extension (1.1s)
✔ [432/2155] Built Mathlib.Lean.Meta.Simp (2.0s)
✔ [433/2155] Built Aesop.Script.SScript (1.2s)
✔ [434/2155] Built Plausible.Functions (1.3s)
✔ [435/2155] Built Batteries.Data.Char (1.1s)
✔ [436/2155] Built Mathlib.Tactic.Simps.NotationClass (2.7s)
✔ [437/2155] Built LeanSearchClient (1.1s)
✔ [438/2155] Built Mathlib.Tactic.Translate.UnfoldBoundary (3.7s)
✔ [439/2155] Built Plausible.DeriveArbitrary (3.4s)
✔ [440/2155] Built Mathlib.Tactic.Linarith.Oracle.SimplexAlgorithm.Gauss (1.0s)
✔ [441/2155] Built ProofWidgets.Component.FilterDetails (1.5s)
✔ [442/2155] Built Mathlib.Tactic.Linarith.Oracle.SimplexAlgorithm.SimplexAlgorithm (2.2s)
✔ [443/2155] Built ProofWidgets.Component.OfRpcMethod (1.7s)
✔ [444/2155] Built Batteries.Recycling.RBTree (1.0s)
✔ [445/2155] Built Mathlib.Tactic.Linter (1.2s)
✔ [446/2155] Built ProofWidgets.Component.RefreshComponent (2.1s)
✔ [447/2155] Built Qq.Commands (2.5s)
✔ [448/2155] Built Mathlib.Tactic.RenameBVar (1.7s)
✔ [449/2155] Built Batteries.Data.RBMap.Lemmas (1.1s)
✔ [450/2155] Built Batteries.Data.Array.Scan (3.5s)
✔ [451/2155] Built Mathlib.Tactic.Translate.Reorder (5.4s)
✔ [452/2155] Built Batteries.Data.List.Perm (3.7s)
✔ [453/2155] Built Plausible.Testable (3.0s)
✔ [454/2155] Built Mathlib.Tactic.ToLevel (1.0s)
✔ [455/2155] Built Qq.Delab (3.2s)
✔ [456/2155] Built Mathlib.Tactic.ApplyAt (1.4s)
✔ [457/2155] Built Mathlib.Tactic.Widget.SelectPanelUtils (2.0s)
✔ [458/2155] Built Mathlib.Data.PNat.Notation (1.3s)
✔ [459/2155] Built Mathlib.Lean.Meta.RefinedDiscrTree.Encode (2.5s)
✔ [460/2155] Built Mathlib.Logic.Nontrivial.Defs (1.6s)
✔ [461/2155] Built Mathlib.Tactic.Attr.Core (1.3s)
✔ [462/2155] Built Mathlib.Tactic.FunProp.FunctionData (2.9s)
✔ [463/2155] Built Mathlib.Data.Rat.Init (1.7s)
✔ [464/2155] Built Mathlib.Lean.Meta.RefinedDiscrTree.Initialize (2.9s)
✔ [465/2155] Built Mathlib.Tactic.SplitIfs (2.3s)
✔ [466/2155] Built Mathlib.Data.Int.Cast.Pi (1.3s)
✔ [467/2155] Built Mathlib.Tactic.Basic (2.6s)
✔ [468/2155] Built Mathlib.Logic.Function.Defs (2.3s)
✔ [469/2155] Built Mathlib.Tactic.DefEqAbuse (3.9s)
✔ [470/2155] Built Aesop.Script.ScriptM (1.1s)
✔ [471/2155] Built Mathlib.Tactic.FBinop (3.0s)
✔ [472/2155] Built Mathlib.Lean.Meta.CongrTheorems (3.9s)
✔ [473/2155] Built Aesop.Script.Check (1.2s)
✔ [474/2155] Built Mathlib.Tactic.ScopedNS (4.5s)
✔ [475/2155] Built Aesop.Stats.Report (1.8s)
✔ [476/2155] Built Mathlib.Data.Tree.Basic (2.4s)
✔ [477/2155] Built Mathlib.Tactic.Translate.GuessName (2.4s)
✔ [478/2155] Built Aesop.RuleTac.GoalDiff (2.3s)
✔ [479/2155] Built Batteries.Data.Array (914ms)
✔ [480/2155] Built Batteries.Data.RBMap (1.1s)
✔ [481/2155] Built Mathlib.Tactic.MkIffOfInductiveProp (3.6s)
✔ [482/2157] Built Batteries.Data.List (1.1s)
✔ [483/2157] Built Mathlib.Tactic.Linarith.Oracle.SimplexAlgorithm.PositiveVector (1.6s)
✔ [484/2157] Built Mathlib.Data.Nat.Init (4.1s)
✔ [485/2157] Built Mathlib.Tactic.IrreducibleDef (3.6s)
✔ [486/2157] Built Aesop.RulePattern (3.5s)
✔ [487/2161] Built Aesop.Script.UScriptToSScript (2.7s)
✔ [488/2161] Built Mathlib.Data.Int.Init (4.2s)
✔ [489/2161] Built Qq.MetaM (1.6s)
✔ [490/2161] Built Plausible.Tactic (2.2s)
✔ [491/2161] Built Mathlib.Tactic.Widget.CongrM (2.1s)
✔ [492/2161] Built Batteries.Data.Vector.Lemmas (3.7s)
✔ [493/2161] Built Mathlib.Logic.Basic (5.2s)
✔ [494/2161] Built Mathlib.Logic.Relator (2.0s)
✔ [495/2161] Built Mathlib.Tactic.FunProp.Types (2.5s)
✔ [496/2161] Built Mathlib.Util.Delaborators (11s)
✔ [497/2161] Built Mathlib.Data.SProd (1.8s)
✔ [498/2161] Built Mathlib.Control.Basic (2.8s)
✔ [499/2161] Built Mathlib.Tactic.Hint (2.5s)
✔ [500/2161] Built Batteries.Data.Fin.Coding (5.4s)
✔ [501/2161] Built Mathlib.Lean.Meta.RefinedDiscrTree.Lookup (3.7s)
✔ [502/2161] Built Mathlib.Tactic.Widget.Calc (4.2s)
✔ [503/2161] Built Aesop.RuleTac.Basic (1.4s)
✔ [504/2161] Built Aesop.Index.RulePattern (1.8s)
✔ [505/2161] Built Qq.Simp (1.1s)
✔ [506/2161] Built Plausible (941ms)
✔ [507/2161] Built Aesop.Script.StructureStatic (2.3s)
✔ [508/2161] Built Qq.MatchImpl (1.5s)
✔ [509/2161] Built Qq.AssertInstancesCommute (2.1s)
✔ [510/2163] Built Aesop.Forward.RuleInfo (2.5s)
✔ [511/2163] Built Mathlib.Tactic.Widget.Conv (5.3s)
✔ [512/2163] Built Batteries.Data.Fin (962ms)
✔ [513/2163] Built Aesop.Script.SpecificTactics (5.1s)
✔ [514/2167] Built Batteries.Data.Vector (1.1s)
✔ [515/2167] Built Mathlib.Data.Nat.MaxPowDiv (2.2s)
✔ [516/2167] Built Aesop.Script.StructureDynamic (3.5s)
✔ [517/2167] Built Aesop.Search.Expansion.Basic (1.3s)
✔ [518/2167] Built Mathlib.Lean.Meta.RefinedDiscrTree (1.9s)
✔ [519/2167] Built Mathlib.Tactic.SetNotationForOrder (4.6s)
✔ [520/2167] Built Aesop.RuleTac.Tactic (1.4s)
✔ [521/2171] Built Aesop.Rule.Forward (1.4s)
✔ [522/2171] Built Aesop.RuleTac.Preprocess (1.0s)
✔ [523/2244] Built Aesop.RuleTac.Apply (1.4s)
✔ [524/2398] Built Mathlib.Tactic.Subsingleton (3.2s)
✔ [525/2455] Built Batteries (1.1s)
✔ [526/2455] Built Mathlib.Tactic.TermCongr (6.5s)
✔ [527/2633] Built Aesop.RuleTac.Cases (1.9s)
✔ [528/2709] Built Mathlib.Tactic.FunProp.Theorems (3.3s)
✔ [529/2783] Built Aesop.Script.Main (1.4s)
✔ [530/2783] Built Aesop.Forward.Match.Types (1.1s)
✔ [531/3250] Built Mathlib.Tactic.BDSimp (1.4s)
✔ [532/3326] Built Mathlib.Tactic.Simps.Basic (11s)
✔ [533/3326] Built Mathlib.Tactic.CongrM (1.4s)
✔ [534/3326] Built Mathlib.Util.DelabNonCanonical (1.4s)
✔ [535/3559] Built Aesop.RuleTac.Descr (1.2s)
✔ [536/3790] Built Mathlib.Tactic.FunProp.Attr (1.6s)
✔ [537/3895] Built Aesop.Index.Forward (1.5s)
✔ [538/3920] Built Mathlib.Tactic.CategoryTheory.Coherence.Datatypes (2.6s)
✔ [539/4208] Built Aesop.Rule.Basic (799ms)
✔ [540/4208] Built Mathlib.Tactic.Push (5.6s)
✔ [541/4208] Built Mathlib.Tactic.Monotonicity.Basic (1.6s)
✔ [542/4208] Built Mathlib.Algebra.HierarchyDesign (1.3s)
✔ [543/4208] Built Mathlib.Tactic.CongrExclamation (6.0s)
✔ [544/4208] Built Mathlib.Data.Stream.Defs (2.1s)
✔ [545/4265] Built Mathlib.Data.Nat.NthRoot.Defs (1.2s)
✔ [546/4553] Built Mathlib.Tactic.ByCases (1.5s)
✔ [547/4633] Built Aesop.Rule (1.3s)
✔ [548/4706] Built Mathlib.Tactic.ByContra (1.9s)
✔ [549/4706] Built Mathlib.Tactic.ToFun (1.9s)
✔ [550/5203] Built Mathlib.Tactic.Contrapose (2.3s)
✔ [551/5203] Built Mathlib.Util.Superscript (3.3s)
✔ [552/5418] Built Mathlib.Tactic.WLOG (2.6s)
✔ [553/5518] Built Aesop.Tree.UnsafeQueue (1.0s)
✔ [554/5518] Built Aesop.Index (2.4s)
✔ [555/5518] Built Aesop.RuleSet.Member (1.0s)
✔ [556/5933] Built Mathlib.Logic.Function.Coequalizer (1.1s)
✔ [557/6708] Built Mathlib.Tactic.Widget.LibraryRewrite (6.4s)
✔ [558/6954] Built Aesop.Builder.Basic (982ms)
✔ [559/6954] Built Mathlib.Analysis.CStarAlgebra.ContinuousFunctionalCalculus.Note (1.0s)
✔ [560/6954] Built Qq.Match (8.4s)
✔ [561/6954] Built Aesop.Forward.Match (2.8s)
✔ [562/6954] Built Mathlib.Data.TwoPointing (1.5s)
✔ [563/6955] Built Aesop.Builder.Apply (1.1s)
✔ [564/6955] Built Mathlib.Data.Bool.AllAny (1.2s)
✔ [565/6955] Built Aesop.Builder.Unfold (1.2s)
✔ [566/6955] Built Mathlib.Tactic.Convert (4.4s)
✔ [567/6955] Built Mathlib.Data.Array.Defs (1.3s)
✔ [568/6955] Built Mathlib.Control.Lawful (1.5s)
✔ [569/6967] Built Aesop.Builder.Tactic (1.5s)
✔ [570/6977] Built Aesop.Builder.Constructors (1.1s)
✔ [571/6977] Built Aesop.Builder.NormSimp (1.3s)
✔ [572/6977] Built Qq (942ms)
✔ [573/6977] Built Aesop.Builder.Cases (1.1s)
✔ [574/6977] Built Mathlib.Data.Num.Basic (2.4s)
✔ [575/6977] Built Mathlib.Data.List.Triplewise (3.0s)
✔ [576/6977] Built Aesop.Tree.Data.ForwardRuleMatches (1.3s)
✔ [577/6977] Built Mathlib.Util.Notation3 (14s)
✔ [578/6992] Built Aesop.Builder.Forward (3.5s)
✔ [579/6992] Built Mathlib.Tactic.Says (2.3s)
✔ [580/6992] Built Mathlib.Algebra.Expr (1.4s)
✔ [581/6992] Built Mathlib.Data.List.Lookmap (1.6s)
✔ [582/7070] Built Mathlib.Util.Qq (1.5s)
✔ [583/7109] Built Mathlib.Util.SynthesizeUsing (1.4s)
✔ [584/7110] Built Aesop.Builder.Default (1.2s)
✔ [585/7110] Built Mathlib.Util.AtomM (1.8s)
✔ [586/7111] Built Mathlib.Tactic.Translate.Core (15s)
✔ [587/7111] Built Mathlib.Data.List.SplitOn (734ms)
✔ [588/7111] Built Aesop.RuleTac.Forward (3.5s)
✔ [589/7111] Built Mathlib.Data.List.Fold (1.6s)
✔ [590/7111] Built Mathlib.Data.List.ModifyLast (1.4s)
✔ [591/7123] Built Mathlib.Data.String.Lemmas (1.3s)
✔ [592/7199] Built Mathlib.Tactic.CategoryTheory.Coherence.Normalize (9.2s)
✔ [593/7199] Built Mathlib.Data.Tree.RBMap (1.2s)
✔ [594/7449] Built Mathlib.Data.Tree.Get (1.5s)
✔ [595/7450] Built Mathlib.Tactic.Simproc.ExistsAndEq (3.7s)
✔ [596/7450] Built Mathlib.Tactic.CategoryTheory.Coherence.PureCoherence (9.8s)
✔ [597/7453] Built Aesop.RuleTac (934ms)
✔ [598/7453] Built Mathlib.Deprecated.Aliases (1.2s)
✔ [599/7455] Built Mathlib.Util.AtomM.Recurse (2.1s)
✔ [600/7457] Built Mathlib.Lean.EnvExtension (1.1s)
✔ [601/7457] Built Mathlib.Lean.Expr (764ms)
✔ [602/7460] Built Mathlib.Tactic.Translate.TagUnfoldBoundary (1.0s)
✔ [603/7460] Built Mathlib.Tactic.Tauto (4.7s)
✔ [604/7460] Built Mathlib.Lean.Elab.Tactic.Basic (1.2s)
✔ [605/7513] Built Mathlib.Lean.CoreM (1.4s)
✔ [606/7558] Built Mathlib.Tactic.Translate.ToAdditive (2.0s)
✔ [607/7558] Built Mathlib.Lean.Exception (1.2s)
✔ [608/7693] Built Mathlib.Util.MemoFix (1.2s)
✔ [609/7714] Built Mathlib.Lean.LocalContext (1.1s)
✔ [610/7924] Built Mathlib.Lean.Json (1.4s)
✔ [611/8102] Built Mathlib.MeasureTheory.Measure.Typeclasses.NoAtoms (644ms)
✔ [612/8222] Built Mathlib.Lean.Thunk (1.2s)
✔ [613/8308] Built Mathlib.Lean.Meta.DiscrTree (1.4s)
✔ [614/8425] Built Mathlib.Lean.Expr.ReplaceRec (1.1s)
✔ [615/8425] Built Mathlib.Lean.MessageData.ForExprs (1.5s)
✔ [616/8440] Built Mathlib.Tactic.ToAdditive (1.3s)
✔ [617/8442] Built Mathlib.Logic.Lemmas (1.9s)
✔ [618/8443] Built Mathlib.Algebra.Notation (1.8s)
✔ [619/8443] Built Aesop.Frontend.RuleExpr (4.7s)
✔ [620/8445] Built Mathlib.Tactic.Translate.ToDual (2.5s)
✔ [621/8445] Built Mathlib.Tactic.Clean (1.3s)
✔ [622/8446] Built Mathlib.Tactic.Eval (1.2s)
✔ [623/8451] Built Mathlib.Tactic.Change (1.5s)
✔ [624/8451] Built Mathlib.Tactic.Explode.Datatypes (1.4s)
✔ [625/8451] Built Mathlib.Tactic.Ext (1.0s)
✔ [626/8452] Built Aesop.RuleSet (6.4s)
✔ [627/8452] Built Mathlib.Tactic.TFAE (5.8s)
✔ [628/8452] Built Mathlib.Algebra.Notation.Lemmas (1.6s)
✔ [629/8455] Built Mathlib.Tactic.Generalize (1.3s)
✔ [630/8471] Built Mathlib.Tactic.Linter.CommandStart (903ms)
✔ [631/8472] Built Aesop.Frontend.Extension.Init (845ms)
✔ [632/8472] Built Mathlib.Tactic.FindSyntax (2.0s)
✔ [633/8472] Built Mathlib.Tactic.Linter.DeprecatedModule (1.1s)
✔ [634/8476] Built Mathlib.Tactic.ToDual (1.4s)
✔ [635/8477] Built Mathlib.Algebra.Notation.Defs (2.7s)
✔ [636/8477] Built Mathlib.Tactic.Linter.CommandRanges (1.3s)
✔ [637/8477] Built Mathlib.Tactic.Cases (2.0s)
✔ [638/8477] Built Mathlib.Tactic.Explode.Pretty (1.4s)
✔ [639/8478] Built Mathlib.Tactic.DuplicateDecls (3.2s)
✔ [640/8478] Built Mathlib.Tactic.Have (2.2s)
✔ [641/8478] Built Mathlib.Tactic.FunProp.Core (9.5s)
✔ [642/8479] Built Mathlib.Tactic.Polyrith (1.3s)
✔ [643/8479] Built Mathlib.Tactic.ReduceModChar.Ext (1.2s)
✔ [644/8480] Built Mathlib.Tactic.Relation.Symm (1.3s)
✔ [645/8481] Built Mathlib.Order.Defs.Prop (1.3s)
✔ [646/8481] Built Aesop.Frontend.Extension (1.7s)
✔ [647/8481] Built Mathlib.Tactic.Linter.FindDeprecations (2.8s)
✔ [648/8482] Built Aesop.Forward.State (11s)
✔ [649/8482] Built Mathlib.Algebra.Regular.Defs (1.5s)
✔ [650/8483] Built Mathlib.Tactic.RewriteSearch (1.5s)
✔ [651/8484] Built Mathlib.Tactic.Recall (2.5s)
✔ [652/8484] Built Mathlib.Tactic.Replace (1.3s)
✔ [653/8484] Built Mathlib.Tactic.Linter.TextBased.UnicodeLinter (3.3s)
✔ [654/8484] Built Mathlib.Algebra.Notation.Pi.Defs (2.3s)
✔ [655/8485] Built Mathlib.Order.Defs.PartialOrder (2.7s)
✔ [656/8487] Built Aesop.Forward.State.ApplyGoalDiff (1.2s)
✔ [657/8487] Built Mathlib.Order.Notation (3.2s)
✔ [658/8488] Built Aesop.Forward.State.Initial (1.2s)
✔ [659/8488] Built Aesop.Frontend.Attribute (1.5s)
✔ [660/8488] Built Mathlib.Tactic.Explode (2.3s)
✔ [661/8488] Built Mathlib.Tactic.StacksAttribute (1.1s)
✔ [662/8488] Built Mathlib.Data.Set.Defs (3.6s)
✔ [663/8488] Built Mathlib.Tactic.TypeCheck (1.2s)
✔ [664/8488] Built Aesop.Frontend.Tactic (2.6s)
✔ [665/8488] Built Mathlib.Tactic.FunProp.Elab (2.9s)
✔ [666/8488] Built Mathlib.Tactic.ITauto (5.8s)
✔ [667/8488] Built Mathlib.Algebra.NeZero (1.5s)
✔ [668/8488] Built Aesop.BuiltinRules.Rfl (1.2s)
✔ [669/8490] Built Aesop.Frontend.Command (3.4s)
✔ [670/8490] Built Aesop.BuiltinRules.Split (1.3s)
✔ [671/8490] Built Mathlib.Order.TypeTags (1.6s)
✔ [672/8490] Built Aesop.BuiltinRules.Subst (1.6s)
✔ [673/8490] Built ProofWidgets.Component.PenroseDiagram (1.8s)
✔ [674/8490] Built Aesop.Tree.Data (3.4s)
✔ [675/8490] Built Aesop.BuiltinRules.Intros (1.2s)
✔ [676/8490] Built ProofWidgets.Presentation.Expr (2.0s)
✔ [677/8491] Built Aesop.BuiltinRules.Ext (1.6s)
✔ [678/8492] Built Mathlib.Tactic.Linter.ValidatePRTitle (3.2s)
✔ [679/8492] Built Aesop.BuiltinRules.ApplyHyps (1.4s)
✔ [680/8493] Built Aesop.BuiltinRules.DestructProducts (1.8s)
✔ [681/8493] Built Mathlib.Order.Defs.LinearOrder (2.0s)
✔ [682/8493] Built Mathlib.Data.Set.CoeSort (1.3s)
✔ [683/8493] Built Mathlib.Order.Bounds.Defs (1.4s)
✔ [684/8493] Built Mathlib.Tactic.Widget.GCongr (1.6s)
✔ [685/8494] Built Mathlib.Tactic.FunProp (1.3s)
✔ [686/8494] Built Aesop.BuiltinRules.Assumption (1.8s)
✔ [687/8494] Built Mathlib.Data.ENat.Defs (1.3s)
✔ [688/8494] Built Mathlib.Control.Functor (2.2s)
✔ [689/8495] Built Mathlib.Order.Interval.Set.Defs (2.2s)
✔ [690/8496] Built ProofWidgets.Component.HtmlDisplay (1.4s)
✔ [691/8496] Built Aesop.Tree.Traversal (1.3s)
✔ [692/8497] Built Aesop.Search.Queue.Class (1.1s)
✔ [693/8497] Built Aesop.Tree.RunMetaM (1.1s)
✔ [694/8498] Built Mathlib.Tactic.Bound.Init (1.7s)
✔ [695/8498] Built Aesop.Tree.TreeM (1.8s)
✔ [696/8498] Built Mathlib.Order.Defs.Unbundled (2.8s)
✔ [697/8498] Built Mathlib.Tactic.Linter.TextBased (5.2s)
✔ [698/8498] Built Aesop.BuiltinRules (1.1s)
✔ [699/8498] Built Mathlib.Tactic.WithoutCDot (1.9s)
✔ [700/8498] Built Mathlib.Lean.Expr.ExtraRecognizers (1.4s)
✔ [701/8500] Built Mathlib.Testing.Plausible.Testable (1.4s)
✔ [702/8500] Built Mathlib.Data.Int.Order.Basic (2.1s)
✔ [703/8500] Built Aesop.Tree.State (1.7s)
✔ [704/8500] Built Mathlib.Data.Bool.Basic (2.7s)
✔ [705/8500] Built Aesop.Search.Queue (1.6s)
✔ [706/8500] Built Mathlib.Algebra.Order.Field.Defs (1.5s)
✔ [707/8500] Built Mathlib.Control.Traversable.Basic (2.2s)
✔ [708/8500] Built Mathlib.Order.Std (2.0s)
✔ [709/8502] Built Aesop.Search.SearchM (1.7s)
✔ [710/8502] Built Aesop.Tree.Free (1.2s)
✔ [711/8518] Built Aesop.Tree.Stats (1.5s)
✔ [712/8606] Built Aesop.Forward.State.UpdateGoal (1.4s)
✔ [713/8606] Built Mathlib.Data.List.Defs (3.1s)
✔ [714/8606] Built Aesop.Tree.Tracing (3.0s)
✔ [715/8606] Built Aesop.Search.RuleSelection (1.4s)
✔ [716/8655] Built Aesop.Tree.ExtractProof (2.5s)
✔ [717/8655] Built Mathlib.Data.Ordering.Lemmas (1.9s)
✔ [718/8658] Built Aesop.Tree.ExtractScript (3.3s)
✔ [719/8658] Built Mathlib.Data.Sigma.Lex (2.0s)
✔ [720/8659] Built Mathlib.Util.AliasIn (1.9s)
✔ [721/8660] Built Mathlib.Data.List.Indexes (2.0s)
✔ [722/8708] Built Mathlib.Data.List.GetD (2.4s)
✔ [723/8713] Built Aesop.Tree.Check (3.6s)
✔ [724/8713] Built Mathlib.Data.Nat.Bits (2.6s)
✔ [725/8713] Built Mathlib.Util.AssertNoSorry (1.8s)
✔ [726/10007] Built Mathlib.Util.FormatTable (2.1s)
✔ [727/10007] Built Mathlib.Util.GetAllModules (2.1s)
✔ [729/10115] Built Mathlib.Util.LongNames (1.9s)
✔ [730/10115] Built Mathlib.Algebra.Group.Defs (11s)
✔ [731/10115] Built Mathlib.Util.Simp (1.5s)
✔ [732/10115] Built Mathlib.Logic.Relation (4.9s)
✔ [733/10115] Built Mathlib.Util.SleepHeartbeats (1.4s)
✔ [734/10115] Built Mathlib.Logic.Function.Basic (5.4s)
✔ [735/10115] Built Aesop.Tree.AddRapp (5.4s)
✔ [736/10115] Built Mathlib.Data.Nat.Size (1.5s)
✔ [737/10115] Built Mathlib.Algebra.PEmptyInstances (1.2s)
✔ [738/10115] Built Mathlib.Util.Export (3.6s)
✔ [739/10115] Built Mathlib.Algebra.Group.Commutator (1.6s)
✔ [740/10115] Built Mathlib.Algebra.Group.PUnit (1.6s)
✔ [741/10115] Built Mathlib.GroupTheory.EckmannHilton (1.8s)
✔ [742/10115] Built Mathlib.Control.Applicative (1.8s)
✔ [743/10115] Built Mathlib.Algebra.Group.MinimalAxioms (1.8s)
✔ [744/10115] Built Mathlib.Algebra.Group.Nat.Defs (1.6s)
✔ [745/10115] Built Mathlib.Algebra.BigOperators.Group.List.Defs (1.8s)
✔ [746/10115] Built Mathlib.Algebra.Group.Int.Defs (1.6s)
✔ [747/10115] Built Mathlib.Algebra.Group.Invertible.Defs (2.3s)
✔ [748/10115] Built Mathlib.Logic.IsEmpty (1.2s)
✔ [749/10115] Built Mathlib.Data.Nat.Cast.Defs (2.5s)
✔ [750/10115] Built Mathlib.Algebra.Group.Semiconj.Defs (2.3s)
✔ [751/10115] Built Mathlib.Algebra.Homology.ComplexShape (2.2s)
✔ [752/10115] Built Mathlib.Data.LawfulXor (2.0s)
✔ [753/10115] Built Mathlib.Algebra.GroupWithZero.Defs (3.1s)
✔ [754/10115] Built Mathlib.Logic.Pairwise (2.1s)
✔ [755/10115] Built Mathlib.Data.Sigma.Basic (2.3s)
✔ [756/10115] Built Mathlib.Algebra.Notation.Pi.Basic (2.6s)
✔ [757/10115] Built Aesop.Saturate (13s)
✔ [758/10115] Built Mathlib.Logic.IsEmpty.Basic (1.0s)
✔ [759/10115] Built Mathlib.Data.Tree.Traversable (1.9s)
✔ [760/10115] Built Mathlib.Logic.Unique (2.1s)
✔ [761/10115] Built Mathlib.Logic.Function.Conjugate (2.5s)
✔ [762/10115] Built Aesop.Search.Expansion.Norm (8.4s)
✔ [763/10115] Built Mathlib.Data.Subtype (2.4s)
✔ [764/10115] Built Mathlib.Data.Sum.Basic (2.9s)
✔ [765/10115] Built Mathlib.Data.Int.Cast.Defs (1.6s)
✔ [766/10115] Built Mathlib.Data.Nat.Cast.NeZero (1.6s)
✔ [767/10115] Built Mathlib.Tactic.Choose (3.9s)
✔ [768/10115] Built Mathlib.Control.Traversable.Lemmas (2.1s)
✔ [769/10115] Built Mathlib.Algebra.Homology.SpectralSequence.ComplexShape (1.9s)
✔ [770/10115] Built Mathlib.Algebra.Homology.HasNoLoop (2.2s)
✔ [771/10115] Built Mathlib.Algebra.GroupWithZero.Nat (1.5s)
✔ [772/10115] Built Mathlib.Algebra.Group.Commute.Defs (2.5s)
✔ [773/10115] Built Mathlib.Tactic.GCongr.Core (11s)
✔ [774/10115] Built Mathlib.Algebra.Group.InjSurj (5.7s)
✔ [775/10115] Built Mathlib.Algebra.GroupWithZero.NeZero (1.8s)
✔ [776/10115] Built Mathlib.Algebra.GroupWithZero.Regular (1.8s)
✔ [777/10115] Built Mathlib.Data.FunLike.Basic (1.9s)
✔ [778/10115] Built Mathlib.Logic.Function.Iterate (2.2s)
✔ [779/10115] Built Mathlib.Algebra.CharZero.Defs (1.7s)
✔ [780/10115] Built Mathlib.Tactic.Sat.FromLRAT (4.4s)
✔ [781/10115] Built Aesop.Frontend.Saturate (2.8s)
✔ [782/10115] Built Mathlib.Tactic.GCongr.CoreAttrs (1.6s)
✔ [783/10115] Built Mathlib.Data.Nat.Basic (2.4s)
✔ [784/10115] Built Mathlib.Data.Quot (4.1s)
✔ [785/10115] Built Mathlib.Data.FunLike.Embedding (1.9s)
✔ [786/10115] Built Mathlib.Data.List.Flatten (2.7s)
✔ [787/10115] Built Mathlib.Data.List.Pairwise (4.9s)
✔ [788/10115] Built Mathlib.Algebra.Group.Pi.Basic (4.8s)
✔ [789/10115] Built Aesop.Frontend (1.2s)
✔ [790/10115] Built Mathlib.Algebra.GroupWithZero.InjSurj (3.2s)
✔ [791/10115] Built Mathlib.Tactic.GCongr (1.4s)
✔ [792/10115] Built Mathlib.Data.FunLike.IsApply (3.2s)
✔ [793/10115] Built Aesop.Search.Expansion (5.9s)
✔ [794/10115] Built Mathlib.Data.Prod.Basic (2.0s)
✔ [795/10115] Built Mathlib.Data.Char (1.8s)
✔ [796/10115] Built Mathlib.Data.Int.Basic (2.3s)
✔ [797/10115] Built Mathlib.Algebra.Ring.Defs (6.3s)
✔ [798/10115] Built Mathlib.Tactic.Finiteness.Attr (1.5s)
✔ [799/10115] Built Mathlib.Data.Finset.Attr (1.4s)
✔ [800/10115] Built Mathlib.Data.FunLike.Equiv (1.8s)
✔ [801/10115] Built Mathlib.Tactic.SetLike (1.5s)
✔ [802/10115] Built Mathlib.Data.Nat.Sqrt (2.5s)
✔ [803/10115] Built Mathlib.Data.Nat.Find (2.8s)
✔ [804/10115] Built Mathlib.Tactic.DeriveTraversable (6.7s)
✔ [805/10115] Built Aesop.Search.ExpandSafePrefix (2.1s)
✔ [806/10115] Built Mathlib.Logic.Nontrivial.Basic (2.1s)
✔ [807/10115] Built Mathlib.Algebra.Ring.Semiconj (1.6s)
✔ [808/10115] Built Mathlib.Algebra.Group.Units.Defs (7.4s)
✔ [809/10115] Built Mathlib.Algebra.Ring.Nat (1.8s)
✔ [810/10115] Built Mathlib.Logic.Equiv.Pairwise (1.2s)
✔ [811/10115] Built Mathlib.Algebra.Notation.Prod (2.4s)
✔ [812/10115] Built Mathlib.Algebra.Ring.PUnit (1.7s)
✔ [813/10115] Built Mathlib.LinearAlgebra.Matrix.Determinant.Bird (2.1s)
✔ [814/10115] Built Mathlib.Algebra.Field.Defs (2.3s)
✔ [815/10115] Built Mathlib.Algebra.Group.Nat.Units (1.2s)
✔ [816/10115] Built Mathlib.RingTheory.LocalRing.Defs (1.2s)
✔ [817/10115] Built Mathlib.Order.Basic (8.7s)
✔ [818/10115] Built Mathlib.Algebra.Group.Irreducible.Defs (1.6s)
✔ [819/10115] Built Mathlib.Tactic.Nontriviality.Core (2.1s)
✔ [820/10115] Built Mathlib.Algebra.Order.Sum (1.1s)
✔ [821/10115] Built Mathlib.Tactic.Nontriviality (1.1s)
✔ [822/10115] Built Mathlib.Algebra.Order.ZeroLEOne (1.4s)
✔ [823/10115] Built Mathlib.Order.ULift (1.5s)
✔ [824/10115] Built Mathlib.Data.List.TakeWhile (1.6s)
✔ [825/10115] Built Mathlib.Data.PNat.Defs (1.7s)
✔ [826/10115] Built Mathlib.Logic.Equiv.Defs (4.5s)
✔ [827/10115] Built Mathlib.Algebra.Group.Hom.Defs (9.9s)
✔ [828/10115] Built Mathlib.Order.Synonym (1.2s)
✔ [829/10115] Built Mathlib.Testing.Plausible.Sampleable (1.4s)
✔ [830/10115] Built Mathlib.Data.PNat.Equiv (1.3s)
✔ [831/10115] Built Mathlib.Control.Monad.Basic (1.6s)
✔ [832/10115] Built Mathlib.Logic.Small.Defs (1.9s)
✔ [833/10115] Built Mathlib.Data.Erased (1.0s)
✔ [834/10115] Built Mathlib.Data.Finite.Defs (1.0s)
✔ [835/10115] Built Mathlib.Control.Traversable.Equiv (2.1s)
✔ [836/10115] Built Aesop.Search.Main (6.1s)
✔ [837/10115] Built Mathlib.Tactic.ProdAssoc (2.2s)
✔ [838/10115] Built Mathlib.Order.Lex (2.1s)
✔ [839/10115] Built Mathlib.Control.Monad.Writer (2.3s)
✔ [840/10115] Built Mathlib.Tactic.GRewrite.Core (12s)
✔ [841/10115] Built Mathlib.Algebra.Opposites (3.0s)
✔ [842/10115] Built Mathlib.Control.EquivFunctor (1.9s)
✔ [843/10115] Built Mathlib.Algebra.Group.Commute.Hom (1.8s)
✔ [844/10115] Built Mathlib.Algebra.Group.Hom.CompTypeclasses (1.8s)
✔ [845/10115] Built Mathlib.Algebra.GroupWithZero.Pi (1.9s)
✔ [846/10115] Built Mathlib.Data.Countable.Defs (1.8s)
✔ [847/10115] Built Mathlib.Logic.UnivLE (1.9s)
✔ [848/10115] Built Mathlib.Data.Opposite (1.0s)
✔ [849/10115] Built Mathlib.Order.OrderDual (2.0s)
✔ [850/10115] Built Mathlib.Data.Matrix.DMatrix (2.7s)
✔ [851/10115] Built Mathlib.Tactic.ProxyType (5.0s)
✔ [852/10115] Built Mathlib.Algebra.Group.Ext (3.2s)
✔ [853/10115] Built Aesop.Main (2.6s)
✔ [854/10115] Built Mathlib.Algebra.Regular.Opposite (1.9s)
✔ [855/10115] Built Mathlib.Data.Nat.Cast.Synonym (1.6s)
✔ [856/10115] Built Mathlib.Control.Monad.Cont (2.0s)
✔ [857/10115] Built Mathlib.Data.FunLike.Group (4.9s)
✔ [858/10115] Built Mathlib.Combinatorics.Quiver.Basic (2.3s)
✔ [859/10115] Built Aesop (1.1s)
✔ [860/10115] Built Mathlib.Order.Compare (2.3s)
✔ [861/10115] Built Mathlib.Tactic.GRewrite.Elab (4.3s)
✔ [862/10115] Built Mathlib.Topology.Sheaves.Init (1.3s)
✔ [863/10115] Built Mathlib.Tactic.ArithMult.Init (1.4s)
✔ [864/10115] Built Mathlib.Tactic.Measurability.Init (1.5s)
✔ [865/10115] Built Mathlib.Combinatorics.Matroid.Init (1.6s)
✔ [866/10115] Built Mathlib.Combinatorics.SimpleGraph.Init (1.7s)
✔ [867/10115] Built Mathlib.Order.Max (3.6s)
✔ [868/10115] Built Mathlib.Combinatorics.Quiver.Subquiver (1.9s)
✔ [869/10115] Built Mathlib.Order.RelClasses (4.2s)
✔ [870/10115] Built Mathlib.Tactic.Continuity.Init (1.3s)
✔ [871/10115] Built Mathlib.Combinatorics.Quiver.Prefunctor (2.6s)
✔ [872/10115] Built Mathlib.Data.Set.Operations (3.8s)
✔ [873/10115] Built Mathlib.Data.Sym.Sym2.Init (1.4s)
✔ [874/10115] Built Mathlib.Algebra.Group.Equiv.Defs (7.3s)
✔ [875/10115] Built Mathlib.Algebra.Ring.Ext (4.2s)
✔ [876/10115] Built Mathlib.Tactic.GRewrite (1.3s)
✔ [877/10115] Built Mathlib.CategoryTheory.Category.Init (1.6s)
✔ [878/10115] Built Mathlib.Tactic.ContinuousFunctionalCalculus (1.8s)
✔ [879/10115] Built Mathlib.Data.Option.Basic (2.4s)
✔ [880/10115] Built Mathlib.Tactic.ArithMult (1.8s)
✔ [881/10115] Built Mathlib.Algebra.Group.Action.Defs (6.9s)
✔ [882/10115] Built Mathlib.Algebra.Order.Group.Synonym (6.2s)
✔ [883/10115] Built Mathlib.Order.SetIsMax (1.6s)
✔ [884/10115] Built Mathlib.Tactic.Measurability (2.1s)
✔ [885/10115] Built Mathlib.Tactic.Continuity (1.7s)
✔ [886/10115] Built Mathlib.Combinatorics.Quiver.Push (1.8s)
✔ [887/10115] Built Mathlib.Data.Set.Opposite (1.8s)
✔ [888/10115] Built Mathlib.Tactic.Bound.Attribute (3.4s)
✔ [889/10115] Built Mathlib.Data.Set.Notation (1.9s)
✔ [890/10115] Built Mathlib.Dynamics.FixedPoints.Defs (1.6s)
✔ [891/10115] Built Mathlib.Algebra.EuclideanDomain.Defs (3.2s)
✔ [892/10115] Built Mathlib.Algebra.Group.Pi.Units (2.1s)
✔ [893/10115] Built Mathlib.Combinatorics.Quiver.Path (3.3s)
✔ [894/10115] Built Mathlib.GroupTheory.GroupAction.IterateAct (1.8s)
✔ [895/10115] Built Mathlib.Algebra.Order.Group.Equiv (1.9s)
✔ [896/10115] Built Mathlib.Order.BoundedOrder.Basic (4.8s)
✔ [897/10115] Built Mathlib.Algebra.Order.Group.Action.Synonym (2.2s)
✔ [898/10115] Built Mathlib.Logic.Equiv.Option (3.0s)
✔ [899/10115] Built Mathlib.Algebra.Group.ULift (3.7s)
✔ [900/10115] Built Mathlib.Algebra.Group.Action.Faithful (2.8s)
✔ [901/10115] Built Mathlib.Algebra.Order.GroupWithZero.Synonym (2.4s)
✔ [902/10115] Built Mathlib.Algebra.Torsor.Defs (3.5s)
✔ [903/10115] Built Mathlib.Order.Monotone.Defs (4.6s)
✔ [904/10115] Built Mathlib.Combinatorics.Quiver.Cast (2.1s)
✔ [905/10115] Built Mathlib.Algebra.Order.Ring.Synonym (3.1s)
✔ [906/10115] Built Mathlib.Order.Nat (1.8s)
✔ [907/10115] Built Mathlib.Combinatorics.Quiver.Symmetric (2.8s)
✔ [908/10115] Built Mathlib.Data.SubtypeNeLift (1.7s)
✔ [909/10115] Built Mathlib.Algebra.AddTorsor.Defs (1.2s)
✔ [910/10115] Built Mathlib.Algebra.GroupWithZero.ULift (1.7s)
✔ [911/10115] Built Mathlib.Algebra.Group.Action.Option (1.8s)
✔ [912/10115] Built Mathlib.Algebra.GroupWithZero.Action.Faithful (1.4s)
✔ [913/10115] Built Mathlib.Algebra.Group.Action.Sigma (1.9s)
✔ [914/10115] Built Mathlib.LinearAlgebra.AffineSpace.Defs (1.4s)
✔ [915/10115] Built Mathlib.Algebra.Group.Action.Sum (1.0s)
✔ [916/10115] Built Mathlib.Tactic.ClickSuggestions.Util (6.0s)
✔ [917/10115] Built Mathlib.Combinatorics.Quiver.SingleObj (1.5s)
✔ [918/10115] Built Mathlib.Combinatorics.Quiver.ConnectedComponent (1.6s)
✔ [919/10115] Built Mathlib.Tactic.ClickSuggestions.Unfold (1.4s)
✔ [920/10115] Built Mathlib.Tactic.ClickSuggestions.SectionState (1.5s)
✔ [921/10115] Built Mathlib.Order.SetNotation (8.0s)
✔ [922/10115] Built Mathlib.Order.Monotone.Basic (3.4s)
✔ [923/10115] Built Mathlib.Logic.Equiv.Prod (19s)
✔ [924/10115] Built Mathlib.Order.BoundedOrder.Monotone (1.7s)
✔ [925/10115] Built Mathlib.Tactic.ClickSuggestions.Apply (1.9s)
✔ [926/10115] Built Mathlib.Tactic.ClickSuggestions.ApplyAt (1.9s)
✔ [927/10115] Built Mathlib.Algebra.Group.Basic (12s)
✔ [928/10115] Built Mathlib.Topology.Defs.Basic (2.5s)
✔ [929/10115] Built Mathlib.Order.Iterate (2.3s)
✔ [930/10115] Built Mathlib.Tactic.ClickSuggestions.Rewrite (3.2s)
✔ [931/10115] Built Mathlib.Order.GaloisConnection.Defs (3.2s)
✔ [932/10115] Built Mathlib.Tactic.ClickSuggestions.GRewrite (4.1s)
✔ [933/10115] Built Mathlib.Data.Nat.Log (3.9s)
✔ [934/10115] Built Mathlib.Data.Int.Cast.Basic (2.2s)
✔ [935/10115] Built Mathlib.Data.Nat.PSub (2.1s)
✔ [936/10115] Built Mathlib.Algebra.Group.Semiconj.Basic (2.2s)
✔ [937/10115] Built Mathlib.Algebra.Ring.Regular (2.3s)
✔ [938/10115] Built Mathlib.Algebra.Ring.MinimalAxioms (2.4s)
✔ [939/10115] Built Mathlib.Algebra.Group.Int.Units (2.5s)
✔ [940/10115] Built Mathlib.Algebra.Group.Idempotent (2.5s)
✔ [941/10115] Built Mathlib.Algebra.Group.Action.Units (2.9s)
✔ [942/10115] Built Mathlib.Logic.Equiv.Sum (3.6s)
✔ [943/10115] Built Mathlib.Tactic.MoveAdd (4.1s)
✔ [944/10115] Built Mathlib.Algebra.Regular.Basic (3.5s)
✔ [945/10115] Built Mathlib.Topology.ContinuousMap.Defs (2.4s)
✔ [946/10115] Built Mathlib.Algebra.Order.Monoid.Unbundled.Defs (3.8s)
✔ [947/10115] Built Mathlib.Algebra.Group.Torsion (2.7s)
✔ [948/10115] Built Mathlib.Algebra.Ring.GrindInstances (2.7s)
✔ [949/10115] Built Mathlib.Algebra.Ring.Int.Defs (2.8s)
✔ [950/10115] Built Mathlib.Algebra.GroupWithZero.Basic (4.1s)
✔ [951/10115] Built Mathlib.Tactic.Zify (2.8s)
✔ [952/10115] Built Mathlib.Algebra.GroupWithZero.Idempotent (1.9s)
✔ [953/10115] Built Mathlib.Tactic.ClickSuggestions.FindPremises (4.3s)
✔ [954/10115] Built Mathlib.Algebra.Field.MinimalAxioms (2.6s)
✔ [955/10115] Built Mathlib.Algebra.Order.Monoid.Unbundled.OrderDual (2.1s)
✔ [956/10115] Built Mathlib.Algebra.Group.Commute.Basic (2.9s)
✔ [957/10115] Built Mathlib.Algebra.Group.Hom.Basic (5.4s)
✔ [958/10115] Built Mathlib.Data.Ordmap.Ordnode (6.2s)
✔ [959/10115] Built Mathlib.Order.Lattice (11s)
✔ [960/10115] Built Mathlib.Algebra.Group.Units.Basic (7.2s)
✔ [961/10115] Built Mathlib.Data.Int.Cast.Field (2.4s)
✔ [962/10115] Built Mathlib.Algebra.Order.GroupWithZero.Defs (4.8s)
✔ [963/10115] Built Mathlib.Algebra.Group.ModEq (4.4s)
✔ [964/10115] Built Mathlib.Algebra.Ring.Idempotent (3.4s)
✔ [965/10115] Built Mathlib.Algebra.Free (10s)
✔ [966/10115] Built Mathlib.Algebra.Homology.Embedding.Basic (4.0s)
✔ [967/10115] Built Mathlib.Algebra.Group.TypeTags.Basic (5.1s)
✔ [968/10115] Built Mathlib.Algebra.Group.Opposite (5.1s)
✔ [969/10115] Built Mathlib.Order.BoundedOrder.Lattice (2.8s)
✔ [970/10115] Built Mathlib.Algebra.GroupWithZero.Hom (4.2s)
✔ [971/10115] Built Mathlib.Algebra.Ring.InjSurj (9.6s)
✔ [972/10115] Built Mathlib.Tactic.ClickSuggestions.TryPremises (5.4s)
✔ [973/10115] Built Mathlib.Data.PSigma.Order (3.8s)
✔ [974/10115] Built Mathlib.Data.Sigma.Order (4.1s)
✔ [975/10115] Built Mathlib.Logic.Equiv.Basic (8.3s)
✔ [976/10115] Built Mathlib.Algebra.Order.GroupWithZero.Unbundled.Defs (1.5s)
✔ [977/10115] Built Mathlib.Algebra.Group.Semiconj.Units (2.4s)
✔ [978/10115] Built Mathlib.Order.Monotone.Monovary (3.1s)
✔ [979/10115] Built Mathlib.Algebra.GroupWithZero.Opposite (2.3s)
✔ [980/10115] Built Mathlib.Algebra.Group.Units.Opposite (2.5s)
✔ [981/10115] Built Mathlib.Algebra.Group.Action.TypeTags (1.8s)
✔ [982/10115] Built Mathlib.Algebra.Group.Int.TypeTags (1.8s)
✔ [983/10115] Built Mathlib.Algebra.Group.Hom.Instances (7.5s)
✔ [984/10115] Built Mathlib.Order.MinMax (4.6s)
✔ [985/10115] Built Mathlib.Algebra.Group.Nat.TypeTags (2.0s)
✔ [986/10115] Built Mathlib.Algebra.Group.Units.Hom (5.1s)
✔ [987/10115] Built Mathlib.Algebra.GroupWithZero.Units.Basic (4.8s)
✔ [988/10115] Built Mathlib.Algebra.Group.TypeTags.Hom (3.1s)
✔ [989/10115] Built Mathlib.Algebra.Group.Action.Opposite (4.1s)
✔ [990/10115] Built Mathlib.Algebra.Order.IsBotOne (2.7s)
✔ [991/10115] Built Mathlib.Algebra.GroupWithZero.Equiv (1.7s)
✔ [992/10115] Built Mathlib.Tactic.Order.CollectFacts (7.4s)
✔ [993/10115] Built Mathlib.Data.Prod.Lex (6.3s)
✔ [994/10115] Built Mathlib.Data.Int.NatAbs (1.9s)
✔ [995/10115] Built Mathlib.Algebra.Ring.Hom.InjSurj (1.7s)
✔ [996/10115] Built Mathlib.Logic.Equiv.Bool (1.7s)
✔ [997/10115] Built Mathlib.Data.ULift (1.8s)
✔ [998/10115] Built Mathlib.Tactic.ClickSuggestions (2.0s)
✔ [999/10115] Built Mathlib.Data.List.SplitLengths (1.0s)
✔ [1000/10115] Built Mathlib.Algebra.Group.Action.Pretransitive (2.3s)
✔ [1001/10115] Built Mathlib.Algebra.Group.Hom.End (2.3s)
✔ [1002/10115] Built Mathlib.Algebra.GroupWithZero.Semiconj (2.3s)
✔ [1003/10115] Built Mathlib.Logic.Embedding.Basic (3.8s)
✔ [1004/10115] Built Mathlib.Algebra.EuclideanDomain.Field (2.6s)
✔ [1005/10115] Built Mathlib.Algebra.Group.Commute.Units (3.3s)
✔ [1006/10115] Built Mathlib.Order.Disjoint (6.1s)
✔ [1007/10115] Built Mathlib.Algebra.Group.Nat.Hom (2.8s)
✔ [1008/10115] Built Mathlib.Algebra.Ring.Basic (3.7s)
✔ [1009/10115] Built Mathlib.Algebra.Group.Equiv.Basic (4.9s)
✔ [1010/10115] Built Mathlib.Tactic.Order.Graph.Basic (2.0s)
✔ [1011/10115] Built Mathlib.Algebra.Group.Embedding (1.8s)
✔ [1012/10115] Built Mathlib.Algebra.Group.Equiv.TypeTags (4.2s)
✔ [1013/10115] Built Mathlib.Tactic.Order.Preprocessing (2.0s)
✔ [1014/10115] Built Mathlib.Tactic.Common (2.6s)
✔ [1015/10115] Built Mathlib.Algebra.Group.Action.Hom (2.8s)
✔ [1016/10115] Built Mathlib.Algebra.GroupWithZero.Commute (2.5s)
✔ [1017/10115] Built Mathlib.SetTheory.Cardinal.Defs (3.3s)
✔ [1018/10115] Built Mathlib.Tactic.Order.ToInt (4.2s)
✔ [1019/10115] Built Mathlib.Order.PropInstances (2.4s)
✔ [1020/10115] Built Mathlib.Algebra.Group.Invertible.Basic (2.9s)
✔ [1021/10115] Built Mathlib.Algebra.GroupWithZero.Action.Defs (5.1s)
✔ [1022/10115] Built Mathlib.Tactic.Order.Graph.Tarjan (2.3s)
✔ [1023/10115] Built Mathlib.CategoryTheory.Category.Grpd (1.0s)
✔ [1024/10115] Built Mathlib.CategoryTheory.ConcreteCategory.UnbundledHom (1.9s)
✔ [1025/10115] Built Mathlib.CategoryTheory.ConcreteCategory.BundledHom (2.1s)
✔ [1026/10115] Built Mathlib.Algebra.Group.Units.Equiv (4.1s)
✔ [1027/10115] Built Mathlib.Algebra.Divisibility.Basic (3.4s)
✔ [1028/10115] Built Mathlib.Combinatorics.Quiver.Covering (3.7s)
✔ [1029/10115] Built Mathlib.CategoryTheory.Limits.Shapes.Pullback.CommSq (2.3s)
✔ [1030/10115] Built Mathlib.Algebra.Group.WithOne.Defs (3.9s)
✔ [1031/10115] Built Mathlib.Algebra.Group.Prod (9.9s)
✔ [1032/10115] Built Mathlib.Algebra.Group.Equiv.Opposite (5.5s)
✔ [1033/10115] Built Mathlib.Data.Int.Sqrt (1.0s)
✔ [1034/10115] Built Mathlib.Data.Fin.Basic (5.3s)
✔ [1035/10115] Built Mathlib.Order.RelIso.Basic (7.6s)
✔ [1036/10115] Built Mathlib.Data.Matrix.Auto (2.2s)
✔ [1037/10115] Built Mathlib.Algebra.Ring.Hom.Defs (6.0s)
✔ [1038/10115] Built Mathlib.Data.Rat.Defs (3.7s)
✔ [1039/10115] Built Mathlib.Algebra.Field.IsField (3.4s)
✔ [1040/10115] Built Mathlib.Data.List.ProdSigma (3.3s)
✔ [1041/10115] Built Mathlib.CategoryTheory.Category.Basic (7.4s)
✔ [1042/10115] Built Mathlib.Data.List.ChainOfFn (2.6s)
✔ [1043/10115] Built Mathlib.Algebra.NoZeroSMulDivisors.Prod (2.5s)
✔ [1044/10115] Built Mathlib.Data.Vector.Defs (4.1s)
✔ [1045/10115] Built Mathlib.Algebra.ModEq (2.9s)
✔ [1046/10115] Built Mathlib.Data.List.Map2 (3.9s)
✔ [1047/10115] Built Mathlib.Algebra.Order.Monoid.Unbundled.Basic (12s)
✔ [1048/10115] Built Mathlib.Control.Bifunctor (3.9s)
✔ [1049/10115] Built Mathlib.Algebra.GroupWithZero.Int (2.9s)
✔ [1050/10115] Built Mathlib.Data.Stream.Init (5.5s)
✔ [1051/10115] Built Mathlib.Data.Nat.Factorial.Basic (6.3s)
✔ [1052/10115] Built Mathlib.Data.List.InsertIdx (3.0s)
✔ [1053/10115] Built Mathlib.Algebra.Quotient (2.5s)
✔ [1054/10115] Built Mathlib.Data.List.Count (2.9s)
✔ [1055/10115] Built Mathlib.Algebra.GroupWithZero.Invertible (2.2s)
✔ [1056/10115] Built Mathlib.Algebra.GroupWithZero.Units.Lemmas (2.7s)
✔ [1057/10115] Built Mathlib.Algebra.GroupWithZero.Action.Opposite (2.2s)
✔ [1058/10115] Built Mathlib.Algebra.GroupWithZero.Action.Units (2.1s)
✔ [1059/10115] Built Mathlib.Algebra.Ring.Action.Rat (2.3s)
✔ [1060/10115] Built Mathlib.Data.List.Induction (4.5s)
✔ [1061/10115] Built Mathlib.Data.List.TakeDrop (8.1s)
✔ [1062/10115] Built Mathlib.GroupTheory.GroupAction.Ring (2.2s)
✔ [1063/10115] Built Mathlib.Algebra.Group.Action.Basic (4.0s)
✔ [1064/10115] Built Mathlib.Algebra.Regular.SMul (3.3s)
✔ [1065/10115] Built Mathlib.Algebra.Order.GroupWithZero.Action.Synonym (3.1s)
✔ [1066/10115] Built Mathlib.Algebra.GroupWithZero.Action.Hom (2.0s)
✔ [1067/10115] Built Mathlib.Algebra.GroupWithZero.Units.Equiv (2.8s)
✔ [1068/10115] Built Mathlib.Order.WithBot (25s)
✔ [1069/10115] Built Mathlib.Algebra.Module.Defs (3.3s)
✔ [1070/10115] Built Mathlib.Algebra.Divisibility.Hom (2.2s)
✔ [1071/10115] Built Mathlib.Algebra.Divisibility.Units (3.6s)
✔ [1072/10115] Built Mathlib.Data.Set.Basic (6.3s)
✔ [1073/10115] Built Mathlib.Combinatorics.Quiver.Schreier (2.8s)
✔ [1074/10115] Built Mathlib.Data.Int.GCD (4.3s)
✔ [1075/10115] Built Mathlib.Algebra.Group.WithOne.Map (2.7s)
✔ [1076/10115] Built Mathlib.Algebra.Divisibility.Prod (2.6s)
✔ [1077/10115] Built Mathlib.Data.Nat.Cast.Prod (2.2s)
✔ [1078/10115] Built Mathlib.Data.List.Basic (12s)
✔ [1079/10115] Built Mathlib.Tactic.Order (5.6s)
✔ [1080/10115] Built Mathlib.Algebra.Ring.Int.Field (2.1s)
✔ [1081/10115] Built Mathlib.Algebra.Group.Action.Prod (3.7s)
✔ [1082/10115] Built Mathlib.Algebra.Ring.Units (2.9s)
✔ [1083/10115] Built Mathlib.Algebra.Group.WithOne.Basic (5.0s)
✔ [1084/10115] Built Mathlib.Algebra.Field.Equiv (2.7s)
✔ [1085/10115] Built Mathlib.Tactic.Widget.CommDiag (2.6s)
✔ [1086/10115] Built Mathlib.Algebra.Group.Even (4.5s)
✔ [1087/10115] Built Mathlib.Order.Heyting.Basic (10s)
✔ [1088/10115] Built Mathlib.Tactic.CategoryTheory.CheckCompositions (2.8s)
✔ [1089/10115] Built Mathlib.Algebra.GroupWithZero.WithZero (6.4s)
✔ [1090/10115] Built Mathlib.Algebra.Ring.Rat (2.0s)
✔ [1091/10115] Built Mathlib.CategoryTheory.Category.KleisliCat (2.3s)
✔ [1092/10115] Built Mathlib.Tactic.CategoryTheory.Coherence.Basic (3.3s)
✔ [1093/10115] Built Mathlib.Tactic.CategoryTheory.Slice (3.0s)
✔ [1094/10115] Built Mathlib.Algebra.Order.Monoid.Unbundled.Units (2.3s)
✔ [1095/10115] Built Mathlib.Algebra.Ring.Opposite (5.0s)
✔ [1096/10115] Built Mathlib.Algebra.Order.Monoid.NatCast (2.2s)
✔ [1097/10115] Built Mathlib.Algebra.Order.Sub.Defs (3.3s)
✔ [1098/10115] Built Mathlib.CategoryTheory.Functor.Basic (3.8s)
✔ [1099/10115] Built Mathlib.Control.Bitraversable.Basic (2.2s)
✔ [1100/10115] Built Mathlib.Algebra.Order.Monoid.Defs (3.2s)
✔ [1101/10115] Built Mathlib.Logic.Equiv.Functor (2.3s)
✔ [1102/10115] Built Mathlib.Algebra.Order.Monoid.Unbundled.ExistsOfLE (2.6s)
✔ [1103/10115] Built Mathlib.Algebra.Order.Monoid.Unbundled.MinMax (3.1s)
✔ [1104/10115] Built Mathlib.Algebra.GroupWithZero.Action.End (2.5s)
✔ [1105/10115] Built Mathlib.Data.List.Palindrome (2.4s)
✔ [1106/10115] Built Mathlib.Algebra.Regular.Pi (2.0s)
✔ [1107/10115] Built Mathlib.Algebra.Module.MinimalAxioms (2.0s)
✔ [1108/10115] Built Mathlib.Algebra.Regular.Prod (2.5s)
✔ [1109/10115] Built Mathlib.Algebra.Ring.Invertible (3.8s)
✔ [1110/10115] Built Mathlib.Order.WithBotTop (2.5s)
✔ [1111/10115] Built Mathlib.Algebra.Regular.ULift (2.6s)
✔ [1112/10115] Built Mathlib.Algebra.Order.Monoid.Unbundled.Pow (5.8s)
✔ [1113/10115] Built Mathlib.Data.Nat.Choose.Basic (5.0s)
✔ [1114/10115] Built Mathlib.Algebra.Order.Module.Synonym (2.8s)
✔ [1115/10115] Built Mathlib.Algebra.GroupWithZero.Divisibility (3.3s)
✔ [1116/10115] Built Mathlib.Algebra.Ring.Divisibility.Basic (3.9s)
✔ [1117/10115] Built Mathlib.Data.Nat.Order.Lemmas (2.3s)
✔ [1118/10115] Built Mathlib.InformationTheory.Coding.UniquelyDecodable (2.2s)
✔ [1119/10115] Built Mathlib.Data.Seq.Computation (6.9s)
✔ [1120/10115] Built Mathlib.Tactic.NormNum.Result (6.4s)
✔ [1121/10115] Built Mathlib.Data.Set.Inclusion (2.4s)
✔ [1122/10115] Built Mathlib.Data.Bundle (3.1s)
✔ [1123/10115] Built Mathlib.Data.Set.Order (3.1s)
✔ [1124/10115] Built Mathlib.Data.SetLike.Basic (3.3s)
✔ [1125/10115] Built Mathlib.Data.Int.Cast.Prod (2.7s)
✔ [1126/10115] Built Mathlib.Data.Set.Disjoint (2.9s)
✔ [1127/10115] Built Mathlib.Order.Hom.Basic (13s)
✔ [1128/10115] Built Mathlib.Data.PEquiv (4.5s)
✔ [1129/10115] Built Mathlib.Data.List.Enum (2.4s)
✔ [1130/10115] Built Mathlib.Data.List.Infix (3.5s)
✔ [1131/10115] Built Mathlib.Data.List.DropRight (3.4s)
✔ [1132/10115] Built Mathlib.Data.List.ReduceOption (3.3s)
✔ [1133/10115] Built Mathlib.Algebra.Ring.Int.Units (2.5s)
✔ [1134/10115] Built Mathlib.Data.List.Lex (3.6s)
✔ [1135/10115] Built Mathlib.Algebra.Ring.Commute (3.8s)
✔ [1136/10115] Built Mathlib.Order.Circular (4.1s)
✔ [1137/10115] Built Mathlib.Data.List.Forall2 (4.4s)
✔ [1138/10115] Built Mathlib.Data.List.MinMax (5.3s)
✔ [1139/10115] Built Mathlib.Algebra.Group.Irreducible.Lemmas (3.6s)
✔ [1140/10115] Built Mathlib.Data.Nat.Cast.Basic (3.8s)
✔ [1141/10115] Built Mathlib.Algebra.Module.Opposite (2.1s)
✔ [1142/10115] Built Mathlib.Order.BooleanAlgebra.Defs (3.4s)
✔ [1143/10115] Built Mathlib.Algebra.Group.End (9.7s)
✔ [1144/10115] Built Mathlib.Algebra.GroupWithZero.Prod (3.1s)
✔ [1145/10115] Built Mathlib.Algebra.Group.Nat.Even (3.8s)
✔ [1146/10115] Built Mathlib.Algebra.Ring.WithZero (3.2s)
✔ [1147/10115] Built Mathlib.Algebra.GroupWithZero.ProdHom (3.8s)
✔ [1148/10115] Built Mathlib.Data.List.Lattice (6.1s)
✔ [1149/10115] Built Mathlib.CategoryTheory.Functor.Functorial (2.0s)
✔ [1150/10115] Built Mathlib.Algebra.Order.Sub.Prod (1.7s)
✔ [1151/10115] Built Mathlib.Algebra.Order.Group.Int (1.4s)
✔ [1152/10115] Built Mathlib.Control.Bitraversable.Lemmas (2.2s)
✔ [1153/10115] Built Mathlib.Tactic.CategoryTheory.Reassoc (2.7s)
✔ [1154/10115] Built Mathlib.Algebra.Order.Monoid.OrderDual (1.8s)
✔ [1155/10115] Built Mathlib.Algebra.FreeMonoid.Basic (8.2s)
✔ [1156/10115] Built Mathlib.Algebra.Order.Group.Opposite (2.4s)
✔ [1157/10115] Built Mathlib.Algebra.Order.AddTorsor (2.4s)
✔ [1158/10115] Built Mathlib.Control.ULiftable (2.5s)
✔ [1159/10115] Built Mathlib.Algebra.Order.Monoid.Unbundled.TypeTags (2.5s)
✔ [1160/10115] Built Mathlib.Algebra.Order.Monoid.Canonical.Defs (3.1s)
✔ [1161/10115] Built Mathlib.Algebra.Order.Sub.Unbundled.Basic (2.9s)
✔ [1162/10115] Built Mathlib.Algebra.GroupWithZero.Action.Prod (2.7s)
✔ [1163/10115] Built Mathlib.Algebra.Ring.Action.Basic (2.6s)
✔ [1164/10115] Built Mathlib.Algebra.Module.RingHom (2.6s)
✔ [1165/10115] Built Mathlib.Algebra.Prime.Defs (2.9s)
✔ [1166/10115] Built Mathlib.Data.FunLike.Graded (2.4s)
✔ [1167/10115] Built Mathlib.Order.Prod.Lex.Hom (1.9s)
✔ [1168/10115] Built Mathlib.Algebra.Group.Center (14s)
✔ [1169/10115] Built Mathlib.Algebra.Order.Monoid.Basic (2.9s)
✔ [1170/10115] Built Mathlib.Data.Nat.GCD.Basic (4.6s)
✔ [1171/10115] Built Mathlib.Algebra.Order.Group.End (2.9s)
✔ [1172/10115] Built Mathlib.Algebra.Group.Subsemigroup.Defs (4.8s)
✔ [1173/10115] Built Mathlib.Data.Seq.Defs (4.0s)
✔ [1174/10115] Built Mathlib.Order.Types.Defs (3.8s)
✔ [1175/10115] Built Mathlib.Tactic.NormNum.Core (6.4s)
✔ [1176/10115] Built Mathlib.Order.Antisymmetrization (4.8s)
✔ [1177/10115] Built Mathlib.Algebra.Ring.Torsion (2.3s)
✔ [1178/10115] Built Mathlib.Data.Set.Insert (6.5s)
✔ [1179/10115] Built Mathlib.Algebra.Order.Monoid.Units (3.1s)
✔ [1180/10115] Built Mathlib.Data.Nat.Cast.Commute (2.9s)
✔ [1181/10115] Built Mathlib.Algebra.Order.Group.Unbundled.Basic (10s)
✔ [1182/10115] Built Mathlib.Data.List.Sections (2.6s)
✔ [1183/10115] Built Mathlib.Tactic.ApplyFun (4.5s)
✔ [1184/10115] Built Mathlib.Data.List.Zip (3.6s)
✔ [1185/10115] Built Mathlib.Algebra.CharZero.AddMonoidHom (2.5s)
✔ [1186/10115] Built Mathlib.Data.Nat.Factorial.Cast (2.6s)
✔ [1187/10115] Built Mathlib.Data.List.Perm.Basic (5.2s)
✔ [1188/10115] Built Mathlib.Data.Nat.Cast.Field (3.2s)
✔ [1189/10115] Built Mathlib.Algebra.Order.Monoid.Unbundled.WithTop (11s)
✔ [1190/10115] Built Mathlib.Algebra.Group.NatPowAssoc (3.4s)
✔ [1191/10115] Built Mathlib.Order.Hom.Lattice (8.3s)
✔ [1192/10115] Built Mathlib.Order.Hom.Bounded (8.2s)
✔ [1193/10115] Built Mathlib.Data.Nat.Cast.Order.Basic (4.0s)
✔ [1194/10115] Built Mathlib.Data.List.Chain (5.8s)
✔ [1195/10115] Built Mathlib.Data.Sum.Order (10s)
✔ [1196/10115] Built Mathlib.Algebra.Field.Basic (7.7s)
✔ [1197/10115] Built Mathlib.Data.List.Nodup (5.0s)
✔ [1198/10115] Built Mathlib.Algebra.Order.Ring.Idempotent (5.6s)
✔ [1199/10115] Built Mathlib.Data.List.Intervals (3.1s)
✔ [1200/10115] Built Mathlib.Algebra.Order.Monoid.TypeTags (2.1s)
✔ [1201/10115] Built Mathlib.Algebra.Group.Action.End (3.0s)
✔ [1202/10115] Built Mathlib.CategoryTheory.NatTrans (3.2s)
✔ [1203/10115] Built Mathlib.Algebra.FreeMonoid.Count (2.8s)
✔ [1204/10115] Built Mathlib.Control.Bitraversable.Instances (3.3s)
✔ [1205/10115] Built Mathlib.Algebra.Group.Int.Even (3.0s)
✔ [1206/10115] Built Mathlib.Algebra.Order.Group.Nat (1.0s)
✔ [1207/10115] Built Mathlib.Algebra.Order.Monoid.Prod (2.6s)
✔ [1208/10115] Built Mathlib.Algebra.Module.Prod (2.2s)
✔ [1209/10115] Built Mathlib.Algebra.Order.Sub.Unbundled.Hom (2.3s)
✔ [1210/10115] Built Mathlib.Algebra.Group.Conj (5.2s)
✔ [1211/10115] Built Mathlib.Order.BooleanAlgebra.Basic (7.1s)
✔ [1212/10115] Built Mathlib.Algebra.Module.PUnit (2.1s)
✔ [1213/10115] Built Mathlib.Algebra.Ring.Action.Field (1.8s)
✔ [1214/10115] Built Mathlib.Algebra.Order.Sub.Basic (2.9s)
✔ [1215/10115] Built Mathlib.Algebra.Ring.Centralizer (1.9s)
✔ [1216/10115] Built Mathlib.Algebra.GroupWithZero.Center (2.0s)
✔ [1217/10115] Built Mathlib.Algebra.Order.Group.Action.End (1.9s)
✔ [1218/10115] Built Mathlib.GroupTheory.Subsemigroup.Center (2.5s)
✔ [1219/10115] Built Mathlib.Algebra.Order.Group.Units (2.4s)
✔ [1220/10115] Built Mathlib.Algebra.Prime.Lemmas (3.3s)
✔ [1221/10115] Built Mathlib.Algebra.ContinuedFractions.Basic (2.8s)
✔ [1222/10115] Built Mathlib.Data.Bool.Set (1.9s)
✔ [1223/10115] Built Mathlib.Data.Nat.Prime.Defs (3.8s)
✔ [1224/10115] Built Mathlib.Logic.Function.FiberPartition (2.4s)
✔ [1225/10115] Built Mathlib.CategoryTheory.Iso (7.1s)
✔ [1226/10115] Built Mathlib.Order.Comparable (3.6s)
✔ [1227/10115] Built Mathlib.Data.Set.Enumerate (3.1s)
✔ [1228/10115] Built Mathlib.Data.Int.Range (2.0s)
✔ [1229/10115] Built Mathlib.Algebra.Order.Group.OrderIso (3.3s)
✔ [1230/10115] Built Mathlib.Data.Set.Subsingleton (3.7s)
✔ [1231/10115] Built Mathlib.Algebra.FreeMonoid.FreeSemigroup (4.2s)
✔ [1232/10115] Built Mathlib.Data.Nat.Cast.WithTop (1.7s)
✔ [1233/10115] Built Mathlib.Algebra.Order.Group.Basic (3.0s)
✔ [1234/10115] Built Mathlib.Algebra.Order.Group.Defs (3.0s)
✔ [1235/10115] Built Mathlib.Algebra.Order.Sub.WithTop (2.3s)
✔ [1236/10115] Built Mathlib.Data.Nat.Choose.Cast (2.8s)
✔ [1237/10115] Built Mathlib.Data.List.Perm.Subperm (2.9s)
✔ [1238/10115] Built Mathlib.Algebra.Group.Submonoid.Defs (5.0s)
✔ [1239/10115] Built Mathlib.Algebra.Order.Monoid.WithTop (2.3s)
✔ [1240/10115] Built Mathlib.Data.List.Range (2.5s)
✔ [1241/10115] Built Mathlib.Computability.TuringMachine.Tape (4.8s)
✔ [1242/10115] Built Mathlib.Algebra.Field.ModEq (2.4s)
✔ [1243/10115] Built Mathlib.Data.List.SplitBy (3.6s)
✔ [1244/10115] Built Mathlib.Data.List.NatAntidiagonal (2.0s)
✔ [1245/10115] Built Mathlib.Data.Sum.Lattice (4.3s)
✔ [1246/10115] Built Mathlib.Data.List.Perm.Lattice (3.5s)
✔ [1247/10115] Built Mathlib.Data.List.Duplicate (3.2s)
✔ [1248/10115] Built Mathlib.Data.List.Dedup (3.7s)
✔ [1249/10115] Built Mathlib.Data.List.Sigma (5.3s)
✔ [1250/10115] Built Mathlib.Algebra.GroupWithZero.Action.Basic (3.9s)
✔ [1251/10115] Built Mathlib.Data.List.Rotate (5.4s)
✔ [1252/10115] Built Mathlib.Data.List.OffDiag (5.9s)
✔ [1253/10115] Built Mathlib.Data.List.Iterate (2.7s)
✔ [1254/10115] Built Mathlib.Combinatorics.Quiver.Path.Decomposition (3.1s)
✔ [1255/10115] Built Mathlib.Algebra.GroupWithZero.Conj (3.1s)
✔ [1256/10115] Built Mathlib.Combinatorics.Quiver.Path.Vertices (4.3s)
✔ [1257/10115] Built Mathlib.Algebra.BigOperators.Group.List.Basic (10s)
✔ [1258/10115] Built Mathlib.Data.Nat.Upto (2.2s)
✔ [1259/10115] Built Mathlib.Data.Nat.GCD.Prime (2.1s)
✔ [1260/10115] Built Mathlib.Algebra.Order.Hom.Monoid (12s)
✔ [1261/10115] Built Mathlib.Order.Heyting.Boundary (3.4s)
✔ [1262/10115] Built Mathlib.Tactic.NormNum.Basic (13s)
✔ [1263/10115] Built Mathlib.Data.String.Basic (6.9s)
✔ [1264/10115] Built Mathlib.Algebra.Ring.Parity (7.5s)
✔ [1265/10115] Built Mathlib.SetTheory.Lists (8.5s)
✔ [1266/10115] Built Mathlib.CategoryTheory.ObjectProperty.Basic (3.7s)
✔ [1267/10115] Built Mathlib.Order.SymmDiff (5.6s)
✔ [1268/10115] Built Mathlib.Tactic.CategoryTheory.IsoReassoc (2.9s)
✔ [1269/10115] Built Mathlib.Order.Booleanisation (6.2s)
✔ [1270/10115] Built Mathlib.Data.Int.LeastGreatest (2.8s)
✔ [1271/10115] Built Mathlib.Tactic.CategoryTheory.CancelIso (3.7s)
✔ [1272/10115] Built Mathlib.Algebra.CharP.Defs (4.8s)
✔ [1273/10115] Built Mathlib.CategoryTheory.HomCongr (3.4s)
✔ [1274/10115] Built Mathlib.Order.BooleanAlgebra.Set (7.6s)
✔ [1275/10115] Built Mathlib.Data.List.Find (3.3s)
✔ [1276/10115] Built Mathlib.Algebra.Order.Group.Lattice (4.0s)
✔ [1277/10115] Built Mathlib.Algebra.GroupWithZero.Associated (7.0s)
✔ [1278/10115] Built Mathlib.Data.Nat.WithBot (2.1s)
✔ [1279/10115] Built Mathlib.Algebra.GroupWithZero.Submonoid.CancelMulZero (1.9s)
✔ [1280/10115] Built Mathlib.Algebra.Order.Monoid.Submonoid (2.2s)
✔ [1281/10115] Built Mathlib.Algebra.GroupWithZero.Submonoid.Primal (2.3s)
✔ [1282/10115] Built Mathlib.Data.Multiset.Defs (3.5s)
✔ [1283/10115] Built Mathlib.Data.List.Sublists (3.8s)
✔ [1284/10115] Built Mathlib.Computability.Tape (2.1s)
✔ [1285/10115] Built Mathlib.Algebra.Order.Group.DenselyOrdered (4.0s)
✔ [1286/10115] Built Mathlib.GroupTheory.OreLocalization.OreSet (3.0s)
✔ [1287/10115] Built Mathlib.Data.Part (6.6s)
✔ [1288/10115] Built Mathlib.Algebra.Group.Submonoid.MulAction (3.3s)
✔ [1289/10115] Built Mathlib.RingTheory.NonUnitalSubsemiring.Defs (5.2s)
✔ [1290/10115] Built Mathlib.CategoryTheory.Functor.Category (9.7s)
✔ [1291/10115] Built Mathlib.Algebra.Order.AddGroupWithTop (4.0s)
✔ [1292/10115] Built Mathlib.Algebra.Ring.AddAut (3.2s)
✔ [1293/10115] Built Mathlib.Algebra.Order.Hom.Units (2.2s)
✔ [1294/10115] Built Mathlib.Data.List.Permutation (5.1s)
✔ [1295/10115] Built Mathlib.Data.List.AList (4.3s)
✔ [1296/10115] Built Mathlib.Algebra.BigOperators.Ring.List (3.1s)
✔ [1297/10115] Built Mathlib.Data.List.Destutter (4.9s)
✔ [1298/10115] Built Mathlib.Algebra.Order.Hom.TypeTags (3.4s)
✔ [1299/10115] Built Mathlib.Algebra.BigOperators.Group.List.Lemmas (4.1s)
✔ [1300/10115] Built Mathlib.Algebra.Order.Monoid.Lex (4.5s)
✔ [1301/10115] Built Mathlib.Data.Nat.EvenOddRec (2.5s)
✔ [1302/10115] Built Mathlib.Algebra.Order.BigOperators.Group.List (5.7s)
✔ [1303/10115] Built Mathlib.CategoryTheory.ObjectProperty.ClosedUnderIsomorphisms (3.3s)
✔ [1304/10115] Built Mathlib.Algebra.CharP.Invertible (3.4s)
✔ [1305/10115] Built Mathlib.Data.Set.SymmDiff (2.3s)
✔ [1306/10115] Built Mathlib.Data.Int.Cast.Lemmas (5.2s)
✔ [1307/10115] Built Mathlib.Data.Set.BoolIndicator (2.9s)
✔ [1308/10115] Built Mathlib.Data.Bool.Count (5.4s)
✔ [1309/10115] Built Mathlib.Algebra.Group.Subgroup.Defs (10s)
✔ [1310/10115] Built Mathlib.Data.Nat.Bitwise (5.7s)
✔ [1311/10115] Built Mathlib.Algebra.Ring.Int.Parity (5.2s)
✔ [1312/10115] Built Mathlib.GroupTheory.GroupAction.Hom (30s)
✔ [1313/10115] Built Mathlib.Algebra.Order.Monoid.Associated (2.4s)
✔ [1314/10115] Built Mathlib.Data.Int.Associated (2.1s)
✔ [1315/10115] Built Mathlib.Data.Multiset.Pairwise (1.9s)
✔ [1316/10115] Built Mathlib.Algebra.Ring.Associated (2.2s)
✔ [1317/10115] Built Mathlib.RingTheory.OreLocalization.OreSet (2.2s)
✔ [1318/10115] Built Mathlib.Control.Fix (2.2s)
✔ [1319/10115] Built Mathlib.Algebra.Group.Submonoid.DistribMulAction (2.2s)
✔ [1320/10115] Built Mathlib.Order.Part (2.6s)
✔ [1321/10115] Built Mathlib.Order.Filter.Defs (6.8s)
✔ [1322/10115] Built Mathlib.Data.Nat.Prime.Basic (3.9s)
✔ [1323/10115] Built Mathlib.Tactic.Abel (10s)
✔ [1324/10115] Built Mathlib.Algebra.Order.PUnit (2.1s)
✔ [1325/10115] Built Mathlib.CategoryTheory.Thin (2.6s)
✔ [1326/10115] Built Mathlib.Order.Hom.BoundedLattice (8.7s)
✔ [1327/10115] Built Mathlib.Data.Multiset.ZeroCons (4.9s)
✔ [1328/10115] Built Mathlib.Algebra.Order.Group.Unbundled.Abs (7.7s)
✔ [1329/10115] Built Mathlib.Algebra.Ring.Subsemiring.Defs (4.7s)
✔ [1330/10115] Built Mathlib.Data.List.Prime (2.6s)
✔ [1331/10115] Built Mathlib.Tactic.TautoSet (2.7s)
✔ [1332/10115] Built Mathlib.Algebra.Ring.Center (2.9s)
✔ [1333/10115] Built Mathlib.Algebra.Tropical.Basic (4.4s)
✔ [1334/10115] Built Mathlib.Algebra.Group.Subgroup.Even (2.8s)
✔ [1335/10115] Built Mathlib.Algebra.Field.Opposite (3.9s)
✔ [1336/10115] Built Mathlib.Algebra.Field.Power (2.4s)
✔ [1337/10115] Built Mathlib.Algebra.Order.Group.Cone (4.1s)
✔ [1338/10115] Built Mathlib.Algebra.Module.NatInt (4.6s)
✔ [1339/10115] Built Mathlib.Order.Interval.Set.Basic (13s)
✔ [1340/10115] Built Mathlib.Data.Rat.Lemmas (3.9s)
✔ [1341/10115] Built Mathlib.Data.Int.Bitwise (3.9s)
✔ [1342/10115] Built Mathlib.CategoryTheory.Functor.Trifunctor (8.3s)
✔ [1343/10115] Built Mathlib.Algebra.Ring.Action.Subobjects (2.3s)
✔ [1344/10115] Built Mathlib.Tactic.NormNum.Parity (3.7s)
✔ [1345/10115] Built Mathlib.Data.Nat.Prime.Factorial (2.8s)
✔ [1346/10115] Built Mathlib.RingTheory.NonUnitalSubring.Defs (5.3s)
✔ [1347/10115] Built Mathlib.CategoryTheory.NatIso (9.3s)
✔ [1348/10115] Built Mathlib.Data.Int.NatPrime (2.6s)
✔ [1349/10115] Built Mathlib.Tactic.NormNum.Pow (7.2s)
✔ [1350/10115] Built Mathlib.Data.Nat.Prime.Pow (2.4s)
✔ [1351/10115] Built Mathlib.Data.Nat.Prime.Int (2.0s)
✔ [1352/10115] Built Mathlib.Tactic.NoncommRing (3.7s)
✔ [1353/10115] Built Mathlib.Algebra.Ring.Associator (3.7s)
✔ [1354/10115] Built Mathlib.Tactic.NormNum.Prime (4.5s)
✔ [1355/10115] Built Mathlib.Data.Multiset.Count (3.6s)
✔ [1356/10115] Built Mathlib.Data.Multiset.Basic (3.4s)
✔ [1357/10115] Built Mathlib.Algebra.Order.Group.Unbundled.Int (3.4s)
✔ [1358/10115] Built Mathlib.Algebra.Module.End (3.3s)
✔ [1359/10115] Built Mathlib.Data.Set.Image (12s)
✔ [1360/10115] Built Mathlib.Order.Bounded (3.7s)
✔ [1361/10115] Built Mathlib.Data.Nat.Choose.Dvd (2.4s)
✔ [1362/10115] Built Mathlib.GroupTheory.OreLocalization.Basic (15s)
✔ [1363/10115] Built Mathlib.Order.Heyting.Hom (6.4s)
✔ [1364/10115] Built Mathlib.Algebra.Module.Torsion.Free (4.6s)
✔ [1365/10115] Built Mathlib.Order.Hom.WithTopBot (7.2s)
✔ [1366/10115] Built Mathlib.Algebra.EuclideanDomain.Int (1.0s)
✔ [1367/10115] Built Mathlib.Algebra.Order.Group.Abs (7.1s)
✔ [1368/10115] Built Mathlib.Tactic.NormNum.PowMod (3.2s)
✔ [1369/10115] Built Mathlib.CategoryTheory.Functor.FullyFaithful (5.1s)
✔ [1370/10115] Built Mathlib.Order.Set (2.1s)
✔ [1371/10115] Built Mathlib.Algebra.Order.Group.PosPart (8.5s)
✔ [1372/10115] Built Mathlib.Data.Multiset.AddSub (4.3s)
✔ [1373/10115] Built Mathlib.Algebra.NonAssoc.PreLie.Basic (5.7s)
✔ [1374/10115] Built Mathlib.Algebra.Ring.Subring.Defs (7.4s)
✔ [1375/10115] Built Mathlib.Data.List.Lemmas (3.2s)
✔ [1376/10115] Built Mathlib.Logic.Embedding.Set (4.9s)
✔ [1377/10115] Built Mathlib.Data.Nat.Set (2.0s)
✔ [1378/10115] Built Mathlib.Data.Nat.ModEq (5.2s)
✔ [1379/10115] Built Mathlib.Order.UpperLower.Relative (3.5s)
✔ [1380/10115] Built Mathlib.Data.Set.List (2.5s)
✔ [1381/10115] Built Mathlib.Algebra.Order.Ring.Unbundled.Rat (6.2s)
✔ [1382/10115] Built Mathlib.Algebra.Notation.Support (5.4s)
✔ [1383/10115] Built Mathlib.Algebra.GCDMonoid.Basic (15s)
✔ [1384/10115] Built Mathlib.Algebra.Module.Torsion.Prod (2.1s)
✔ [1385/10115] Built Mathlib.Algebra.Module.Torsion.Field (2.2s)
✔ [1386/10115] Built Mathlib.Data.Set.Restrict (3.4s)
✔ [1387/10115] Built Mathlib.Order.Interval.Set.WithBotTop (5.3s)
✔ [1388/10115] Built Mathlib.Algebra.NoZeroSMulDivisors.Defs (3.2s)
✔ [1389/10115] Built Mathlib.Order.Directed (4.9s)
✔ [1390/10115] Built Mathlib.Order.Interval.Set.LinearOrder (11s)
✔ [1391/10115] Built Mathlib.Data.Multiset.Find (3.2s)
✔ [1392/10115] Built Mathlib.CategoryTheory.InducedCategory (3.1s)
✔ [1393/10115] Built Mathlib.Algebra.Order.Group.MinMax (3.6s)
✔ [1394/10115] Built Mathlib.Data.Multiset.Replicate (3.6s)
✔ [1395/10115] Built Mathlib.RingTheory.OreLocalization.Basic (5.0s)
✔ [1396/10115] Built Mathlib.Logic.Equiv.Embedding (2.8s)
✔ [1397/10115] Built Mathlib.Algebra.Order.Hom.Basic (4.6s)
✔ [1398/10115] Built Mathlib.Algebra.Ring.Action.Invariant (3.4s)
✔ [1399/10115] Built Mathlib.Algebra.Ring.CharZero (3.3s)
✔ [1400/10115] Built Mathlib.Algebra.Group.Support (2.8s)
✔ [1401/10115] Built Mathlib.Algebra.GCDMonoid.PUnit (2.7s)
✔ [1402/10115] Built Mathlib.Data.Int.CharZero (3.1s)
✔ [1403/10115] Built Mathlib.Logic.Function.DependsOn (2.8s)
✔ [1404/10115] Built Mathlib.Data.Int.ModEq (4.4s)
✔ [1405/10115] Built Mathlib.CategoryTheory.Bicategory.Basic (14s)
✔ [1406/10115] Built Mathlib.Order.ConditionallyCompletePartialOrder.Defs (2.3s)
✔ [1407/10115] Built Mathlib.Algebra.GCDMonoid.Nat (3.4s)
✔ [1408/10115] Built Mathlib.Algebra.NoZeroSMulDivisors.Basic (2.6s)
✔ [1409/10115] Built Mathlib.Data.Set.Prod (8.3s)
✔ [1410/10115] Built Mathlib.CategoryTheory.ObjectProperty.FullSubcategory (3.2s)
✔ [1411/10115] Built Mathlib.Data.Multiset.MapFold (4.1s)
✔ [1412/10115] Built Mathlib.Tactic.ModCases (2.7s)
✔ [1413/10115] Built Mathlib.Algebra.Field.Subfield.Defs (5.8s)
✔ [1414/10115] Built Mathlib.Tactic.CategoryTheory.BicategoricalComp (2.7s)
✔ [1415/10115] Built Mathlib.Data.Prod.TProd (2.9s)
✔ [1416/10115] Built Mathlib.Data.Set.NAry (3.4s)
✔ [1417/10115] Built Mathlib.CategoryTheory.ConcreteCategory.Basic (3.2s)
✔ [1418/10115] Built Mathlib.CategoryTheory.EssentialImage (3.2s)
✔ [1419/10115] Built Mathlib.Data.Multiset.NatAntidiagonal (2.8s)
✔ [1420/10115] Built Mathlib.Tactic.CategoryTheory.Elementwise (3.5s)
✔ [1421/10115] Built Mathlib.Data.Rel (7.1s)
✔ [1422/10115] Built Mathlib.Order.Bounds.Basic (10s)
✔ [1423/10115] Built Mathlib.Algebra.Group.Pointwise.Set.Scalar (4.0s)
✔ [1424/10115] Built Mathlib.Data.Set.Function (7.6s)
✔ [1425/10115] Built Mathlib.CategoryTheory.Elementwise (1.7s)
✔ [1426/10115] Built Mathlib.Algebra.Order.Group.Bounds (1.6s)
✔ [1427/10115] Built Mathlib.Order.Rel.GaloisConnection (1.9s)
✔ [1428/10115] Built Mathlib.Order.Monotone.Union (2.1s)
✔ [1429/10115] Built Mathlib.Data.Nat.Prime.Infinite (2.1s)
✔ [1430/10115] Built Mathlib.Algebra.Module.PointwisePi (1.0s)
✔ [1431/10115] Built Mathlib.GroupTheory.GroupAction.Support (1.9s)
✔ [1432/10115] Built Mathlib.Tactic.CategoryTheory.Bicategory.Datatypes (8.2s)
✔ [1433/10115] Built Mathlib.Order.LatticeIntervals (3.7s)
✔ [1434/10115] Built Mathlib.GroupTheory.GroupAction.Pointwise (3.9s)
✔ [1435/10115] Built Mathlib.Dynamics.FixedPoints.Basic (3.1s)
✔ [1436/10115] Built Mathlib.Order.CompleteLattice.Defs (4.9s)
✔ [1437/10115] Built Mathlib.Data.PFun (5.1s)
✔ [1438/10115] Built Mathlib.CategoryTheory.Whiskering (19s)
✔ [1439/10115] Built Mathlib.Order.Interval.Set.SurjOn (2.9s)
✔ [1440/10115] Built Mathlib.Data.Multiset.Filter (4.8s)
✔ [1441/10115] Built Mathlib.Algebra.Order.Interval.Set.Monoid (3.0s)
✔ [1442/10115] Built Mathlib.Order.Interval.Set.Image (4.3s)
✔ [1443/10115] Built Mathlib.Order.Bounds.Image (5.8s)
✔ [1444/10115] Built Mathlib.Order.WellFounded (4.8s)
✔ [1445/10115] Built Mathlib.Order.Monotone.Odd (2.3s)
✔ [1446/10115] Built Mathlib.Data.Set.Monotone (3.8s)
✔ [1447/10115] Built Mathlib.Data.Set.Piecewise (3.4s)
✔ [1448/10115] Built Mathlib.Data.Set.Pairwise.Basic (5.5s)
✔ [1449/10115] Built Mathlib.CategoryTheory.Functor.ReflectsIso.Basic (2.7s)
✔ [1450/10115] Built Mathlib.Algebra.BigOperators.Group.Multiset.Defs (3.9s)
✔ [1451/10115] Built Mathlib.Data.Multiset.UnionInter (4.6s)
✔ [1452/10115] Built Mathlib.Logic.Equiv.Set (7.7s)
✔ [1453/10115] Built Mathlib.CategoryTheory.Sigma.Basic (5.4s)
✔ [1454/10115] Built Mathlib.Combinatorics.Quiver.Arborescence (2.9s)
✔ [1455/10115] Built Mathlib.Order.ConditionallyCompleteLattice.Defs (3.6s)
✔ [1456/10115] Built Mathlib.Data.Set.Pairwise.List (2.6s)
✔ [1457/10115] Built Mathlib.Order.ScottContinuity (5.2s)
✔ [1458/10115] Built Mathlib.Data.Finset.Defs (4.5s)
✔ [1459/10115] Built Mathlib.Order.Interval.Set.UnorderedInterval (6.8s)
✔ [1460/10115] Built Mathlib.Data.Rel.Separated (2.4s)
✔ [1461/10115] Built Mathlib.Order.PiLex (5.1s)
✔ [1462/10115] Built Mathlib.Tactic.CategoryTheory.Bicategory.PureCoherence (8.8s)
✔ [1463/10115] Built Mathlib.Algebra.Group.Action.Pi (3.4s)
✔ [1464/10115] Built Mathlib.Data.Multiset.Range (2.4s)
✔ [1465/10115] Built Mathlib.Data.Multiset.Dedup (3.2s)
✔ [1466/10115] Built Mathlib.Order.RelIso.Set (2.6s)
✔ [1467/10115] Built Mathlib.Algebra.Order.GroupWithZero.Basic (13s)
✔ [1468/10115] Built Mathlib.GroupTheory.Perm.ViaEmbedding (2.5s)
✔ [1469/10115] Built Mathlib.GroupTheory.Perm.Basic (2.7s)
✔ [1470/10115] Built Mathlib.Algebra.Notation.Indicator (5.3s)
✔ [1471/10115] Built Mathlib.Tactic.CategoryTheory.Bicategory.Normalize (11s)
✔ [1472/10115] Built Mathlib.Logic.Small.Basic (2.5s)
✔ [1473/10115] Built Mathlib.Data.Finset.Order (2.5s)
✔ [1474/10115] Built Mathlib.Order.Minimal (10s)
✔ [1475/10115] Built Mathlib.Data.Finset.Erase (2.8s)
✔ [1476/10115] Built Mathlib.Data.Finset.Attach (2.5s)
✔ [1477/10115] Built Mathlib.Data.Int.ConditionallyCompleteOrder (3.2s)
✔ [1478/10115] Built Mathlib.Logic.Equiv.PartialEquiv (7.5s)
✔ [1479/10115] Built Mathlib.Data.Finset.Empty (3.4s)
✔ [1480/10115] Built Mathlib.Data.Rel.Cover (2.6s)
✔ [1481/10115] Built Mathlib.Order.Interval.Set.OrderEmbedding (3.1s)
✔ [1482/10115] Built Mathlib.Algebra.Order.Group.PiLex (3.1s)
✔ [1483/10115] Built Mathlib.GroupTheory.GroupAction.Embedding (2.8s)
✔ [1484/10115] Built Mathlib.Algebra.Group.Pointwise.Set.Basic (24s)
✔ [1485/10115] Built Mathlib.Data.Nat.DvdSequence (2.6s)
✔ [1486/10115] Built Mathlib.Algebra.NoZeroSMulDivisors.Pi (2.0s)
✔ [1487/10115] Built Mathlib.Algebra.GroupWithZero.Action.Pi (2.6s)
✔ [1488/10115] Built Mathlib.Algebra.Group.Pi.Lemmas (10s)
✔ [1489/10115] Built Mathlib.Data.Multiset.Fold (2.0s)
✔ [1490/10115] Built Mathlib.Data.Finset.Dedup (3.6s)
✔ [1491/10115] Built Mathlib.Data.Multiset.FinsetOps (3.1s)
✔ [1492/10115] Built Mathlib.Order.Hom.Set (7.6s)
✔ [1493/10115] Built Mathlib.Algebra.Order.GroupWithZero.Unbundled.Basic (1.7s)
✔ [1494/10115] Built Mathlib.Algebra.Order.GroupWithZero.Submonoid (2.4s)
✔ [1495/10115] Built Mathlib.Algebra.Order.GroupWithZero.Bounds (2.2s)
✔ [1496/10115] Built Mathlib.Algebra.Order.BigOperators.GroupWithZero.List (2.6s)
✔ [1497/10115] Built Mathlib.Data.Fin.SuccPred (9.5s)
✔ [1498/10115] Built Mathlib.CategoryTheory.Equivalence (18s)
✔ [1499/10115] Built Mathlib.Algebra.Ring.Equiv (11s)
✔ [1500/10115] Built Mathlib.Algebra.Order.GroupWithZero.OrderIso (2.9s)
✔ [1501/10115] Built Mathlib.Data.Countable.Small (2.0s)
✔ [1502/10115] Built Mathlib.Algebra.GroupWithZero.Indicator (3.6s)
✔ [1503/10115] Built Mathlib.Tactic.FieldSimp.Lemmas (5.9s)
✔ [1504/10115] Built Mathlib.Algebra.GroupWithZero.Pointwise.Set.Basic (2.3s)
✔ [1505/10115] Built Mathlib.Algebra.Ring.Pointwise.Set (2.0s)
✔ [1506/10115] Built Mathlib.Algebra.Module.Basic (4.3s)
✔ [1507/10115] Built Mathlib.Algebra.Order.Nonneg.Basic (5.4s)
✔ [1508/10115] Built Mathlib.Algebra.Group.TypeTags.Pointwise (2.2s)
✔ [1509/10115] Built Mathlib.Data.Finset.Filter (4.1s)
✔ [1510/10115] Built Mathlib.Algebra.Group.Indicator (5.1s)
✔ [1511/10115] Built Mathlib.Algebra.Torsor.Basic (9.9s)
✔ [1512/10115] Built Mathlib.Order.Bounds.OrderIso (2.2s)
✔ [1513/10115] Built Mathlib.Algebra.Order.Group.Multiset (3.2s)
✔ [1514/10115] Built Mathlib.Data.Multiset.Lattice (3.8s)
✔ [1515/10115] Built Mathlib.Algebra.Order.Ring.Unbundled.Basic (9.1s)
✔ [1516/10115] Built Mathlib.Algebra.Order.BigOperators.Group.Multiset (4.0s)
✔ [1517/10115] Built Mathlib.Data.Finset.Lattice.Basic (4.2s)
✔ [1518/10115] Built Mathlib.Order.Preorder.Chain (4.3s)
✔ [1519/10115] Built Mathlib.GroupTheory.GroupAction.DomAct.Basic (6.1s)
✔ [1520/10115] Built Mathlib.Order.Interval.Set.OrderIso (3.8s)
✔ [1521/10115] Built Mathlib.Algebra.Order.BigOperators.GroupWithZero.Multiset (3.4s)
✔ [1522/10115] Built Mathlib.Algebra.Order.GroupWithZero.Canonical (12s)
✔ [1523/10115] Built Mathlib.Data.Fin.Embedding (3.3s)
✔ [1524/10115] Built Mathlib.Data.Fin.Rev (2.7s)
✔ [1525/10115] Built Mathlib.Tactic.CategoryTheory.Bicategory.Basic (9.9s)
✔ [1526/10115] Built Mathlib.CategoryTheory.ObjectProperty.Equivalence (3.3s)
✔ [1527/10115] Built Mathlib.Data.Finset.Insert (7.2s)
✔ [1528/10115] Built Mathlib.Order.Hom.Lex (5.6s)
✔ [1529/10115] Built Mathlib.Algebra.Ring.Aut (2.6s)
✔ [1530/10115] Built Mathlib.Algebra.Order.GroupWithZero.Unbundled.OrderIso (2.3s)
✔ [1531/10115] Built Mathlib.Order.UpperLower.Basic (11s)
✔ [1532/10115] Built Mathlib.RingTheory.RingInvo (2.9s)
✔ [1533/10115] Built Mathlib.Data.Vector.Basic (6.3s)
✔ [1534/10115] Built Mathlib.Algebra.Ring.CompTypeclasses (2.9s)
✔ [1535/10115] Built Mathlib.Algebra.AddTorsor.Basic (2.4s)
✔ [1536/10115] Built Mathlib.Algebra.EuclideanDomain.Basic (4.5s)
✔ [1537/10115] Built Mathlib.CategoryTheory.CatCommSq (5.5s)
✔ [1538/10115] Built Mathlib.AlgebraicTopology.DoldKan.Compatibility (6.7s)
✔ [1539/10115] Built Mathlib.Data.Multiset.OrderedMonoid (2.3s)
✔ [1540/10115] Built Mathlib.Algebra.Ring.ULift (5.9s)
✔ [1541/10115] Built Mathlib.Data.Multiset.Sum (2.7s)
✔ [1542/10115] Built Mathlib.Data.NNRat.Defs (5.1s)
✔ [1543/10115] Built Mathlib.Algebra.Order.Ring.Defs (3.2s)
✔ [1544/10115] Built Mathlib.Algebra.GCDMonoid.Multiset (3.8s)
✔ [1545/10115] Built Mathlib.Data.Fintype.Defs (5.7s)
✔ [1546/10115] Built Mathlib.GroupTheory.GroupAction.DomAct.ActionHom (3.1s)
✔ [1547/10115] Built Mathlib.Order.Antichain (3.9s)
✔ [1548/10115] Built Mathlib.Algebra.BigOperators.Group.Multiset.Basic (5.5s)
✔ [1549/10115] Built Mathlib.Algebra.Order.GroupWithZero.WithZero (3.1s)
✔ [1550/10115] Built Mathlib.Algebra.Module.Hom (3.7s)
✔ [1551/10115] Built Mathlib.Algebra.Order.Monoid.ToMulBot (2.0s)
✔ [1552/10115] Built Mathlib.Algebra.Group.Fin.Basic (2.8s)
✔ [1553/10115] Built Mathlib.Data.Finset.Lattice.Lemmas (3.3s)
✔ [1554/10115] Built Mathlib.Data.Finset.Range (3.3s)
✔ [1555/10115] Built Mathlib.Order.UpperLower.Fibration (2.6s)
✔ [1556/10115] Built Mathlib.Order.CompleteLattice.Basic (15s)
✔ [1557/10115] Built Mathlib.Logic.Small.List (2.7s)
✔ [1558/10115] Built Mathlib.Data.Finset.Disjoint (3.2s)
✔ [1559/10115] Built Mathlib.Order.Fin.Basic (4.7s)
✔ [1560/10115] Built Mathlib.Algebra.Ring.Action.Group (3.2s)
✔ [1561/10115] Built Mathlib.Data.Vector.Mem (2.6s)
✔ [1562/10115] Built Mathlib.Data.Vector.Zip (3.0s)
✔ [1563/10115] Built Mathlib.Data.Finset.SDiff (4.2s)
✔ [1564/10115] Built Mathlib.Algebra.Order.Hom.MonoidWithZero (5.8s)
✔ [1565/10115] Built Mathlib.Data.Vector.Snoc (3.2s)
✔ [1566/10115] Built Mathlib.Algebra.Order.Ring.Nat (2.5s)
✔ [1567/10115] Built Mathlib.Algebra.Order.Field.Pointwise (2.5s)
✔ [1568/10115] Built Mathlib.Algebra.Field.Rat (3.0s)
✔ [1569/10115] Built Mathlib.Algebra.Field.ULift (3.2s)
✔ [1570/10115] Built Mathlib.Data.Num.Bitwise (4.5s)
✔ [1571/10115] Built Mathlib.Order.InitialSeg (7.2s)
✔ [1572/10115] Built Mathlib.CategoryTheory.Sums.Basic (16s)
✔ [1573/10115] Built Mathlib.CategoryTheory.Opposites (16s)
✔ [1574/10115] Built Mathlib.Algebra.Ring.Pi (5.2s)
✔ [1575/10115] Built Mathlib.Algebra.Order.Ring.InjSurj (2.2s)
✔ [1576/10115] Built Mathlib.Data.Multiset.DershowitzManna (5.3s)
✔ [1577/10115] Built Mathlib.Algebra.Star.Basic (6.2s)
✔ [1578/10115] Built Mathlib.Algebra.Ring.Prod (6.5s)
✔ [1579/10115] Built Mathlib.Algebra.Order.Ring.Canonical (3.2s)
✔ [1580/10115] Built Mathlib.Algebra.Order.Ring.Opposite (2.8s)
✔ [1581/10115] Built Mathlib.Algebra.Order.Interval.Set.Group (5.9s)
✔ [1582/10115] Built Mathlib.Algebra.Order.Ring.Int (4.3s)
✔ [1583/10115] Built Mathlib.Algebra.Order.Ring.Rat (2.2s)
✔ [1584/10115] Built Mathlib.Combinatorics.Quiver.Path.Weight (3.4s)
✔ [1585/10115] Built Mathlib.Algebra.Divisibility.Finite (1.8s)
✔ [1586/10115] Built Mathlib.Algebra.Order.Archimedean.Defs (2.9s)
✔ [1587/10115] Built Mathlib.Algebra.Order.Positive.Ring (3.5s)
✔ [1588/10115] Built Mathlib.Data.Nat.Choose.Bounds (4.2s)
✔ [1589/10115] Built Mathlib.Algebra.Group.Equiv.Finite (2.6s)
✔ [1590/10115] Built Mathlib.Tactic.FinCases (2.9s)
✔ [1591/10115] Built Mathlib.Tactic.CancelDenoms.Core (6.6s)
✔ [1592/10115] Built Mathlib.Algebra.Order.Ring.Basic (4.7s)
✔ [1593/10115] Built Mathlib.Algebra.CharP.Basic (3.5s)
✔ [1594/10115] Built Mathlib.Algebra.FreeMonoid.Symbols (2.8s)
✔ [1595/10115] Built Mathlib.Algebra.Order.Interval.Set.Instances (6.3s)
✔ [1596/10115] Built Mathlib.Order.Interval.Set.OrdConnected (4.3s)
✔ [1597/10115] Built Mathlib.Order.CompleteLattice.Group (2.4s)
✔ [1598/10115] Built Mathlib.Data.Multiset.Bind (4.0s)
✔ [1599/10115] Built Mathlib.CategoryTheory.ObjectProperty.CompleteLattice (3.5s)
✔ [1600/10115] Built Mathlib.Order.Fin.Clamp (2.1s)
✔ [1601/10115] Built Mathlib.Data.Fin.FlagRange (2.5s)
✔ [1602/10115] Built Mathlib.Order.CompleteLattice.Lemmas (4.6s)
✔ [1603/10115] Built Mathlib.Control.Random (3.2s)
✔ [1604/10115] Built Mathlib.Algebra.Order.Quantale (4.7s)
✔ [1605/10115] Built Mathlib.Data.Setoid.Basic (4.7s)
✔ [1606/10115] Built Mathlib.Algebra.Ring.Action.End (3.5s)
✔ [1607/10115] Built Mathlib.Order.GaloisConnection.Basic (7.3s)
✔ [1608/10115] Built Mathlib.Order.Interval.Set.Fin (7.1s)
✔ [1609/10115] Built Mathlib.Data.Nat.Cast.Order.Ring (5.2s)
✔ [1610/10115] Built Mathlib.Algebra.IsPrimePow (5.2s)
✔ [1611/10115] Built Mathlib.Order.OmegaCompletePartialOrder (10s)
✔ [1612/10115] Built Mathlib.Algebra.Order.GroupWithZero.Lex (7.1s)
✔ [1613/10115] Built Mathlib.Algebra.Module.Rat (6.1s)
✔ [1614/10115] Built Mathlib.Data.Vector.MapLemmas (6.7s)
✔ [1615/10115] Built Mathlib.Algebra.Order.Module.Defs (18s)
✔ [1616/10115] Built Mathlib.Data.Fin.Tuple.Basic (10s)
✔ [1617/10115] Built Mathlib.Data.Rat.Cast.Defs (5.8s)
✔ [1618/10115] Built Mathlib.Algebra.Order.Hom.Ring (8.4s)
✔ [1619/10115] Built Mathlib.Data.Finset.Basic (9.3s)
✔ [1620/10115] Built Mathlib.Data.Finset.Image (9.9s)
✔ [1621/10115] Built Mathlib.Order.Interval.Set.InitialSeg (3.9s)
✔ [1622/10115] Built Mathlib.Algebra.Module.Pi (2.4s)
✔ [1623/10115] Built Mathlib.CategoryTheory.DinatTrans (3.4s)
✔ [1624/10115] Built Mathlib.Algebra.Module.LinearMap.Defs (23s)
✔ [1625/10115] Built Mathlib.Algebra.CharP.Pi (2.1s)
✔ [1626/10115] Built Mathlib.Algebra.Order.Pi (3.1s)
✔ [1627/10115] Built Mathlib.Algebra.Order.Field.Subfield (2.0s)
✔ [1628/10115] Built Mathlib.Algebra.Ring.Subsemiring.Order (2.0s)
✔ [1629/10115] Built Mathlib.Data.FunLike.Ring (2.7s)
✔ [1630/10115] Built Mathlib.CategoryTheory.Functor.Const (4.1s)
✔ [1631/10115] Built Mathlib.CategoryTheory.Functor.TwoSquare (5.8s)
✔ [1632/10115] Built Mathlib.CategoryTheory.Bicategory.Opposites (5.5s)
✔ [1633/10115] Built Mathlib.CategoryTheory.Sums.Associator (7.2s)
✔ [1634/10115] Built Mathlib.Algebra.Order.Ring.Prod (2.5s)
✔ [1635/10115] Built Mathlib.Algebra.Star.Prod (2.4s)
✔ [1636/10115] Built Mathlib.Algebra.Star.Pi (2.9s)
✔ [1637/10115] Built Mathlib.Algebra.Order.Field.Canonical (2.6s)
✔ [1638/10115] Built Mathlib.CategoryTheory.EqToHom (6.1s)
✔ [1639/10115] Built Mathlib.Algebra.Order.BigOperators.Ring.List (2.7s)
✔ [1640/10115] Built Mathlib.Data.Num.Lemmas (11s)
✔ [1641/10115] Built Mathlib.Algebra.Order.Positive.Field (2.4s)
✔ [1642/10115] Built Mathlib.Algebra.Star.MonoidHom (4.8s)
✔ [1643/10115] Built Mathlib.Data.Nat.Dist (4.2s)
✔ [1644/10115] Built Mathlib.Algebra.Star.StarRingHom (5.4s)
✔ [1645/10115] Built Mathlib.Data.Nat.Cast.SetInterval (2.5s)
✔ [1646/10115] Built Mathlib.Data.PNat.Basic (4.3s)
✔ [1647/10115] Built Mathlib.Order.Quotient (3.2s)
✔ [1648/10115] Built Mathlib.Data.Multiset.Sections (2.9s)
✔ [1649/10115] Built Mathlib.Algebra.Order.Kleene (6.2s)
✔ [1650/10115] Built Mathlib.Order.Interval.Set.ProjIcc (4.1s)
✔ [1651/10115] Built Mathlib.Data.Multiset.Powerset (3.6s)
✔ [1652/10115] Built Mathlib.Data.Multiset.Pi (3.4s)
✔ [1653/10115] Built Mathlib.CategoryTheory.ObjectProperty.Opposite (3.6s)
✔ [1654/10115] Built Mathlib.Order.Lattice.Congruence (3.7s)
✔ [1655/10115] Built Mathlib.Order.Hom.Order (3.2s)
✔ [1656/10115] Built Mathlib.Algebra.Order.Invertible (2.9s)
✔ [1657/10115] Built Mathlib.CategoryTheory.Limits.Shapes.Pullback.Categorical.CatCospanTransform (33s)
✔ [1658/10115] Built Mathlib.Algebra.Order.Group.Pointwise.Bounds (4.2s)
✔ [1659/10115] Built Mathlib.Topology.Defs.Filter (5.7s)
✔ [1660/10115] Built Mathlib.Order.Heyting.Regular (4.2s)
✔ [1661/10115] Built Mathlib.Algebra.Order.Ring.Cast (4.3s)
✔ [1662/10115] Built Mathlib.Algebra.Order.Ring.WithTop (9.8s)
✔ [1663/10115] Built Mathlib.Data.Sym.Basic (6.5s)
✔ [1664/10115] Built Mathlib.Tactic.Linarith.Lemmas (3.5s)
✔ [1665/10115] Built Mathlib.Algebra.Order.Ring.Abs (5.4s)
✔ [1666/10115] Built Mathlib.Algebra.Order.Ring.Pow (4.7s)
✔ [1667/10115] Built Mathlib.Order.CompletePartialOrder (2.8s)
✔ [1668/10115] Built Mathlib.Tactic.NormNum.Abs (3.0s)
✔ [1669/10115] Built Mathlib.Algebra.Ring.Fin (2.7s)
✔ [1670/10115] Built Mathlib.Control.LawfulFix (3.9s)
✔ [1671/10115] Built Mathlib.Algebra.Order.Module.Basic (3.7s)
✔ [1672/10115] Built Mathlib.Data.Fin.Tuple.Take (3.1s)
✔ [1673/10115] Built Mathlib.Algebra.Order.Nonneg.Module (3.8s)
✔ [1674/10115] Built Mathlib.Tactic.LinearCombination.Lemmas (3.7s)
✔ [1675/10115] Built Mathlib.Data.Fin.Tuple.Embedding (3.1s)
✔ [1676/10115] Built Mathlib.Order.Cover (11s)
✔ [1677/10115] Built Mathlib.Data.List.OfFn (2.0s)
✔ [1678/10115] Built Mathlib.Algebra.Star.Rat (2.8s)
✔ [1679/10115] Built Mathlib.GroupTheory.Congruence.Defs (9.9s)
✔ [1680/10115] Built Mathlib.Algebra.Ring.Subring.Order (2.8s)
✔ [1681/10115] Built Mathlib.Data.Rat.Cast.CharZero (3.3s)
✔ [1682/10115] Built Mathlib.Data.Fintype.Inv (2.6s)
✔ [1683/10115] Built Mathlib.Algebra.Group.Nat.Range (2.4s)
✔ [1684/10115] Built Mathlib.Data.Fintype.OfMap (2.6s)
✔ [1685/10115] Built Mathlib.Data.Finset.SymmDiff (2.0s)
✔ [1686/10115] Built Mathlib.Data.Finset.Fold (3.6s)
✔ [1687/10115] Built Mathlib.Algebra.Module.Torsion.Pi (2.8s)
✔ [1688/10115] Built Mathlib.Data.Finset.BooleanAlgebra (3.9s)
✔ [1689/10115] Built Mathlib.Data.Fin.Fin2 (3.7s)
✔ [1690/10115] Built Mathlib.Data.Fin.VecNotation (6.8s)
✔ [1691/10115] Built Mathlib.Data.FunLike.Module (3.4s)
✔ [1692/10115] Built Mathlib.Order.CompleteBooleanAlgebra (13s)
✔ [1693/10115] Built Mathlib.Algebra.Module.LinearMap.Rat (2.9s)
✔ [1694/10115] Built Mathlib.Algebra.Module.LinearMap.Prod (3.6s)
✔ [1695/10115] Built Mathlib.Algebra.Order.Ring.Cone (2.9s)
✔ [1696/10115] Built Mathlib.CategoryTheory.Bicategory.Strict.Basic (2.6s)
✔ [1697/10115] Built Mathlib.CategoryTheory.Bicategory.EqToHom (2.9s)
✔ [1698/10115] Built Mathlib.CategoryTheory.IsoCat (4.2s)
✔ [1699/10115] Built Mathlib.Algebra.Order.Module.PositiveLinearMap (5.0s)
✔ [1700/10115] Built Mathlib.CategoryTheory.Category.ULift (4.6s)
✔ [1701/10115] Built Mathlib.LinearAlgebra.Matrix.Defs (7.3s)
✔ [1702/10115] Built Mathlib.Algebra.Algebra.Defs (5.8s)
✔ [1703/10115] Built Mathlib.Algebra.Order.BigOperators.Ring.Multiset (4.1s)
✔ [1704/10115] Built Mathlib.CategoryTheory.Category.Preorder (4.5s)
✔ [1705/10115] Built Mathlib.CategoryTheory.Bicategory.Functor.Prelax (5.4s)
✔ [1706/10115] Built Mathlib.Algebra.Order.Monovary (12s)
✔ [1707/10115] Built Mathlib.Data.PNat.Prime (3.0s)
✔ [1708/10115] Built Mathlib.Algebra.Group.PNatPowAssoc (2.7s)
✔ [1709/10115] Built Mathlib.Data.PNat.Find (3.9s)
✔ [1710/10115] Built Mathlib.Data.Multiset.Antidiagonal (3.2s)
✔ [1711/10115] Built Mathlib.Tactic.PNatToNat (4.3s)
✔ [1712/10115] Built Mathlib.Data.List.Pi (3.2s)
✔ [1713/10115] Built Mathlib.Tactic.Qify (2.9s)
✔ [1714/10115] Built Mathlib.Algebra.Order.WithTop.Untop0 (3.7s)
✔ [1715/10115] Built Mathlib.Data.Finset.Card (13s)
✔ [1716/10115] Built Mathlib.Data.Rat.Sqrt (3.0s)
✔ [1717/10115] Built Mathlib.Data.Int.Order.Lemmas (3.1s)
✔ [1718/10115] Built Mathlib.Data.Int.Order.Units (2.6s)
✔ [1719/10115] Built Mathlib.Tactic.Linarith.Datatypes (4.2s)
✔ [1720/10115] Built Mathlib.Algebra.Group.Pointwise.Set.ListOfFn (3.1s)
✔ [1721/10115] Built Mathlib.Data.List.FinRange (3.2s)
✔ [1722/10115] Built Mathlib.GroupTheory.Congruence.Opposite (2.4s)
✔ [1723/10115] Built Mathlib.Algebra.Order.Floor.Defs (7.3s)
✔ [1724/10115] Built Mathlib.Data.Ordmap.Invariants (10s)
✔ [1725/10115] Built Mathlib.CategoryTheory.Products.Basic (12s)
✔ [1726/10115] Built Mathlib.Control.EquivFunctor.Instances (3.0s)
✔ [1727/10115] Built Mathlib.Order.ModularLattice (7.0s)
✔ [1728/10115] Built Mathlib.GroupTheory.Congruence.Hom (6.1s)
✔ [1729/10115] Built Mathlib.Algebra.GCDMonoid.Finset (4.3s)
✔ [1730/10115] Built Mathlib.Data.List.Sort (9.0s)
✔ [1731/10115] Built Mathlib.Data.Num.ZNum (12s)
✔ [1732/10115] Built Mathlib.Data.Finset.Piecewise (3.9s)
✔ [1733/10115] Built Mathlib.Tactic.NormNum.Inv (6.9s)
✔ [1734/10115] Built Mathlib.Tactic.DeriveFintype (5.6s)
✔ [1735/10115] Built Mathlib.Tactic.Positivity.Core (13s)
✔ [1736/10115] Built Mathlib.Algebra.Module.LinearMap.Basic (5.6s)
✔ [1737/10115] Built Mathlib.Data.Finset.Union (6.1s)
✔ [1738/10115] Built Mathlib.RingTheory.Congruence.Defs (9.2s)
✔ [1739/10115] Built Mathlib.Data.Fintype.Sets (4.0s)
✔ [1740/10115] Built Mathlib.Data.Vector3 (4.9s)
✔ [1741/10115] Built Mathlib.Data.Set.BooleanAlgebra (2.2s)
✔ [1742/10115] Built Mathlib.Logic.Function.FromTypes (2.9s)
✔ [1743/10115] Built Mathlib.Algebra.Group.Fin.Tuple (3.2s)
✔ [1744/10115] Built Mathlib.Algebra.Star.SelfAdjoint (10s)
✔ [1745/10115] Built Mathlib.RingTheory.Invariant.Defs (2.6s)
✔ [1746/10115] Built Mathlib.Algebra.Algebra.Field (2.9s)
✔ [1747/10115] Built Mathlib.Algebra.Module.Equiv.Defs (22s)
✔ [1748/10115] Built Mathlib.Logic.Equiv.Fin.Basic (4.5s)
✔ [1749/10115] Built Mathlib.Data.Matrix.Diagonal (4.3s)
✔ [1750/10115] Built Mathlib.Data.Finset.CastCard (2.6s)
✔ [1751/10115] Built Mathlib.Algebra.BigOperators.Ring.Multiset (3.2s)
✔ [1752/10115] Built Mathlib.Data.Finset.Fin (2.7s)
✔ [1753/10115] Built Mathlib.AlgebraicTopology.SimplexCategory.Defs (4.3s)
✔ [1754/10115] Built Mathlib.CategoryTheory.Functor.OfSequence (4.8s)
✔ [1755/10115] Built Mathlib.Data.Fintype.Quotient (3.0s)
✔ [1756/10115] Built Mathlib.Data.Int.Lemmas (3.7s)
✔ [1757/10115] Built Mathlib.Data.Finset.Sum (4.2s)
✔ [1758/10115] Built Mathlib.Tactic.Linarith.Parsing (3.8s)
✔ [1759/10115] Built Mathlib.Tactic.Linarith.Oracle.FourierMotzkin (4.0s)
✔ [1760/10115] Built Mathlib.Algebra.Order.Nonneg.Floor (2.6s)
✔ [1761/10115] Built Mathlib.Algebra.ContinuedFractions.Computation.Basic (2.0s)
✔ [1762/10115] Built Mathlib.Tactic.Linarith.Oracle.SimplexAlgorithm (4.7s)
✔ [1763/10115] Built Mathlib.CategoryTheory.Products.Bifunctor (2.8s)
✔ [1764/10115] Built Mathlib.Data.TypeVec (10s)
✔ [1765/10115] Built Mathlib.Data.Ordmap.Ordset (6.0s)
✔ [1766/10115] Built Mathlib.Tactic.Linarith.Preprocessing (6.8s)
✔ [1767/10115] Built Mathlib.Data.Nat.Factors (4.4s)
✔ [1768/10115] Built Mathlib.Data.Multiset.Sort (3.5s)
✔ [1769/10115] Built Mathlib.Data.List.NodupEquivFin (4.3s)
✔ [1770/10115] Built Mathlib.Data.Nat.BitIndices (4.7s)
✔ [1771/10115] Built Mathlib.Combinatorics.Enumerative.Stirling (3.0s)
✔ [1772/10115] Built Mathlib.Data.Num.Prime (3.6s)
✔ [1773/10115] Built Mathlib.Data.Nat.Hyperoperation (3.2s)
✔ [1774/10115] Built Mathlib.Algebra.Order.Floor.Semiring (7.7s)
✔ [1775/10115] Built Mathlib.Tactic.NormNum.Eq (5.0s)
✔ [1776/10115] Built Mathlib.CategoryTheory.Functor.Currying (10s)
✔ [1777/10115] Built Mathlib.Data.Sign.Defs (5.4s)
✔ [1778/10115] Built Mathlib.Tactic.Finiteness (3.0s)
✔ [1779/10115] Built Mathlib.Algebra.Order.Field.Power (5.5s)
✔ [1780/10115] Built Mathlib.CategoryTheory.Pi.Basic (12s)
✔ [1781/10115] Built Mathlib.Algebra.Order.Module.Field (5.1s)
✔ [1782/10115] Built Mathlib.Algebra.Order.Algebra (6.4s)
✔ [1783/10115] Built Mathlib.Algebra.Order.AbsoluteValue.Basic (6.2s)
✔ [1784/10115] Built Mathlib.CategoryTheory.Products.Associator (12s)
✔ [1785/10115] Built Mathlib.Logic.Function.OfArity (2.9s)
✔ [1786/10115] Built Mathlib.Data.Finset.Option (4.7s)
✔ [1787/10115] Built Mathlib.Data.Finset.Pi (5.4s)
✔ [1788/10115] Built Mathlib.Tactic.FieldSimp.Discharger (7.2s)
✔ [1789/10115] Built Mathlib.Data.Finset.Prod (6.3s)
✔ [1790/10115] Built Mathlib.Data.Fintype.Basic (5.5s)
✔ [1791/10115] Built Mathlib.Data.Set.Semiring (5.6s)
✔ [1792/10115] Built Mathlib.CategoryTheory.Join.Basic (18s)
✔ [1793/10115] Built Mathlib.Data.Set.Sigma (6.8s)
✔ [1794/10115] Built Mathlib.Algebra.Algebra.Rat (3.4s)
✔ [1795/10115] Built Mathlib.Algebra.Module.LinearMap.Star (2.9s)
✔ [1796/10115] Built Mathlib.Algebra.Star.StarProjection (4.0s)
✔ [1797/10115] Built Mathlib.Order.Interval.Set.Pi (6.2s)
✔ [1798/10115] Built Mathlib.Algebra.Order.Field.Basic (14s)
✔ [1799/10115] Built Mathlib.Algebra.Module.ULift (4.2s)
✔ [1800/10115] Built Mathlib.Order.Closure (5.2s)
✔ [1801/10115] Built Mathlib.GroupTheory.GroupAction.Defs (9.2s)
✔ [1802/10115] Built Mathlib.Algebra.Module.Equiv.Opposite (3.0s)
✔ [1803/10115] Built Mathlib.LinearAlgebra.Matrix.CharP (2.2s)
✔ [1804/10115] Built Mathlib.Logic.Equiv.Fin.Rotate (3.2s)
✔ [1805/10115] Built Mathlib.Order.Fin.Tuple (4.6s)
✔ [1806/10115] Built Mathlib.Control.Functor.Multivariate (4.3s)
✔ [1807/10115] Built Mathlib.Data.PNat.Factors (4.1s)
✔ [1808/10115] Built Mathlib.Tactic.Simproc.Factors (4.8s)
✔ [1809/10115] Built Mathlib.CategoryTheory.Monoidal.Category (25s)
✔ [1810/10115] Built Mathlib.Tactic.Linarith.Verification (5.4s)
✔ [1811/10115] Built Mathlib.Data.Int.Log (5.4s)
✔ [1812/10115] Built Mathlib.Data.Set.Lattice (11s)
✔ [1813/10115] Built Mathlib.Data.Int.AbsoluteValue (2.5s)
✔ [1814/10115] Built Mathlib.Algebra.Order.AbsoluteValue.Euclidean (2.4s)
✔ [1815/10115] Built Mathlib.Algebra.BigOperators.Group.Finset.Defs (15s)
✔ [1816/10115] Built Mathlib.Algebra.Order.Module.Pointwise (4.3s)
✔ [1817/10115] Built Mathlib.Tactic.Ring.Common (23s)
✔ [1818/10115] Built Mathlib.Data.Fin.Tuple.Curry (2.3s)
✔ [1819/10115] Built Mathlib.CategoryTheory.Discrete.Basic (7.3s)
✔ [1820/10115] Built Mathlib.Data.Finset.PImage (3.9s)
✔ [1821/10115] Built Mathlib.Order.Fin.SuccAboveOrderIso (2.7s)
✔ [1822/10115] Built Mathlib.Computability.StateTransition (3.1s)
✔ [1823/10115] Built Mathlib.Data.Finset.Update (3.5s)
✔ [1824/10115] Built Mathlib.Tactic.NormNum.Ineq (9.5s)
✔ [1825/10115] Built Mathlib.CategoryTheory.Join.Sum (3.2s)
✔ [1826/10115] Built Mathlib.CategoryTheory.Limits.Shapes.Pullback.Categorical.Basic (49s)
✔ [1827/10115] Built Mathlib.Data.Fintype.Card (4.3s)
✔ [1828/10115] Built Mathlib.Algebra.Group.TransferInstance (3.8s)
✔ [1829/10115] Built Mathlib.Algebra.Ring.Action.Submonoid (2.7s)
✔ [1830/10115] Built Mathlib.Data.Nat.Cast.Order.Field (2.8s)
✔ [1831/10115] Built Mathlib.Order.Fin.Finset (2.8s)
✔ [1832/10115] Built Mathlib.GroupTheory.GroupAction.Transitive (3.4s)
✔ [1833/10115] Built Mathlib.CategoryTheory.Bicategory.End (2.0s)
✔ [1834/10115] Built Mathlib.CategoryTheory.Sums.Products (9.8s)
✔ [1835/10115] Built Mathlib.Order.Cofinal (2.7s)
✔ [1836/10115] Built Mathlib.CategoryTheory.Join.Opposites (6.0s)
✔ [1837/10115] Built Mathlib.Tactic.Positivity.Basic (29s)
✔ [1838/10115] Built Mathlib.Tactic.CategoryTheory.MonoidalComp (3.2s)
✔ [1839/10115] Built Mathlib.CategoryTheory.Functor.CurryingThree (11s)
✔ [1840/10115] Built Mathlib.Order.Interval.Set.Union (2.7s)
✔ [1841/10115] Built Mathlib.Data.Set.Constructions (3.0s)
✔ [1842/10115] Built Mathlib.Tactic.Monotonicity.Lemmas (1.0s)
✔ [1843/10115] Built Mathlib.Data.Finset.Lattice.Fold (17s)
✔ [1844/10115] Built Mathlib.Order.ConditionallyCompletePartialOrder.Basic (3.4s)
✔ [1845/10115] Built Mathlib.Order.DirSupClosed (4.7s)
✔ [1846/10115] Built Mathlib.Order.BourbakiWitt (4.3s)
✔ [1847/10115] Built Mathlib.SetTheory.ZFC.PSet (4.4s)
✔ [1848/10115] Built Mathlib.Order.CompleteLattice.Chain (3.0s)
✔ [1849/10115] Built Mathlib.Data.Semiquot (3.9s)
✔ [1850/10115] Built Mathlib.Logic.Small.Set (3.6s)
✔ [1851/10115] Built Mathlib.Data.Set.UnionLift (4.3s)
✔ [1852/10115] Built Mathlib.Order.Concept (5.8s)
✔ [1853/10115] Built Mathlib.Algebra.Module.LinearMap.End (11s)
✔ [1854/10115] Built Mathlib.Data.Rat.BigOperators (3.2s)
✔ [1855/10115] Built Mathlib.Algebra.BigOperators.RingEquiv (2.7s)
✔ [1856/10115] Built Mathlib.Algebra.Order.CauSeq.Basic (13s)
✔ [1857/10115] Built Mathlib.Data.Sym.Sym2 (16s)
✔ [1858/10115] Built Mathlib.Data.Nat.GCD.BigOperators (3.1s)
✔ [1859/10115] Built Mathlib.Data.Set.Pairwise.Lattice (4.9s)
✔ [1860/10115] Built Mathlib.Algebra.Regular.Pow (2.8s)
✔ [1861/10115] Built Mathlib.Algebra.CharP.Two (4.2s)
✔ [1862/10115] Built Mathlib.Order.Filter.Basic (9.7s)
✔ [1863/10115] Built Mathlib.CategoryTheory.PEmpty (2.5s)
✔ [1864/10115] Built Mathlib.Tactic.CancelDenoms (2.5s)
✔ [1865/10115] Built Mathlib.CategoryTheory.Products.Unitor (4.0s)
✔ [1866/10115] Built Mathlib.CategoryTheory.PUnit (3.6s)
✔ [1867/10115] Built Mathlib.Algebra.Group.TypeTags.Finite (2.7s)
✔ [1868/10115] Built Mathlib.GroupTheory.DedekindFinite (2.6s)
✔ [1869/10115] Built Mathlib.Data.Set.Lattice.Image (9.2s)
✔ [1870/10115] Built Mathlib.Data.Fintype.Parity (2.5s)
✔ [1871/10115] Built Mathlib.Tactic.NormNum.DivMod (4.0s)
✔ [1872/10115] Built Mathlib.Data.Fin.Pigeonhole (3.3s)
✔ [1873/10115] Built Mathlib.CategoryTheory.Discrete.SumsProducts (6.3s)
✔ [1874/10115] Built Mathlib.CategoryTheory.Monoidal.Action.Basic (17s)
✔ [1875/10115] Built Mathlib.Combinatorics.SetFamily.Intersecting (3.0s)
✔ [1876/10115] Built Mathlib.Algebra.GroupWithZero.TransferInstance (2.7s)
✔ [1877/10115] Built Mathlib.Algebra.Group.Action.TransferInstance (3.3s)
✔ [1878/10115] Built Mathlib.Tactic.Monotonicity (1.0s)
✔ [1879/10115] Built Mathlib.Data.Fintype.EquivFin (4.5s)
✔ [1880/10115] Built Mathlib.Combinatorics.SetFamily.Compression.Down (3.4s)
✔ [1881/10115] Built Mathlib.Algebra.Ring.TransferInstance (5.1s)
✔ [1882/10115] Built Mathlib.Algebra.Order.GroupWithZero.Finset (3.1s)
✔ [1883/10115] Built Mathlib.Algebra.Order.Ring.Finset (3.5s)
✔ [1884/10115] Built Mathlib.Algebra.Order.Field.Pi (2.6s)
✔ [1885/10115] Built Mathlib.Computability.TuringMachine.PostTuringMachine (9.2s)
✔ [1886/10115] Built Mathlib.Tactic.Ring.Basic (12s)
✔ [1887/10115] Built Mathlib.Data.Finset.Pairwise (3.8s)
✔ [1888/10115] Built Mathlib.Order.Irreducible (4.6s)
✔ [1889/10115] Built Mathlib.Data.Finset.Lattice.Union (4.1s)
✔ [1890/10115] Built Mathlib.Data.Finset.Max (8.3s)
✔ [1891/10115] Built Mathlib.Algebra.Order.Monoid.Canonical.Basic (8.0s)
✔ [1892/10115] Built Mathlib.Order.ConditionallyCompletePartialOrder.Indexed (5.3s)
✔ [1893/10115] Built Mathlib.Algebra.Group.Pointwise.Set.Small (2.6s)
✔ [1894/10115] Built Mathlib.Order.Zorn (3.3s)
✔ [1895/10115] Built Mathlib.Topology.MetricSpace.BundledFun (7.7s)
✔ [1896/10115] Built Mathlib.Data.Finset.Lattice.Prod (5.9s)
✔ [1897/10115] Built Mathlib.Tactic.FieldSimp (31s)
✔ [1898/10115] Built Mathlib.Order.FixedPoints (5.9s)
✔ [1899/10115] Built Mathlib.Tactic.CategoryTheory.Monoidal.Datatypes (10s)
✔ [1900/10115] Built Mathlib.Data.FP.Basic (3.8s)
✔ [1901/10115] Built Mathlib.Algebra.Order.Group.Pointwise.Interval (29s)
✔ [1902/10115] Built Mathlib.Data.Set.Pairwise.Chain (2.2s)
✔ [1903/10115] Built Mathlib.Order.GameAdd (3.5s)
✔ [1904/10115] Built Mathlib.SetTheory.ZFC.Basic (8.9s)
✔ [1905/10115] Built Mathlib.Data.Nat.ChineseRemainder (3.9s)
✔ [1906/10115] Built Mathlib.Order.Filter.AtTopBot.Defs (3.7s)
✔ [1907/10115] Built Mathlib.Order.ConditionallyCompleteLattice.Basic (10s)
✔ [1908/10115] Built Mathlib.Tactic.Peel (4.5s)
✔ [1909/10115] Built Mathlib.Data.Sym.Sym2.Order (5.1s)
✔ [1910/10115] Built Mathlib.Order.Interval.Set.OrdConnectedComponent (4.1s)
✔ [1911/10115] Built Mathlib.Data.List.Sym (6.3s)
✔ [1912/10115] Built Mathlib.Order.CompleteLattice.Finset (5.8s)
✔ [1913/10115] Built Mathlib.Data.Nat.Pairing (2.9s)
✔ [1914/10115] Built Mathlib.Combinatorics.Graph.Basic (7.9s)
✔ [1915/10115] Built Mathlib.Algebra.Group.Pointwise.Set.Lattice (5.7s)
✔ [1916/10115] Built Mathlib.Algebra.Order.CauSeq.Completion (9.1s)
✔ [1917/10115] Built Mathlib.Order.Bounds.Lattice (3.2s)
✔ [1918/10115] Built Mathlib.Data.Set.Functor (3.7s)
✔ [1919/10115] Built Mathlib.Algebra.Group.Subsemigroup.Basic (4.5s)
✔ [1920/10115] Built Mathlib.Tactic.NormNum.ModEq (3.2s)
✔ [1921/10115] Built Mathlib.Algebra.BigOperators.Group.Finset.Basic (27s)
✔ [1922/10115] Built Mathlib.Order.Interval.Set.Disjoint (4.0s)
✔ [1923/10115] Built Mathlib.Algebra.GroupWithZero.Action.TransferInstance (3.1s)
✔ [1924/10115] Built Mathlib.Order.Interval.Basic (7.8s)
✔ [1925/10115] Built Mathlib.Data.Fintype.Prod (3.3s)
✔ [1926/10115] Built Mathlib.Algebra.Group.Action.Pointwise.Set.Basic (8.2s)
✔ [1927/10115] Built Mathlib.Order.Filter.Map (6.6s)
✔ [1928/10115] Built Mathlib.Data.Fintype.Sum (3.6s)
✔ [1929/10115] Built Mathlib.Algebra.Group.Shrink (4.1s)
✔ [1930/10115] Built Mathlib.Data.Fintype.Pigeonhole (2.9s)
✔ [1931/10115] Built Mathlib.Data.FinEnum (5.1s)
✔ [1932/10115] Built Mathlib.Data.Fintype.Shrink (2.4s)
✔ [1933/10115] Built Mathlib.Algebra.CharZero.Infinite (2.1s)
✔ [1934/10115] Built Mathlib.Data.Finite.Set (2.0s)
✔ [1935/10115] Built Mathlib.Order.UpperLower.CompleteLattice (8.8s)
✔ [1936/10115] Built Mathlib.CategoryTheory.FinCategory.Basic (2.5s)
✔ [1937/10115] Built Mathlib.Data.Fintype.Option (2.5s)
✔ [1938/10115] Built Mathlib.Order.Hom.CompleteLattice (8.0s)
✔ [1939/10115] Built Mathlib.Logic.Equiv.Fintype (3.5s)
✔ [1940/10115] Built Mathlib.CategoryTheory.Monoidal.Action.LinearFunctor (7.3s)
✔ [1941/10115] Built Mathlib.Data.ZMod.Defs (4.4s)
✔ [1942/10115] Built Mathlib.Computability.PostTuringMachine (1.8s)
✔ [1943/10115] Built Mathlib.Data.Set.Finite.Range (3.3s)
✔ [1944/10115] Built Mathlib.Algebra.Star.TransferInstance (2.5s)
✔ [1945/10115] Built Mathlib.Data.Fintype.Perm (4.8s)
✔ [1946/10115] Built Mathlib.Algebra.Field.TransferInstance (2.9s)
✔ [1947/10115] Built Mathlib.Tactic.Ring.PNat (2.3s)
✔ [1948/10115] Built Mathlib.Data.Fintype.Lattice (3.2s)
✔ [1949/10115] Built Mathlib.Order.Extension.Linear (3.1s)
✔ [1950/10115] Built Mathlib.Tactic.Field (2.7s)
✔ [1951/10115] Built Mathlib.Tactic.Ring.Compare (4.8s)
✔ [1952/10115] Built Mathlib.Data.Finset.Lattice.Pi (3.8s)
✔ [1953/10115] Built Mathlib.Data.Set.Finite.Basic (6.4s)
✔ [1954/10115] Built Mathlib.Data.Finset.Powerset (5.1s)
✔ [1955/10115] Built Mathlib.Tactic.Ring.RingNF (5.7s)
✔ [1956/10115] Built Mathlib.Algebra.Order.Group.Finset (4.5s)
✔ [1957/10115] Built Mathlib.Order.Interval.Set.IsoIoo (4.3s)
✔ [1958/10115] Built Mathlib.SetTheory.Cardinal.SchroederBernstein (4.2s)
✔ [1959/10115] Built Mathlib.Topology.Defs.Sequences (2.5s)
✔ [1960/10115] Built Mathlib.Order.Monotone.Extension (2.8s)
✔ [1961/10115] Built Mathlib.Tactic.Linarith.Frontend (7.7s)
✔ [1962/10115] Built Mathlib.Algebra.Order.Group.Action (2.3s)
✔ [1963/10115] Built Mathlib.Order.SaddlePoint (2.5s)
✔ [1964/10115] Built Mathlib.Order.CompleteLattice.PiLex (4.0s)
✔ [1965/10115] Built Mathlib.Order.OrdContinuous (3.3s)
✔ [1966/10115] Built Mathlib.Order.Copy (3.8s)
✔ [1967/10115] Built Mathlib.Data.Multiset.Sym (3.0s)
✔ [1968/10115] Built Mathlib.Logic.Equiv.Nat (2.2s)
✔ [1969/10115] Built Mathlib.Logic.Godel.GodelBetaFunction (3.4s)
✔ [1970/10115] Built Mathlib.Data.Finset.Sort (10s)
✔ [1971/10115] Built Mathlib.Data.Finset.Sigma (4.0s)
✔ [1972/10115] Built Mathlib.Algebra.Tropical.Lattice (6.5s)
✔ [1973/10115] Built Mathlib.Tactic.CategoryTheory.Monoidal.PureCoherence (7.7s)
✔ [1974/10115] Built Mathlib.CategoryTheory.Comma.Basic (25s)
✔ [1975/10115] Built Mathlib.Algebra.Module.Equiv.Basic (28s)
✔ [1976/10115] Built Mathlib.Order.CompleteLatticeIntervals (6.3s)
✔ [1977/10115] Built Mathlib.Tactic.DeriveCountable (5.2s)
✔ [1978/10115] Built Mathlib.Order.ScottContinuity.Prod (4.1s)
✔ [1979/10115] Built Mathlib.Data.Set.Subset (3.4s)
✔ [1980/10115] Built Mathlib.Tactic.CategoryTheory.Monoidal.Normalize (11s)
✔ [1981/10115] Built Mathlib.Control.Traversable.Instances (3.3s)
✔ [1982/10115] Built Mathlib.Order.ConditionallyCompleteLattice.Indexed (7.0s)
✔ [1983/10115] Built Mathlib.GroupTheory.Subsemigroup.Centralizer (3.0s)
✔ [1984/10115] Built Mathlib.Combinatorics.Graph.Subgraph (5.0s)
✔ [1985/10115] Built Mathlib.Algebra.Group.Subsemigroup.Membership (3.6s)
✔ [1986/10115] Built Mathlib.Algebra.BigOperators.Option (2.6s)
✔ [1987/10115] Built Mathlib.Algebra.Group.Subsemigroup.MulOpposite (3.8s)
✔ [1988/10115] Built Mathlib.NumberTheory.Harmonic.Defs (2.1s)
✔ [1989/10115] Built Mathlib.Algebra.Group.Submonoid.Basic (5.6s)
✔ [1990/10115] Built Mathlib.Dynamics.BirkhoffSum.Basic (3.0s)
✔ [1991/10115] Built Mathlib.RingTheory.Prime (3.4s)
✔ [1992/10115] Built Mathlib.Algebra.Group.EvenFunction (3.4s)
✔ [1993/10115] Built Mathlib.Data.Real.Basic (8.2s)
✔ [1994/10115] Built Mathlib.Data.Holor (5.1s)
✔ [1995/10115] Built Mathlib.Algebra.BigOperators.Group.Finset.Lemmas (2.0s)
✔ [1996/10115] Built Mathlib.Algebra.BigOperators.Group.Finset.Indicator (3.6s)
✔ [1997/10115] Built Mathlib.Algebra.BigOperators.GroupWithZero.Finset (3.4s)
✔ [1998/10115] Built Mathlib.Order.Filter.AtTopBot.Disjoint (2.4s)
✔ [1999/10115] Built Mathlib.Order.SuccPred.Basic (13s)
✔ [2000/10115] Built Mathlib.Data.Multiset.Fintype (6.5s)
✔ [2001/10115] Built Mathlib.Algebra.GradedMonoid (6.4s)
✔ [2002/10115] Built Mathlib.Algebra.Order.Group.Action.Flag (1.8s)
✔ [2003/10115] Built Mathlib.Order.Interval.Lex (2.0s)
✔ [2004/10115] Built Mathlib.Dynamics.FixedPoints.Prufer (2.9s)
✔ [2005/10115] Built Mathlib.Order.Filter.Tendsto (2.9s)
✔ [2006/10115] Built Mathlib.Algebra.Module.TransferInstance (4.6s)
✔ [2007/10115] Built Mathlib.Order.Filter.Ker (2.8s)
✔ [2008/10115] Built Mathlib.Algebra.GroupWithZero.Shrink (2.5s)
✔ [2009/10115] Built Mathlib.Data.Finite.Sum (2.7s)
✔ [2010/10115] Built Mathlib.Algebra.Group.Subsemigroup.Operations (10s)
✔ [2011/10115] Built Mathlib.Algebra.GroupWithZero.Action.Pointwise.Set (3.8s)
✔ [2012/10115] Built Mathlib.Algebra.Ring.Shrink (2.0s)
✔ [2013/10115] Built Mathlib.Data.FinEnum.Option (2.0s)
✔ [2014/10115] Built Mathlib.Tactic.NormNum.BigOperators (9.4s)
✔ [2015/10115] Built Mathlib.Data.Finset.NoncommProd (7.5s)
✔ [2016/10115] Built Mathlib.Computability.Language (4.8s)
✔ [2017/10115] Built Mathlib.Data.Fintype.WithTopBot (2.7s)
✔ [2018/10115] Built Mathlib.Algebra.BigOperators.Group.Finset.Piecewise (8.4s)
✔ [2019/10115] Built Mathlib.Order.Circular.ZMod (2.7s)
✔ [2020/10115] Built Mathlib.Order.Filter.Bases.Basic (5.9s)
✔ [2021/10115] Built Mathlib.Data.BitVec (2.8s)
✔ [2022/10115] Built Mathlib.Order.UpperLower.Principal (4.1s)
✔ [2023/10115] Built Mathlib.Data.Fin.Parity (2.9s)
✔ [2024/10115] Built Mathlib.Algebra.Field.Shrink (2.4s)
✔ [2025/10115] Built Mathlib.CategoryTheory.FinCategory.AsType (3.5s)
✔ [2026/10115] Built Mathlib.Order.Completion (4.7s)
✔ [2027/10115] Built Mathlib.Data.Finset.DenselyOrdered (2.7s)
✔ [2028/10115] Built Mathlib.Algebra.Group.Action.Pointwise.Set.Finite (2.2s)
✔ [2029/10115] Built Mathlib.Algebra.FiniteSupport.Defs (2.3s)
✔ [2030/10115] Built Mathlib.Order.Interval.Set.Infinite (2.4s)
✔ [2031/10115] Built Mathlib.Data.Nat.Count (3.3s)
✔ [2032/10115] Built Mathlib.Algebra.Star.Pointwise (3.4s)
✔ [2033/10115] Built Mathlib.Order.Nucleus (5.8s)
✔ [2034/10115] Built Mathlib.Topology.Basic (3.1s)
✔ [2035/10115] Built Mathlib.Data.Fintype.List (2.9s)
✔ [2036/10115] Built Mathlib.Data.Fintype.Pi (4.1s)
✔ [2037/10115] Built Mathlib.Data.Fintype.Powerset (2.9s)
✔ [2038/10115] Built Mathlib.Tactic.LinearCombination (5.3s)
✔ [2039/10115] Built Mathlib.Data.Set.Finite.Powerset (2.7s)
✔ [2040/10115] Built Mathlib.Algebra.BigOperators.Group.Finset.Powerset (3.3s)
✔ [2041/10115] Built Mathlib.Tactic.Ring (2.3s)
✔ [2042/10115] Built Mathlib.Order.Preorder.Finite (3.6s)
✔ [2043/10115] Built Mathlib.Order.SemiconjSup (2.3s)
✔ [2044/10115] Built Mathlib.Data.Countable.Basic (2.7s)
✔ [2045/10115] Built Mathlib.Data.Fintype.Sort (2.4s)
✔ [2046/10115] Built Mathlib.CategoryTheory.Monoidal.CoherenceLemmas (3.1s)
✔ [2047/10115] Built Mathlib.Data.Finset.PiInduction (3.4s)
✔ [2048/10115] Built Mathlib.Algebra.Order.Module.Equiv (3.2s)
✔ [2049/10115] Built Mathlib.Logic.Encodable.Basic (4.8s)
✔ [2050/10115] Built Mathlib.Algebra.BigOperators.Group.Finset.Sigma (4.0s)
✔ [2051/10115] Built Mathlib.Data.Finset.Preimage (4.6s)
✔ [2052/10115] Built Mathlib.Tactic.Bound (5.8s)
✔ [2053/10115] Built Mathlib.Order.ScottContinuity.Complete (3.0s)
✔ [2054/10115] Built Mathlib.Algebra.Order.Nonneg.Lattice (3.9s)
✔ [2055/10115] Built Mathlib.Data.Fintype.Sigma (5.9s)
✔ [2056/10115] Built Mathlib.LinearAlgebra.GeneralLinearGroup.Basic (5.5s)
✔ [2057/10115] Built Mathlib.Data.Finmap (6.1s)
✔ [2058/10115] Built Mathlib.Data.DList.Instances (2.8s)
✔ [2059/10115] Built Mathlib.Data.Multiset.Functor (3.2s)
✔ [2060/10115] Built Mathlib.Order.Interval.Finset.Gaps (7.5s)
✔ [2061/10115] Built Mathlib.Algebra.Order.Group.CompleteLattice (2.8s)
✔ [2062/10115] Built Mathlib.Order.Filter.ListTraverse (3.8s)
✔ [2063/10115] Built Mathlib.Data.DFinsupp.Defs (11s)
✔ [2064/10115] Built Mathlib.Order.ConditionallyCompleteLattice.Group (2.9s)
✔ [2065/10115] Built Mathlib.Combinatorics.Graph.Lattice (2.9s)
✔ [2066/10115] Built Mathlib.Algebra.Order.Group.Indicator (4.8s)
✔ [2067/10115] Built Mathlib.Combinatorics.Graph.Maps (3.5s)
✔ [2068/10115] Built Mathlib.CategoryTheory.Comma.Arrow (9.2s)
✔ [2069/10115] Built Mathlib.Algebra.Ring.Submonoid.Basic (2.1s)
✔ [2070/10115] Built Mathlib.Data.Real.Star (2.3s)
✔ [2071/10115] Built Mathlib.Algebra.Group.Submonoid.MulOpposite (3.8s)
✔ [2072/10115] Built Mathlib.Dynamics.BirkhoffSum.Average (2.0s)
✔ [2073/10115] Built Mathlib.Order.SupIndep (10s)
✔ [2074/10115] Built Mathlib.Combinatorics.Graph.Delete (5.1s)
✔ [2075/10115] Built Mathlib.Data.Real.Sign (2.6s)
✔ [2076/10115] Built Mathlib.Tactic.ComputeAsymptotics.Multiseries.Monomial.Predicates (3.1s)
✔ [2077/10115] Built Mathlib.Order.Interval.Set.SuccOrder (2.3s)
✔ [2078/10115] Built Mathlib.Data.Fin.SuccPredOrder (2.5s)
✔ [2079/10115] Built Mathlib.Algebra.BigOperators.WithTop (2.0s)
✔ [2080/10115] Built Mathlib.Algebra.Group.Submonoid.Saturation (5.5s)
✔ [2081/10115] Built Mathlib.Order.Shrink (2.0s)
✔ [2082/10115] Built Mathlib.Order.SuccPred.WithBot (2.9s)
✔ [2083/10115] Built Mathlib.Order.Filter.AtTopBot.Map (2.3s)
✔ [2084/10115] Built Mathlib.Tactic.CategoryTheory.Monoidal.Basic (10s)
✔ [2085/10115] Built Mathlib.Algebra.GradedMulAction (2.9s)
✔ [2086/10115] Built Mathlib.Order.Interval.Set.SuccPred (4.1s)
✔ [2087/10115] Built Mathlib.Order.Filter.AtTopBot.Tendsto (3.6s)
✔ [2088/10115] Built Mathlib.Order.Filter.IndicatorFunction (3.8s)
✔ [2089/10115] Built Mathlib.Algebra.Order.Group.Pointwise.CompleteLattice (11s)
✔ [2090/10115] Built Mathlib.GroupTheory.Subsemigroup.Lemmas (1.9s)
✔ [2091/10115] Built Mathlib.Order.Filter.Partial (3.8s)
✔ [2092/10115] Built Mathlib.Algebra.Module.Shrink (3.0s)
✔ [2093/10115] Built Mathlib.Order.SuccPred.Archimedean (6.3s)
✔ [2094/10115] Built Mathlib.Data.Set.Pointwise.Support (2.0s)
✔ [2095/10115] Built Mathlib.Algebra.Ring.Action.Pointwise.Set (3.7s)
✔ [2096/10115] Built Mathlib.Tactic.Widget.StringDiagram (14s)
✔ [2097/10115] Built Mathlib.Algebra.WithConv (4.4s)
✔ [2098/10115] Built Mathlib.Algebra.Notation.FiniteSupport (2.0s)
✔ [2099/10115] Built Mathlib.Order.Filter.Extr (7.3s)
✔ [2100/10115] Built Mathlib.Order.UpperLower.Hom (3.5s)
✔ [2101/10115] Built Mathlib.Algebra.Group.Submonoid.BigOperators (5.4s)
✔ [2102/10115] Built Mathlib.Computability.ContextFreeGrammar (5.6s)
✔ [2103/10115] Built Mathlib.Order.Atoms (12s)
✔ [2104/10115] Built Mathlib.Order.Filter.Prod (9.2s)
✔ [2105/10115] Built Mathlib.Computability.RegularExpressions (6.9s)
✔ [2106/10115] Built Mathlib.Algebra.Group.Pointwise.Set.BigOperators (5.9s)
✔ [2107/10115] Built Mathlib.GroupTheory.Perm.Support (6.6s)
✔ [2108/10115] Built Mathlib.Algebra.BigOperators.Pi (7.0s)
✔ [2109/10115] Built Mathlib.Algebra.Star.Center (2.7s)
✔ [2110/10115] Built Mathlib.Topology.Defs.Induced (3.0s)
✔ [2111/10115] Built Mathlib.Data.UInt (6.5s)
✔ [2112/10115] Built Mathlib.Data.SetLike.Fintype (2.3s)
✔ [2113/10115] Built Mathlib.Data.Set.Finite.Lemmas (3.0s)
✔ [2114/10115] Built Mathlib.Order.Filter.Germ.Basic (12s)
✔ [2115/10115] Built Mathlib.Order.UpperLower.Closure (7.0s)
✔ [2116/10115] Built Mathlib.Combinatorics.SetFamily.HarrisKleitman (3.4s)
✔ [2117/10115] Built Mathlib.Data.Finsupp.Defs (6.5s)
✔ [2118/10115] Built Mathlib.Data.Finite.Prod (3.7s)
✔ [2119/10115] Built Mathlib.Data.Fin.Tuple.Finset (3.2s)
✔ [2120/10115] Built Mathlib.Combinatorics.Hall.Finite (4.4s)
✔ [2121/10115] Built Mathlib.Algebra.BigOperators.Group.Finset.Pi (3.4s)
✔ [2122/10115] Built Mathlib.Combinatorics.Digraph.Basic (4.4s)
✔ [2123/10115] Built Mathlib.Algebra.Group.Submonoid.Operations (21s)
✔ [2124/10115] Built Mathlib.Tactic.Group (4.4s)
✔ [2125/10115] Built Mathlib.Data.Nat.Factorial.DoubleFactorial (4.0s)
✔ [2126/10115] Built Mathlib.Algebra.Order.BigOperators.GroupWithZero.Finset (5.5s)
✔ [2127/10115] Built Mathlib.Data.List.Cycle (9.9s)
✔ [2128/10115] Built Mathlib.RingTheory.Coprime.Basic (6.3s)
✔ [2129/10115] Built Mathlib.Combinatorics.Additive.Dissociation (7.4s)
✔ [2130/10115] Built Mathlib.Data.Set.Finite.Lattice (8.4s)
✔ [2131/10115] Built Mathlib.Data.NNRat.Encodable (2.6s)
✔ [2132/10115] Built Mathlib.Data.PNat.Xgcd (5.6s)
✔ [2133/10115] Built Mathlib.Algebra.Quandle (8.2s)
✔ [2134/10115] Built Mathlib.Data.Rat.Encodable (2.5s)
✔ [2135/10115] Built Mathlib.Algebra.Ring.BooleanRing (8.1s)
✔ [2136/10115] Built Mathlib.Tactic.LinearCombinationPrime (6.9s)
✔ [2137/10115] Built Mathlib.Logic.Denumerable (5.3s)
✔ [2138/10115] Built Mathlib.Computability.TuringMachine.StackTuringMachine (10s)
✔ [2139/10115] Built Mathlib.Tactic.Determinant.Bird.Meta (7.8s)
✔ [2140/10115] Built Mathlib.Logic.Encodable.Lattice (3.0s)
✔ [2141/10115] Built Mathlib.Algebra.Ring.Identities (7.1s)
✔ [2142/10115] Built Mathlib.Data.Finite.Sigma (2.4s)
✔ [2143/10115] Built Mathlib.Data.DFinsupp.Ext (2.6s)
✔ [2144/10115] Built Mathlib.Algebra.BigOperators.Group.Finset.Preimage (3.3s)
✔ [2145/10115] Built Mathlib.Data.Complex.Basic (11s)
✔ [2146/10115] Built Mathlib.Algebra.Order.Nonneg.Ring (3.5s)
✔ [2147/10115] Built Mathlib.Combinatorics.Young.YoungDiagram (4.6s)
✔ [2148/10115] Built Mathlib.Algebra.BigOperators.Group.Finset.Gaps (3.3s)
✔ [2149/10115] Built Mathlib.CategoryTheory.Comma.CatCommSq (2.2s)
✔ [2150/10115] Built Mathlib.Data.DFinsupp.FiniteInfinite (2.8s)
✔ [2151/10115] Built Mathlib.Tactic.DeriveEncodable (6.8s)
✔ [2152/10115] Built Mathlib.Data.DFinsupp.NeLocus (3.1s)
✔ [2153/10115] Built Mathlib.Data.DFinsupp.Module (4.1s)
✔ [2154/10115] Built Mathlib.RingTheory.FilteredAlgebra.Basic (2.9s)
✔ [2155/10115] Built Mathlib.Order.Filter.AtTopBot.CompleteLattice (2.8s)
✔ [2156/10115] Built Mathlib.Algebra.Order.SuccPred.TypeTags (2.7s)
✔ [2157/10115] Built Mathlib.Algebra.Group.Subgroup.MulOpposite (4.2s)
✔ [2158/10115] Built Mathlib.Order.SuccPred.Relation (3.1s)
✔ [2159/10115] Built Mathlib.Order.Filter.AtTopBot.Monoid (3.7s)
✔ [2160/10115] Built Mathlib.Order.Interval.Set.Monotone (3.7s)
✔ [2161/10115] Built Mathlib.CategoryTheory.CommSq (5.7s)
✔ [2162/10115] Built Mathlib.CategoryTheory.MorphismProperty.Basic (7.0s)
✔ [2163/10115] Built Mathlib.Order.SuccPred.IntervalSucc (6.0s)
✔ [2164/10115] Built Mathlib.Order.Filter.AtTopBot.Basic (6.3s)
✔ [2165/10115] Built Mathlib.Order.ZornAtoms (2.7s)
✔ [2166/10115] Built Mathlib.Order.Radical (2.8s)
✔ [2167/10115] Built Mathlib.RingTheory.UniqueFactorizationDomain.Defs (4.1s)
✔ [2168/10115] Built Mathlib.Order.SuccPred.Tree (3.9s)
✔ [2169/10115] Built Mathlib.Order.Filter.Curry (2.8s)
✔ [2170/10115] Built Mathlib.Order.Filter.NAry (3.6s)
✔ [2171/10115] Built Mathlib.Order.Partition.Basic (7.9s)
✔ [2172/10115] Built Mathlib.Algebra.Order.BigOperators.Group.Finset (12s)
✔ [2173/10115] Built Mathlib.Order.Filter.Lift (4.5s)
✔ [2174/10115] Built Mathlib.Algebra.Group.Translate (3.4s)
✔ [2175/10115] Built Mathlib.Order.Filter.Germ.OrderedMonoid (2.9s)
✔ [2176/10115] Built Mathlib.Algebra.Star.Conjneg (3.7s)
✔ [2177/10115] Built Mathlib.Topology.WithTopology (3.0s)
✔ [2178/10115] Built Mathlib.GroupTheory.Perm.List (4.7s)
✔ [2179/10115] Built Mathlib.Combinatorics.SetFamily.Kleitman (3.9s)
✔ [2180/10115] Built Mathlib.Order.Interval.Finset.Defs (15s)
✔ [2181/10115] Built Mathlib.Order.UpperLower.Prod (4.5s)
✔ [2182/10115] Built Mathlib.Order.Preorder.Finsupp (4.0s)
✔ [2183/10115] Built Mathlib.Data.FunLike.Fintype (2.8s)
✔ [2184/10115] Built Mathlib.Order.SuccPred.Limit (12s)
✔ [2185/10115] Built Mathlib.Data.Finsupp.Single (5.8s)
✔ [2186/10115] Built Mathlib.Algebra.Order.UpperLower (6.6s)
✔ [2187/10115] Built Mathlib.Data.Fintype.Vector (2.6s)
✔ [2188/10115] Built Mathlib.Order.Partition.Finpartition (11s)
✔ [2189/10115] Built Mathlib.Combinatorics.HalesJewett (5.0s)
✔ [2190/10115] Built Mathlib.Algebra.Order.Hom.Submonoid (2.1s)
✔ [2191/10115] Built Mathlib.Algebra.Group.Pointwise.Set.Finite (4.0s)
✔ [2192/10115] Built Mathlib.Algebra.Order.Rearrangement (9.4s)
✔ [2193/10115] Built Mathlib.Data.Finset.NAry (6.3s)
✔ [2194/10115] Built Mathlib.Algebra.BigOperators.Ring.Finset (5.2s)
✔ [2195/10115] Built Mathlib.Algebra.GroupWithZero.Submonoid.Instances (3.1s)
✔ [2196/10115] Built Mathlib.Algebra.PresentedMonoid.Basic (5.3s)
✔ [2197/10115] Built Mathlib.Algebra.Group.Submonoid.Finite (4.1s)
✔ [2198/10115] Built Mathlib.Data.Set.Finite.Monad (2.9s)
✔ [2199/10115] Built Mathlib.Order.TeichmullerTukey (2.7s)
✔ [2200/10115] Built Mathlib.GroupTheory.Submonoid.Center (5.7s)
✔ [2201/10115] Built Mathlib.Data.Set.MemPartition (3.3s)
✔ [2202/10115] Built Mathlib.GroupTheory.Congruence.Basic (6.8s)
✔ [2203/10115] Built Mathlib.Data.Nat.PrimeFin (3.0s)
✔ [2204/10115] Built Mathlib.Dynamics.PeriodicPts.Defs (6.2s)
✔ [2205/10115] Built Mathlib.Algebra.FiniteSupport.Basic (5.9s)
✔ [2206/10115] Built Mathlib.Data.Rat.Denumerable (3.3s)
✔ [2207/10115] Built Mathlib.Order.ConditionallyCompleteLattice.Finset (5.1s)
✔ [2208/10115] Built Mathlib.Computability.TuringMachine (2.6s)
✔ [2209/10115] Built Mathlib.Order.Filter.Finite (5.0s)
✔ [2210/10115] Built Mathlib.Combinatorics.SimpleGraph.Basic (11s)
✔ [2211/10115] Built Mathlib.Logic.Equiv.List (4.5s)
✔ [2212/10115] Built Mathlib.Data.NNRat.Order (2.7s)
✔ [2213/10115] Built Mathlib.Combinatorics.Young.SemistandardTableau (2.9s)
✔ [2214/10115] Built Mathlib.Algebra.Group.Submonoid.Membership (12s)
✔ [2215/10115] Built Mathlib.Computability.Primrec.Basic (6.4s)
✔ [2216/10115] Built Mathlib.Algebra.Order.Nonneg.Field (5.0s)
✔ [2217/10115] Built Mathlib.Tactic.Determinant.Bird.Cert (5.5s)
✔ [2218/10115] Built Mathlib.Data.DFinsupp.Sigma (4.6s)
✔ [2219/10115] Built Mathlib.CategoryTheory.FiberedCategory.HomLift (3.9s)
✔ [2220/10115] Built Mathlib.CategoryTheory.MorphismProperty.IsSmall (2.7s)
✔ [2221/10115] Built Mathlib.CategoryTheory.MorphismProperty.IsInvertedBy (3.8s)
✔ [2222/10115] Built Mathlib.GroupTheory.Coset.Defs (5.8s)
✔ [2223/10115] Built Mathlib.Algebra.Group.Subgroup.Lattice (12s)
✔ [2224/10115] Built Mathlib.CategoryTheory.Groupoid (4.2s)
✔ [2225/10115] Built Mathlib.CategoryTheory.Bicategory.LocallyDiscrete (5.3s)
✔ [2226/10115] Built Mathlib.Order.Filter.AtTopBot.ModEq (2.6s)
✔ [2227/10115] Built Mathlib.Data.DFinsupp.Order (7.4s)
✔ [2228/10115] Built Mathlib.Order.Filter.AtTopBot.Prod (3.1s)
✔ [2229/10115] Built Mathlib.Order.Filter.AtTopBot.BigOperators (3.5s)
✔ [2230/10115] Built Mathlib.CategoryTheory.MorphismProperty.Composition (5.0s)
✔ [2231/10115] Built Mathlib.Data.NNRat.BigOperators (2.0s)
✔ [2232/10115] Built Mathlib.Order.Filter.AtTopBot.Group (4.2s)
✔ [2233/10115] Built Mathlib.CategoryTheory.MorphismProperty.Factorization (6.5s)
✔ [2234/10115] Built Mathlib.Order.Filter.SmallSets (3.1s)
✔ [2235/10115] Built Mathlib.Order.Filter.Ultrafilter.Defs (4.3s)
✔ [2236/10115] Built Mathlib.Data.Set.Equitable (3.7s)
✔ [2237/10115] Built Mathlib.GroupTheory.MonoidLocalization.Basic (19s)
✔ [2238/10115] Built Mathlib.Order.UpperLower.LocallyFinite (2.6s)
✔ [2239/10115] Built Mathlib.CategoryTheory.Square (9.6s)
✔ [2240/10115] Built Mathlib.Order.Atoms.Finite (3.3s)
✔ [2241/10115] Built Mathlib.Order.Filter.Ring (3.7s)
✔ [2242/10115] Built Mathlib.Order.Ideal (6.6s)
✔ [2243/10115] Built Mathlib.Topology.Closure (4.9s)
✔ [2244/10115] Built Mathlib.Algebra.Order.Interval.Finset.Basic (3.2s)
✔ [2245/10115] Built Mathlib.Data.Finsupp.Fin (3.4s)
✔ [2246/10115] Built Mathlib.Data.Finsupp.Notation (3.9s)
✔ [2247/10115] Built Mathlib.Data.Finsupp.Indicator (3.8s)
✔ [2248/10115] Built Mathlib.Order.SuccPred.LinearLocallyFinite (6.5s)
✔ [2249/10115] Built Mathlib.Data.Sigma.Interval (4.8s)
✔ [2250/10115] Built Mathlib.Order.Interval.Finset.SuccPred (5.5s)
✔ [2251/10115] Built Mathlib.Order.SuccPred.InitialSeg (3.6s)
✔ [2252/10115] Built Mathlib.Algebra.Order.Antidiag.Prod (6.2s)
✔ [2253/10115] Built Mathlib.Order.Interval.Set.Limit (2.0s)
✔ [2254/10115] Built Mathlib.Order.SuccPred.CompleteLinearOrder (5.3s)
✔ [2255/10115] Built Mathlib.Order.TransfiniteIteration (3.0s)
✔ [2256/10115] Built Mathlib.Data.Finite.Vector (3.8s)
✔ [2257/10115] Built Mathlib.Algebra.Order.SuccPred (6.7s)
✔ [2258/10115] Built Mathlib.Algebra.Group.Finsupp (8.4s)
✔ [2259/10115] Built Mathlib.Algebra.Order.Interval.Basic (13s)
✔ [2260/10115] Built Mathlib.Data.Finset.Functor (4.3s)
✔ [2261/10115] Built Mathlib.Data.Setoid.Partition (5.2s)
✔ [2262/10115] Built Mathlib.Data.Finset.Sym (6.2s)
✔ [2263/10115] Built Mathlib.Data.Fintype.BigOperators (6.4s)
✔ [2264/10115] Built Mathlib.Combinatorics.Enumerative.DoubleCounting (5.6s)
✔ [2265/10115] Built Mathlib.GroupTheory.Submonoid.Centralizer (3.5s)
✔ [2266/10115] Built Mathlib.GroupTheory.Congruence.Star (3.4s)
✔ [2267/10115] Built Mathlib.Data.Sum.Interval (14s)
✔ [2268/10115] Built Mathlib.RingTheory.Coprime.Lemmas (5.3s)
✔ [2269/10115] Built Mathlib.Algebra.Group.Pointwise.Finset.Scalar (7.9s)
✔ [2270/10115] Built Mathlib.Order.Interval.Finset.Basic (15s)
✔ [2271/10115] Built Mathlib.Algebra.Module.Congruence.Defs (5.2s)
✔ [2272/10115] Built Mathlib.Data.Fintype.Order (4.2s)
✔ [2273/10115] Built Mathlib.Algebra.Tropical.BigOperators (3.2s)
✔ [2274/10115] Built Mathlib.Order.Filter.AtTopBot.Finset (3.1s)
✔ [2275/10115] Built Mathlib.CategoryTheory.ComposableArrows.Basic (49s)
✔ [2276/10115] Built Mathlib.Order.Filter.Bases.Finite (3.2s)
✔ [2277/10115] Built Mathlib.GroupTheory.GroupAction.FixedPoints (6.1s)
✔ [2278/10115] Built Mathlib.Combinatorics.SimpleGraph.Dart (3.1s)
✔ [2279/10115] Built Mathlib.Combinatorics.Digraph.Orientation (3.3s)
✔ [2280/10115] Built Mathlib.Algebra.Order.BigOperators.Ring.Finset (8.4s)
✔ [2281/10115] Built Mathlib.Logic.Equiv.Multiset (2.6s)
✔ [2282/10115] Built Mathlib.Logic.Equiv.Array (2.4s)
✔ [2283/10115] Built Mathlib.Data.Set.Countable (3.2s)
✔ [2284/10115] Built Mathlib.Order.DirectedInverseSystem (13s)
✔ [2285/10115] Built Mathlib.Algebra.Order.Field.Rat (2.0s)
✔ [2286/10115] Built Mathlib.Combinatorics.SimpleGraph.Cayley (5.1s)
✔ [2287/10115] Built Mathlib.Tactic.Determinant.Bird (2.6s)
✔ [2288/10115] Built Mathlib.Data.Rat.Cast.Lemmas (2.6s)
✔ [2289/10115] Built Mathlib.Order.SupClosed (10s)
✔ [2290/10115] Built Mathlib.CategoryTheory.FiberedCategory.Fiber (4.3s)
✔ [2291/10115] Built Mathlib.Algebra.GroupWithZero.NonZeroDivisors (6.6s)
✔ [2292/10115] Built Mathlib.CategoryTheory.Groupoid.Discrete (2.9s)
✔ [2293/10115] Built Mathlib.CategoryTheory.FiberedCategory.Cocartesian (5.1s)
✔ [2294/10115] Built Mathlib.CategoryTheory.FiberedCategory.Cartesian (5.6s)
✔ [2295/10115] Built Mathlib.CategoryTheory.Groupoid.Basic (3.3s)
✔ [2296/10115] Built Mathlib.GroupTheory.Perm.Sign (6.0s)
✔ [2297/10115] Built Mathlib.CategoryTheory.Endomorphism (4.8s)
✔ [2298/10115] Built Mathlib.CategoryTheory.IsConnected (5.0s)
✔ [2299/10115] Built Mathlib.CategoryTheory.ObjectProperty.InheritedFromHom (2.7s)
✔ [2300/10115] Built Mathlib.RingTheory.NonUnitalSubsemiring.Basic (8.5s)
✔ [2301/10115] Built Mathlib.Order.Filter.AtTopBot.Ring (2.6s)
✔ [2302/10115] Built Mathlib.CategoryTheory.Widesubcategory (3.5s)
✔ [2303/10115] Built Mathlib.Topology.Defs.Ultrafilter (2.3s)
✔ [2304/10115] Built Mathlib.CategoryTheory.EpiMono (4.9s)
✔ [2305/10115] Built Mathlib.AlgebraicTopology.ModelCategory.CategoryWithCofibrations (4.1s)
✔ [2306/10115] Built Mathlib.CategoryTheory.FiberedCategory.BasedCategory (8.9s)
✔ [2307/10115] Built Mathlib.GroupTheory.MonoidLocalization.Lemmas (2.8s)
✔ [2308/10115] Built Mathlib.Algebra.Order.Star.Basic (11s)
✔ [2309/10115] Built Mathlib.CategoryTheory.Quotient (5.6s)
✔ [2310/10115] Built Mathlib.Algebra.Group.Pointwise.Finset.Basic (22s)
✔ [2311/10115] Built Mathlib.Order.Partition.Equipartition (4.1s)
✔ [2312/10115] Built Mathlib.GroupTheory.MonoidLocalization.Divisibility (2.9s)
✔ [2313/10115] Built Mathlib.Order.PFilter (2.9s)
✔ [2314/10115] Built Mathlib.Data.DFinsupp.Notation (3.1s)
✔ [2315/10115] Built Mathlib.Algebra.Group.Subgroup.Map (12s)
✔ [2316/10115] Built Mathlib.GroupTheory.MonoidLocalization.Order (5.2s)
✔ [2317/10115] Built Mathlib.Order.CountableDenseLinearOrder (3.9s)
✔ [2318/10115] Built Mathlib.Data.Finset.NatAntidiagonal (3.8s)
✔ [2319/10115] Built Mathlib.Data.Set.Finite.List (2.7s)
✔ [2320/10115] Built Mathlib.Data.Finsupp.SMulWithZero (2.9s)
✔ [2321/10115] Built Mathlib.Topology.Neighborhoods (4.4s)
✔ [2322/10115] Built Mathlib.Order.Filter.FilterProduct (5.3s)
✔ [2323/10115] Built Mathlib.Data.Finsupp.BigOperators (3.6s)
✔ [2324/10115] Built Mathlib.Data.Finsupp.Ext (2.5s)
✔ [2325/10115] Built Mathlib.SetTheory.Cardinal.Order (5.7s)
✔ [2326/10115] Built Mathlib.Data.List.ToFinsupp (3.8s)
✔ [2327/10115] Built Mathlib.Data.Nat.SuccPred (2.6s)
✔ [2328/10115] Built Mathlib.Algebra.Order.SuccPred.WithBot (2.5s)
✔ [2329/10115] Built Mathlib.Combinatorics.Additive.FreimanHom (24s)
✔ [2330/10115] Built Mathlib.Data.Finsupp.NeLocus (3.4s)
✔ [2331/10115] Built Mathlib.Data.PNat.Order (2.5s)
✔ [2332/10115] Built Mathlib.Order.IsNormal (6.1s)
✔ [2333/10115] Built Mathlib.Data.Sym.Sym2.Finsupp (2.9s)
✔ [2334/10115] Built Mathlib.Algebra.BigOperators.Sym (3.2s)
✔ [2335/10115] Built Mathlib.Algebra.Order.Interval.Finset.SuccPred (4.2s)
✔ [2336/10115] Built Mathlib.Data.Finsupp.Fintype (2.7s)
✔ [2337/10115] Built Mathlib.Algebra.Order.Interval.Set.SuccPred (4.9s)
✔ [2338/10115] Built Mathlib.Order.Restriction (3.2s)
✔ [2339/10115] Built Mathlib.Data.Fintype.CardEmbedding (3.4s)
✔ [2340/10115] Built Mathlib.Data.Sym.Card (5.1s)
✔ [2341/10115] Built Mathlib.Order.Interval.Finset.DenselyOrdered (3.1s)
✔ [2342/10115] Built Mathlib.Data.Pi.Interval (3.4s)
✔ [2343/10115] Built Mathlib.Algebra.Order.Hom.Lattice (2.9s)
✔ [2344/10115] Built Mathlib.Order.Interval.Multiset (3.7s)
✔ [2345/10115] Built Mathlib.Combinatorics.Additive.SubsetSum (4.2s)
✔ [2346/10115] Built Mathlib.Order.Filter.Pointwise (14s)
✔ [2347/10115] Built Mathlib.Data.Int.Interval (4.0s)
✔ [2348/10115] Built Mathlib.CategoryTheory.ComposableArrows.Two (2.9s)
✔ [2349/10115] Built Mathlib.Data.Sign.Basic (6.1s)
✔ [2350/10115] Built Mathlib.CategoryTheory.ComposableArrows.Three (4.3s)
✔ [2351/10115] Built Mathlib.CategoryTheory.ComposableArrows.One (3.7s)
✔ [2352/10115] Built Mathlib.Order.Birkhoff (4.9s)
✔ [2353/10115] Built Mathlib.CategoryTheory.ComposableArrows.Four (5.2s)
✔ [2354/10115] Built Mathlib.Order.Filter.AtTopBot.Finite (4.2s)
✔ [2355/10115] Built Mathlib.Order.Filter.Pi (4.3s)
✔ [2356/10115] Built Mathlib.Data.Nat.Factorial.BigOperators (3.3s)
✔ [2357/10115] Built Mathlib.Logic.Equiv.Finset (3.1s)
✔ [2358/10115] Built Mathlib.GroupTheory.GroupAction.FixingSubgroup (5.1s)
✔ [2359/10115] Built Mathlib.GroupTheory.MonoidLocalization.Maps (16s)
✔ [2360/10115] Built Mathlib.Data.Set.FiniteExhaustion (3.8s)
✔ [2361/10115] Built Mathlib.Order.Filter.CountableInter (4.5s)
✔ [2362/10115] Built Mathlib.Data.NNRat.Lemmas (3.1s)
✔ [2363/10115] Built Mathlib.Order.Filter.CountablyGenerated (3.4s)
✔ [2364/10115] Built Mathlib.Order.Filter.Interval (7.2s)
✔ [2365/10115] Built Mathlib.Data.Rat.Cast.OfScientific (2.9s)
✔ [2366/10115] Built Mathlib.Tactic.NormNum.OfScientific (4.2s)
✔ [2367/10115] Built Mathlib.MeasureTheory.MeasurableSpace.Defs (5.7s)
✔ [2368/10115] Built Mathlib.Algebra.Order.Monoid.PNat (3.0s)
✔ [2369/10115] Built Mathlib.RingTheory.OreLocalization.NonZeroDivisors (3.3s)
✔ [2370/10115] Built Mathlib.GroupTheory.Perm.Option (2.0s)
✔ [2371/10115] Built Mathlib.Algebra.Ring.NonZeroDivisors (3.6s)
✔ [2372/10115] Built Mathlib.CategoryTheory.FiberedCategory.Fibered (3.7s)
✔ [2373/10115] Built Mathlib.Combinatorics.SimpleGraph.Walk.Basic (10s)
✔ [2374/10115] Built Mathlib.Combinatorics.SimpleGraph.Maps (10s)
✔ [2375/10115] Built Mathlib.CategoryTheory.Conj (3.2s)
✔ [2376/10115] Built Mathlib.CategoryTheory.Center.Basic (2.0s)
✔ [2377/10115] Built Mathlib.Data.Rat.Cast.Order (8.1s)
✔ [2378/10115] Built Mathlib.Order.CountableSupClosed (7.6s)
✔ [2379/10115] Built Mathlib.CategoryTheory.ConnectedComponents (3.3s)
✔ [2380/10115] Built Mathlib.Data.Finset.Density (8.9s)
✔ [2381/10115] Built Mathlib.Algebra.Star.NonUnitalSubsemiring (2.9s)
✔ [2382/10115] Built Mathlib.Order.Sublocale (8.6s)
✔ [2383/10115] Built Mathlib.Data.Set.Sups (8.4s)
✔ [2384/10115] Built Mathlib.Order.Sublattice (8.2s)
✔ [2385/10115] Built Mathlib.CategoryTheory.Balanced (2.6s)
✔ [2386/10115] Built Mathlib.Order.Filter.AtTopBot.Field (4.3s)
✔ [2387/10115] Built Mathlib.Algebra.Order.Star.Conjneg (2.0s)
✔ [2388/10115] Built Mathlib.Algebra.Order.Star.Pi (3.3s)
✔ [2389/10115] Built Mathlib.Algebra.Order.Ring.Star (2.5s)
✔ [2390/10115] Built Mathlib.Data.Int.Star (2.0s)
✔ [2391/10115] Built Mathlib.Data.Rat.Star (3.7s)
✔ [2392/10115] Built Mathlib.Algebra.Order.Star.Prod (3.0s)
✔ [2393/10115] Built Mathlib.CategoryTheory.MorphismProperty.Quotient (2.4s)
✔ [2394/10115] Built Mathlib.CategoryTheory.Retract (5.5s)
✔ [2395/10115] Built Mathlib.CategoryTheory.Types.Basic (5.8s)
✔ [2396/10115] Built Mathlib.CategoryTheory.PathCategory.Basic (3.9s)
✔ [2397/10115] Built Mathlib.Algebra.Group.Pointwise.Finset.BigOperators (2.6s)
✔ [2398/10115] Built Mathlib.Algebra.Ring.Pointwise.Finset (2.5s)
✔ [2399/10115] Built Mathlib.Algebra.Ring.Action.Pointwise.Finset (2.7s)
✔ [2400/10115] Built Mathlib.Combinatorics.Additive.CovBySMul (4.1s)
✔ [2401/10115] Built Mathlib.Algebra.GroupWithZero.Pointwise.Finset (2.9s)
✔ [2402/10115] Built Mathlib.Algebra.Group.Action.Equidecomp (3.9s)
✔ [2403/10115] Built Mathlib.Order.PrimeIdeal (3.3s)
✔ [2404/10115] Built Mathlib.CategoryTheory.Monad.Basic (9.1s)
✔ [2405/10115] Built Mathlib.Algebra.Group.Action.Pointwise.Finset (5.7s)
✔ [2406/10115] Built Mathlib.Algebra.Group.Subgroup.ZPowers.Basic (3.3s)
✔ [2407/10115] Built Mathlib.Combinatorics.SimpleGraph.Regularity.Equitabilise (5.2s)
✔ [2408/10115] Built Mathlib.Algebra.BigOperators.NatAntidiagonal (2.6s)
✔ [2409/10115] Built Mathlib.Algebra.Group.Pointwise.Finset.Interval (6.3s)
✔ [2410/10115] Built Mathlib.Data.Nat.Factorial.NatCast (3.1s)
✔ [2411/10115] Built Mathlib.Topology.Partial (2.6s)
✔ [2412/10115] Built Mathlib.Algebra.Ring.Subsemiring.Basic (12s)
✔ [2413/10115] Built Mathlib.Topology.NhdsSet (3.7s)
✔ [2414/10115] Built Mathlib.Data.Nat.Fib.Basic (4.7s)
✔ [2415/10115] Built Mathlib.Data.Finsupp.Pointwise (3.6s)
✔ [2416/10115] Built Mathlib.Topology.ClusterPt (4.1s)
✔ [2417/10115] Built Mathlib.Combinatorics.Additive.Corner.Defs (3.3s)
✔ [2418/10115] Built Mathlib.Order.Monotone.MonovaryOrder (4.3s)
✔ [2419/10115] Built Mathlib.Data.Int.SuccPred (3.0s)
✔ [2420/10115] Built Mathlib.Order.Types.Arithmetic (4.9s)
✔ [2421/10115] Built Mathlib.Algebra.BigOperators.Finprod (26s)
✔ [2422/10115] Built Mathlib.Algebra.Order.Interval.Multiset (3.3s)
✔ [2423/10115] Built Mathlib.GroupTheory.GroupAction.Basic (9.7s)
✔ [2424/10115] Built Mathlib.Algebra.Order.Group.Int.Sum (3.6s)
✔ [2425/10115] Built Mathlib.Algebra.Group.UniqueProds.Basic (13s)
✔ [2426/10115] Built Mathlib.Algebra.Order.Floor.Div (7.4s)
✔ [2427/10115] Built Mathlib.Combinatorics.Additive.Energy (14s)
✔ [2428/10115] Built Mathlib.Order.Interval.Finset.Nat (5.5s)
✔ [2429/10115] Built Mathlib.Algebra.Order.Ring.Interval (3.2s)
✔ [2430/10115] Built Mathlib.Logic.Encodable.Pi (3.0s)
✔ [2431/10115] Built Mathlib.Order.Filter.AtTopBot.Floor (3.7s)
✔ [2432/10115] Built Mathlib.GroupTheory.MonoidLocalization.Away (3.6s)
✔ [2433/10115] Built Mathlib.Data.ENat.Basic (7.8s)
✔ [2434/10115] Built Mathlib.GroupTheory.MonoidLocalization.DivPairs (2.0s)
✔ [2435/10115] Built Mathlib.GroupTheory.MonoidLocalization.MonoidWithZero (3.9s)
✔ [2436/10115] Built Mathlib.Algebra.BigOperators.Group.Finset.Interval (5.3s)
✔ [2437/10115] Built Mathlib.SetTheory.Cardinal.Basic (9.6s)
✔ [2438/10115] Built Mathlib.Order.Filter.CountableSeparatingOn (3.0s)
✔ [2439/10115] Built Mathlib.Order.Filter.Subsingleton (2.9s)
✔ [2440/10115] Built Mathlib.MeasureTheory.MeasurableSpace.Invariants (2.8s)
✔ [2441/10115] Built Mathlib.GroupTheory.MonoidLocalization.GrothendieckGroup (4.8s)
✔ [2442/10115] Built Mathlib.Order.Filter.AtTopBot.CountablyGenerated (3.8s)
✔ [2443/10115] Built Mathlib.MeasureTheory.MeasurableSpace.EventuallyMeasurable (2.6s)
✔ [2444/10115] Built Mathlib.Order.Filter.Cofinite (4.1s)
✔ [2445/10115] Built Mathlib.Algebra.Group.Subgroup.Ker (14s)
✔ [2446/10115] Built Mathlib.MeasureTheory.MeasurableSpace.Instances (2.8s)
✔ [2447/10115] Built Mathlib.Combinatorics.SimpleGraph.Walks.Basic (2.3s)
✔ [2448/10115] Built Mathlib.MeasureTheory.MeasurableSpace.Basic (4.3s)
✔ [2449/10115] Built Mathlib.Combinatorics.SimpleGraph.Walk.Chord (2.9s)
✔ [2450/10115] Built Mathlib.Algebra.BigOperators.Finsupp.Basic (13s)
✔ [2451/10115] Built Mathlib.Combinatorics.Derangements.Basic (3.0s)
✔ [2452/10115] Built Mathlib.CategoryTheory.FiberedCategory.HasFibers (3.0s)
✔ [2453/10115] Built Mathlib.Tactic.NormNum (2.2s)
✔ [2454/10115] Built Mathlib.Algebra.BigOperators.Field (2.7s)
✔ [2455/10115] Built Mathlib.Tactic.Rify (2.0s)
✔ [2456/10115] Built Mathlib.Algebra.Order.Module.Rat (3.0s)
✔ [2457/10115] Built Mathlib.RingTheory.OreLocalization.Ring (6.1s)
✔ [2458/10115] Built Mathlib.Combinatorics.SimpleGraph.Walk.Traversal (5.4s)
✔ [2459/10115] Built Mathlib.CategoryTheory.MorphismProperty.Retract (3.3s)
✔ [2460/10115] Built Mathlib.CategoryTheory.LiftingProperties.Basic (4.1s)
✔ [2461/10115] Built Mathlib.CategoryTheory.Types.Set (2.7s)
✔ [2462/10115] Built Mathlib.Control.Fold (3.8s)
✔ [2463/10115] Built Mathlib.Algebra.QuadraticDiscriminant (4.0s)
✔ [2464/10115] Built Mathlib.Tactic.Positivity.Finset (5.8s)
✔ [2465/10115] Built Mathlib.Order.CompleteSublattice (5.0s)
✔ [2466/10115] Built Mathlib.CategoryTheory.UnivLE (2.6s)
✔ [2467/10115] Built Mathlib.Combinatorics.SimpleGraph.Finite (8.2s)
✔ [2468/10115] Built Mathlib.CategoryTheory.Core (5.9s)
✔ [2469/10115] Built Mathlib.CategoryTheory.Functor.Hom (2.9s)
✔ [2470/10115] Built Mathlib.CategoryTheory.Groupoid.VertexGroup (2.6s)
✔ [2471/10115] Built Mathlib.CategoryTheory.ConcreteCategory.Forget (3.2s)
✔ [2472/10115] Built Mathlib.Combinatorics.KatonaCircle (8.2s)
✔ [2473/10115] Built Mathlib.CategoryTheory.Limits.Types.ColimitType (4.6s)
✔ [2474/10115] Built Mathlib.CategoryTheory.Subfunctor.Basic (5.7s)
✔ [2475/10115] Built Mathlib.Algebra.Group.Pointwise.Finset.Density (2.9s)
✔ [2476/10115] Built Mathlib.CategoryTheory.Groupoid.FreeGroupoid (3.7s)
✔ [2477/10115] Built Mathlib.CategoryTheory.PathCategory.MorphismProperty (3.6s)
✔ [2478/10115] Built Mathlib.CategoryTheory.Category.RelCat (5.3s)
✔ [2479/10115] Built Mathlib.Order.PrimeSeparator (4.1s)
✔ [2480/10115] Built Mathlib.CategoryTheory.SmallObject.WellOrderInductionData (8.9s)
✔ [2481/10115] Built Mathlib.CategoryTheory.Category.Cat (8.4s)
✔ [2482/10115] Built Mathlib.RingTheory.LocalRing.Subring (2.4s)
✔ [2483/10115] Built Mathlib.Algebra.Star.Subsemiring (3.7s)
✔ [2484/10115] Built Mathlib.Algebra.GroupWithZero.Action.Pointwise.Finset (4.1s)
✔ [2485/10115] Built Mathlib.Combinatorics.Additive.ETransform (4.5s)
✔ [2486/10115] Built Mathlib.Algebra.Ring.SumsOfSquares (3.8s)
✔ [2487/10115] Built Mathlib.Data.Nat.Fib.Zeckendorf (3.8s)
✔ [2488/10115] Built Mathlib.Algebra.Ring.Subsemiring.MulOpposite (4.6s)
✔ [2489/10115] Built Mathlib.Algebra.FreeMonoid.UniqueProds (2.7s)
✔ [2490/10115] Built Mathlib.Topology.Continuous (4.3s)
✔ [2491/10115] Built Mathlib.Data.Int.Fib.Basic (5.0s)
✔ [2492/10115] Built Mathlib.Combinatorics.Additive.Convolution (7.1s)
✔ [2493/10115] Built Mathlib.Combinatorics.Enumerative.Pentagonal (4.4s)
✔ [2494/10115] Built Mathlib.Order.BooleanSubalgebra (14s)
✔ [2495/10115] Built Mathlib.Order.Grade (4.7s)
✔ [2496/10115] Built Mathlib.Algebra.BigOperators.GroupWithZero.Action (5.1s)
✔ [2497/10115] Built Mathlib.Order.PartialSups (4.2s)
✔ [2498/10115] Built Mathlib.Data.Finset.Slice (3.9s)
✔ [2499/10115] Built Mathlib.Order.Lattice.Nat (5.0s)
✔ [2500/10115] Built Mathlib.Data.DFinsupp.Encodable (3.1s)
✔ [2501/10115] Built Mathlib.Combinatorics.SetFamily.Shatter (4.4s)
✔ [2502/10115] Built Mathlib.Data.PNat.Interval (4.2s)
✔ [2503/10115] Built Mathlib.Data.W.Basic (4.1s)
✔ [2504/10115] Built Mathlib.Tactic.ENatToNat (4.6s)
✔ [2505/10115] Built Mathlib.SetTheory.Cardinal.Rat (3.5s)
✔ [2506/10115] Built Mathlib.Tactic.Simproc.FinsetInterval (8.9s)
✔ [2507/10115] Built Mathlib.Data.ENat.Pow (6.2s)
✔ [2508/10115] Built Mathlib.Algebra.Module.Card (3.7s)
✔ [2509/10115] Built Mathlib.Order.Interval.Finset.Fin (8.6s)
✔ [2510/10115] Built Mathlib.Computability.Encoding (5.0s)
✔ [2511/10115] Built Mathlib.SetTheory.Cardinal.ENat (6.9s)
✔ [2512/10115] Built Mathlib.SetTheory.ZFC.Cardinal (4.8s)
✔ [2513/10115] Built Mathlib.Computability.Primrec.List (9.3s)
✔ [2514/10115] Built Mathlib.SetTheory.Cardinal.Cofinality.Basic (6.3s)
✔ [2515/10115] Built Mathlib.Algebra.Order.Antidiag.Tendsto (3.4s)
✔ [2516/10115] Built Mathlib.Order.Filter.EventuallyConst (4.2s)
✔ [2517/10115] Built Mathlib.Order.Filter.Ultrafilter.Basic (4.6s)
✔ [2518/10115] Built Mathlib.Topology.Bornology.Basic (4.2s)
✔ [2519/10115] Built Mathlib.RingTheory.Multiplicity (12s)
✔ [2520/10115] Built Mathlib.GroupTheory.Subgroup.Saturated (3.2s)
✔ [2521/10115] Built Mathlib.GroupTheory.NoncommCoprod (4.7s)
✔ [2522/10115] Built Mathlib.Data.Analysis.Filter (6.8s)
✔ [2523/10115] Built Mathlib.Combinatorics.Tiling.Tile (5.6s)
✔ [2524/10115] Built Mathlib.ModelTheory.Basic (9.0s)
✔ [2525/10115] Built Mathlib.Order.Filter.IsBounded (7.7s)
✔ [2526/10115] Built Mathlib.GroupTheory.Perm.ClosureSwap (4.5s)
✔ [2527/10115] Built Mathlib.Algebra.Group.Subgroup.ZPowers.Lemmas (3.2s)
✔ [2528/10115] Built Mathlib.Algebra.Group.AddChar (7.8s)
✔ [2529/10115] Built Mathlib.Algebra.Ring.CentroidHom (22s)
✔ [2530/10115] Built Mathlib.Data.Finset.Finsupp (2.0s)
✔ [2531/10115] Built Mathlib.Algebra.Group.Subgroup.Finsupp (3.4s)
✔ [2532/10115] Built Mathlib.Algebra.Star.BigOperators (2.7s)
✔ [2533/10115] Built Mathlib.Algebra.Group.Submonoid.Finsupp (4.1s)
✔ [2534/10115] Built Mathlib.Algebra.BigOperators.Associated (3.6s)
✔ [2535/10115] Built Mathlib.NumberTheory.Divisors (20s)
✔ [2536/10115] Built Mathlib.SetTheory.Ordinal.Basic (16s)
✔ [2537/10115] Built Mathlib.Combinatorics.Derangements.Finite (3.1s)
✔ [2538/10115] Built Mathlib.Tactic.Linarith (2.1s)
✔ [2539/10115] Built Mathlib.Tactic.NormNum.NatFib (3.5s)
✔ [2540/10115] Built Mathlib.Algebra.Group.Graph (7.9s)
✔ [2541/10115] Built Mathlib.Computability.DFA (4.2s)
✔ [2542/10115] Built Mathlib.Data.List.Shortlex (3.6s)
✔ [2543/10115] Built Mathlib.Tactic.NormNum.NatLog (3.5s)
✔ [2544/10115] Built Mathlib.Tactic.NormNum.NatSqrt (2.9s)
✔ [2545/10115] Built Mathlib.Combinatorics.SimpleGraph.Walks.Traversal (2.2s)
✔ [2546/10115] Built Mathlib.Tactic.NormNum.NatFactorial (4.0s)
✔ [2547/10115] Built Mathlib.Algebra.Order.Monoid.LocallyFiniteOrder (12s)
✔ [2548/10115] Built Mathlib.Tactic.Positivity (2.5s)
✔ [2549/10115] Built Mathlib.CategoryTheory.Limits.Shapes.StrongEpi (3.8s)
✔ [2550/10115] Built Mathlib.Tactic.NormNum.GCD (6.5s)
✔ [2551/10115] Built Mathlib.Order.CompleteLattice.SetLike (3.1s)
✔ [2552/10115] Built Mathlib.GroupTheory.QuotientGroup.Defs (12s)
✔ [2553/10115] Built Mathlib.Tactic.IntervalCases (7.5s)
✔ [2554/10115] Built Mathlib.Combinatorics.SimpleGraph.Coloring.EdgeLabeling (4.0s)
✔ [2555/10115] Built Mathlib.Combinatorics.SimpleGraph.DeleteEdges (4.9s)
✔ [2556/10115] Built Mathlib.GroupTheory.FreeGroup.Basic (18s)
✔ [2557/10115] Built Mathlib.Algebra.Group.Subgroup.Basic (19s)
✔ [2558/10115] Built Mathlib.CategoryTheory.ConcreteCategory.ReflectsIso (3.7s)
✔ [2559/10115] Built Mathlib.CategoryTheory.Category.Cat.Op (3.2s)
✔ [2560/10115] Built Mathlib.CategoryTheory.Category.Cat.AsSmall (3.2s)
✔ [2561/10115] Built Mathlib.CategoryTheory.MorphismProperty.Concrete (4.7s)
✔ [2562/10115] Built Mathlib.Combinatorics.SimpleGraph.Walk.Operations (8.8s)
✔ [2563/10115] Built Mathlib.Combinatorics.Quiver.ReflQuiver (3.0s)
✔ [2564/10115] Built Mathlib.CategoryTheory.Groupoid.Subgroupoid (6.2s)
✔ [2565/10115] Built Mathlib.GroupTheory.Coprod.Basic (21s)
✔ [2566/10115] Built Mathlib.Order.Category.Preord (3.7s)
✔ [2567/10115] Built Mathlib.CategoryTheory.IsomorphismClasses (3.3s)
✔ [2568/10115] Built Mathlib.Tactic.CategoryTheory.ToApp (4.8s)
✔ [2569/10115] Built Mathlib.Algebra.Ring.Semireal.Defs (3.3s)
✔ [2570/10115] Built Mathlib.Topology.Order.Hom.Basic (3.6s)
✔ [2571/10115] Built Mathlib.RingTheory.Localization.Defs (13s)
✔ [2572/10115] Built Mathlib.Topology.Separation.SeparatedNhds (4.4s)
✔ [2573/10115] Built Mathlib.Data.Finset.Grade (3.4s)
✔ [2574/10115] Built Mathlib.Order.KonigLemma (4.8s)
✔ [2575/10115] Built Mathlib.Algebra.Category.Semigrp.Basic (10s)
✔ [2576/10115] Built Mathlib.Data.Int.Fib.Lemmas (5.2s)
✔ [2577/10115] Built Mathlib.Algebra.Module.BigOperators (4.0s)
✔ [2578/10115] Built Mathlib.Algebra.Order.SuccPred.PartialSups (4.0s)
✔ [2579/10115] Built Mathlib.Topology.Order (6.9s)
✔ [2580/10115] Built Mathlib.Algebra.Order.Group.PartialSups (3.7s)
✔ [2581/10115] Built Mathlib.Algebra.Category.MonCat.Basic (13s)
✔ [2582/10115] Built Mathlib.Order.Interval.Set.OrdConnectedLinear (4.3s)
✔ [2583/10115] Built Mathlib.Data.Finsupp.Basic (22s)
✔ [2584/10115] Built Mathlib.Data.Nat.Lattice (2.9s)
✔ [2585/10115] Built Mathlib.RingTheory.Nilpotent.Defs (3.3s)
✔ [2586/10115] Built Mathlib.Data.ENat.Lattice (5.9s)
✔ [2587/10115] Built Mathlib.Dynamics.PeriodicPts.Lemmas (5.1s)
✔ [2588/10115] Built Mathlib.Algebra.BigOperators.Expect (8.6s)
✔ [2589/10115] Built Mathlib.Order.OrderIsoNat (5.2s)
✔ [2590/10115] Built Mathlib.Order.SetAccumulate (4.1s)
✔ [2591/10115] Built Mathlib.Data.Rat.Cardinal (2.5s)
✔ [2592/10115] Built Mathlib.Data.W.Constructions (3.8s)
✔ [2593/10115] Built Mathlib.Data.List.PeriodicityLemma (6.7s)
✔ [2594/10115] Built Mathlib.NumberTheory.ADEInequality (5.1s)
✔ [2595/10115] Built Mathlib.Data.PFunctor.Univariate.Basic (3.7s)
✔ [2596/10115] Built Mathlib.Computability.Primrec (3.6s)
✔ [2597/10115] Built Mathlib.Data.Fintype.Fin (4.4s)
✔ [2598/10115] Built Mathlib.SetTheory.Cardinal.ToNat (4.4s)
✔ [2599/10115] Built Mathlib.Order.Disjointed (5.2s)
✔ [2600/10115] Built Mathlib.NumberTheory.Padics.PadicVal.Defs (3.8s)
✔ [2601/10115] Built Mathlib.Topology.Ultrafilter (4.4s)
✔ [2602/10115] Built Mathlib.Data.Seq.Basic (7.2s)
✔ [2603/10115] Built Mathlib.Topology.Bornology.Constructions (4.4s)
✔ [2604/10115] Built Mathlib.Topology.Bornology.Hom (4.6s)
✔ [2605/10115] Built Mathlib.Data.DFinsupp.BigOperators (14s)
✔ [2606/10115] Built Mathlib.MeasureTheory.Constructions.AddChar (3.2s)
✔ [2607/10115] Built Mathlib.Data.Matrix.Mul (16s)
✔ [2608/10115] Built Mathlib.Topology.Bornology.Absorbs (6.4s)
✔ [2609/10115] Built Mathlib.Tactic.Simproc.Divisors (2.8s)
✔ [2610/10115] Built Mathlib.Algebra.Star.CentroidHom (5.1s)
✔ [2611/10115] Built Mathlib.Data.Finset.NatDivisors (3.7s)
✔ [2612/10115] Built Mathlib.Data.Finset.Sups (16s)
✔ [2613/10115] Built Mathlib.Computability.Partrec (9.5s)
✔ [2614/10115] Built Mathlib.Combinatorics.Additive.AP.Three.Defs (10s)
✔ [2615/10115] Built Mathlib.SetTheory.Ordinal.Univ (4.3s)
✔ [2616/10115] Built Mathlib.Data.Nat.Choose.Central (4.3s)
✔ [2617/10115] Built Mathlib.RingTheory.UniqueFactorizationDomain.Basic (6.5s)
✔ [2618/10115] Built Mathlib.ModelTheory.LanguageMap (8.7s)
✔ [2619/10115] Built Mathlib.Data.Nat.Digits.Defs (5.0s)
✔ [2620/10115] Built Mathlib.Computability.MyhillNerode (4.3s)
✔ [2621/10115] Built Mathlib.Data.Rat.NatSqrt.Defs (3.5s)
✔ [2622/10115] Built Mathlib.Order.LiminfLimsup (10s)
✔ [2623/10115] Built Mathlib.Analysis.SpecialFunctions.Pow.NthRootLemmas (5.3s)
✔ [2624/10115] Built Mathlib.Algebra.Order.Floor.Semifield (7.3s)
✔ [2625/10115] Built Mathlib.Computability.NFA (6.1s)
✔ [2626/10115] Built Mathlib.Tactic.NormNum.IsCoprime (4.5s)
✔ [2627/10115] Built Mathlib.CategoryTheory.Yoneda (34s)
✔ [2628/10115] Built Mathlib.SetTheory.Descriptive.Tree (4.6s)
✔ [2629/10115] Built Mathlib.GroupTheory.QuotientGroup.ModEq (2.7s)
✔ [2630/10115] Built Mathlib.Combinatorics.SimpleGraph.EdgeLabeling (2.7s)
✔ [2631/10115] Built Mathlib.Algebra.CharZero.Quotient (3.6s)
✔ [2632/10115] Built Mathlib.SetTheory.Ordinal.Arithmetic (13s)
✔ [2633/10115] Built Mathlib.Combinatorics.SimpleGraph.Density (9.6s)
✔ [2634/10115] Built Mathlib.GroupTheory.FreeGroup.IsFreeGroup (3.6s)
✔ [2635/10115] Built Mathlib.Geometry.Group.Growth.QuotientInter (6.1s)
✔ [2636/10115] Built Mathlib.Tactic.NormNum.IsSquare (8.4s)
✔ [2637/10115] Built Mathlib.GroupTheory.Subgroup.Simple (3.7s)
✔ [2638/10115] Built Mathlib.Algebra.Pointwise.Stabilizer (8.5s)
✔ [2639/10115] Built Mathlib.Algebra.Group.Subgroup.Order (3.9s)
✔ [2640/10115] Built Mathlib.Combinatorics.SimpleGraph.Walks.Operations (2.3s)
✔ [2641/10115] Built Mathlib.GroupTheory.FreeGroup.Reduce (6.4s)
✔ [2642/10115] Built Mathlib.GroupTheory.Subgroup.Center (4.7s)
✔ [2643/10115] Built Mathlib.Algebra.Group.Subgroup.MulOppositeLemmas (5.1s)
✔ [2644/10115] Built Mathlib.NumberTheory.EllipticDivisibilitySequence (17s)
✔ [2645/10115] Built Mathlib.Combinatorics.SimpleGraph.Walk.Maps (5.5s)
✔ [2646/10115] Built Mathlib.GroupTheory.PresentedGroup (5.3s)
✔ [2647/10115] Built Mathlib.Combinatorics.Additive.PluenneckeRuzsa (15s)
✔ [2648/10115] Built Mathlib.Topology.Order.Hom.Esakia (5.0s)
✔ [2649/10115] Built Mathlib.RingTheory.Localization.Integer (4.2s)
✔ [2650/10115] Built Mathlib.Data.Finset.Interval (4.3s)
✔ [2651/10115] Built Mathlib.Algebra.Order.Floor.Ring (18s)
✔ [2652/10115] Built Mathlib.RingTheory.NonUnitalSubring.Basic (10s)
✔ [2653/10115] Built Mathlib.Topology.Instances.ZMod (3.8s)
✔ [2654/10115] Built Mathlib.Combinatorics.SimpleGraph.Subgraph (13s)
✔ [2655/10115] Built Mathlib.GroupTheory.Coset.Basic (13s)
✔ [2656/10115] Built Mathlib.Combinatorics.Pigeonhole (6.0s)
✔ [2657/10115] Built Mathlib.CategoryTheory.SingleObj (4.8s)
✔ [2658/10115] Built Mathlib.Topology.Maps.Basic (5.5s)
✔ [2659/10115] Built Mathlib.GroupTheory.Goursat (14s)
✔ [2660/10115] Built Mathlib.Topology.UniformSpace.Defs (6.8s)
✔ [2661/10115] Built Mathlib.Data.Finsupp.Multiset (5.5s)
✔ [2662/10115] Built Mathlib.CategoryTheory.Bicategory.Functor.Oplax (11s)
✔ [2663/10115] Built Mathlib.Combinatorics.Enumerative.InclusionExclusion (8.5s)
✔ [2664/10115] Built Mathlib.Data.Finsupp.Sigma (3.5s)
✔ [2665/10115] Built Mathlib.Data.Finsupp.SMul (4.4s)
✔ [2666/10115] Built Mathlib.Data.Finsupp.AList (3.5s)
✔ [2667/10115] Built Mathlib.Data.ENat.BigOperators (3.2s)
✔ [2668/10115] Built Mathlib.Algebra.BigOperators.Balance (3.2s)
✔ [2669/10115] Built Mathlib.Data.Set.Accumulate (2.2s)
✔ [2670/10115] Built Mathlib.Data.Finsupp.Option (4.9s)
✔ [2671/10115] Built Mathlib.CategoryTheory.Bicategory.Functor.Lax (14s)
✔ [2672/10115] Built Mathlib.Order.WellQuasiOrder (3.6s)
✔ [2673/10115] Built Mathlib.Order.SetDissipate (3.6s)
✔ [2674/10115] Built Mathlib.Data.Finsupp.Order (9.6s)
✔ [2675/10115] Built Mathlib.Data.PFunctor.Multivariate.Basic (3.8s)
✔ [2676/10115] Built Mathlib.Data.Nat.Nth (5.2s)
✔ [2677/10115] Built Mathlib.Data.Fin.Tuple.Sort (4.7s)
✔ [2678/10115] Built Mathlib.Algebra.Order.Disjointed (3.6s)
✔ [2679/10115] Built Mathlib.Data.PFunctor.Univariate.M (6.4s)
✔ [2680/10115] Built Mathlib.Algebra.ContinuedFractions.Translations (3.8s)
✔ [2681/10115] Built Mathlib.Topology.Category.Born (3.4s)
✔ [2682/10115] Built Mathlib.Algebra.Order.BigOperators.Expect (9.6s)
✔ [2683/10115] Built Mathlib.SetTheory.Cardinal.Finite (6.3s)
✔ [2684/10115] Built Mathlib.Topology.Order.Bornology (4.6s)
✔ [2685/10115] Built Mathlib.Order.CompactlyGenerated.Basic (9.3s)
✔ [2686/10115] Built Mathlib.Algebra.Category.Grp.Basic (15s)
✔ [2687/10115] Built Mathlib.Algebra.Order.BigOperators.Group.LocallyFinite (6.0s)
✔ [2688/10115] Built Mathlib.Data.DFinsupp.Submonoid (3.7s)
✔ [2689/10115] Built Mathlib.GroupTheory.Congruence.BigOperators (4.9s)
✔ [2690/10115] Built Mathlib.Data.DFinsupp.Interval (4.0s)
✔ [2691/10115] Built Mathlib.Combinatorics.SimpleGraph.IncMatrix (4.2s)
✔ [2692/10115] Built Mathlib.Data.DFinsupp.Multiset (4.5s)
✔ [2693/10115] Built Mathlib.LinearAlgebra.Matrix.Orthogonal (3.3s)
✔ [2694/10115] Built Mathlib.MeasureTheory.MeasurableSpace.Constructions (10s)
✔ [2695/10115] Built Mathlib.LinearAlgebra.Matrix.Integer (5.2s)
✔ [2696/10115] Built Mathlib.Data.WSeq.Basic (9.7s)
✔ [2697/10115] Built Mathlib.LinearAlgebra.Matrix.Irreducible.Defs (5.1s)
✔ [2698/10115] Built Mathlib.Computability.RecursiveIn (3.9s)
✔ [2699/10115] Built Mathlib.Order.RelSeries (15s)
✔ [2700/10115] Built Mathlib.LinearAlgebra.Matrix.SemiringInverse (6.8s)
✔ [2701/10115] Built Mathlib.LinearAlgebra.Matrix.Action (5.1s)
✔ [2702/10115] Built Mathlib.SetTheory.Cardinal.UnivLE (3.8s)
✔ [2703/10115] Built Mathlib.GroupTheory.MonoidLocalization.UniqueFactorization (4.3s)
✔ [2704/10115] Built Mathlib.Data.Matrix.PEquiv (7.2s)
✔ [2705/10115] Built Mathlib.Algebra.Category.MonCat.ForgetCorepresentable (3.9s)
✔ [2706/10115] Built Mathlib.CategoryTheory.ConcreteCategory.Representable (2.7s)
✔ [2707/10115] Built Mathlib.RingTheory.UniqueFactorizationDomain.NormalizedFactors (6.3s)
✔ [2708/10115] Built Mathlib.CategoryTheory.RepresentedBy (4.1s)
✔ [2709/10115] Built Mathlib.Computability.EpsilonNFA (5.9s)
✔ [2710/10115] Built Mathlib.CategoryTheory.Profunctor.Basic (5.5s)
✔ [2711/10115] Built Mathlib.RingTheory.UniqueFactorizationDomain.FactorSet (8.5s)
✔ [2712/10115] Built Mathlib.Combinatorics.SetFamily.FourFunctions (10s)
✔ [2713/10115] Built Mathlib.Algebra.Category.MonCat.Yoneda (6.9s)
✔ [2714/10115] Built Mathlib.Topology.Algebra.InfiniteSum.SummationFilter (9.5s)
✔ [2715/10115] Built Mathlib.SetTheory.Ordinal.Commute (3.6s)
✔ [2716/10115] Built Mathlib.Combinatorics.SetFamily.Shadow (12s)
✔ [2717/10115] Built Mathlib.SetTheory.Ordinal.FixedPointApproximants (5.4s)
✔ [2718/10115] Built Mathlib.Combinatorics.SimpleGraph.Regularity.Energy (3.7s)
✔ [2719/10115] Built Mathlib.GroupTheory.FreeGroup.Orbit (3.0s)
✔ [2720/10115] Built Mathlib.Algebra.GroupWithZero.Action.Center (3.2s)
✔ [2721/10115] Built Mathlib.Algebra.MonoidAlgebra.Defs (32s)
✔ [2722/10115] Built Mathlib.Algebra.Group.Subgroup.Actions (3.8s)
✔ [2723/10115] Built Mathlib.ModelTheory.Syntax (13s)
✔ [2724/10115] Built Mathlib.Combinatorics.SimpleGraph.Walks.Maps (2.9s)
✔ [2725/10115] Built Mathlib.SetTheory.Ordinal.Family (9.4s)
✔ [2726/10115] Built Mathlib.GroupTheory.FreeGroup.CyclicallyReduced (7.1s)
✔ [2727/10115] Built Mathlib.GroupTheory.Subgroup.Centralizer (6.2s)
✔ [2728/10115] Built Mathlib.Combinatorics.SimpleGraph.Regularity.Uniform (9.4s)
✔ [2729/10115] Built Mathlib.Combinatorics.SimpleGraph.Walk.Subwalks (6.5s)
✔ [2730/10115] Built Mathlib.Topology.Maps.OpenQuotient (3.3s)
✔ [2731/10115] Built Mathlib.Algebra.Order.Round (6.5s)
✔ [2732/10115] Built Mathlib.Topology.UniformSpace.OfFun (4.0s)
✔ [2733/10115] Built Mathlib.Computability.PartrecCode (21s)
✔ [2734/10115] Built Mathlib.Combinatorics.SimpleGraph.Operations (6.5s)
✔ [2735/10115] Built Mathlib.NumberTheory.ClassNumber.AdmissibleAbsoluteValue (4.7s)
✔ [2736/10115] Built Mathlib.Data.Finsupp.ToDFinsupp (5.1s)
✔ [2737/10115] Built Mathlib.Algebra.BigOperators.Fin (34s)
✔ [2738/10115] Built Mathlib.Data.Complex.BigOperators (3.7s)
✔ [2739/10115] Built Mathlib.LinearAlgebra.Finsupp.SumProd (4.0s)
✔ [2740/10115] Built Mathlib.Combinatorics.SimpleGraph.Copy (9.9s)
✔ [2741/10115] Built Mathlib.CategoryTheory.Adjunction.Basic (18s)
✔ [2742/10115] Built Mathlib.Combinatorics.Additive.DoublingConst (11s)
✔ [2743/10115] Built Mathlib.Data.Set.Dissipate (1.0s)
✔ [2744/10115] Built Mathlib.LinearAlgebra.ConvexSpace (2.8s)
✔ [2745/10115] Built Mathlib.GroupTheory.CoprodI (18s)
✔ [2746/10115] Built Mathlib.Data.Finsupp.Antidiagonal (4.1s)
✔ [2747/10115] Built Mathlib.Data.Finsupp.Interval (3.7s)
✔ [2748/10115] Built Mathlib.Data.QPF.Multivariate.Basic (3.6s)
✔ [2749/10115] Built Mathlib.Order.WellFoundedSet (8.6s)
✔ [2750/10115] Built Mathlib.Data.Nat.Factorization.Defs (4.0s)
✔ [2751/10115] Built Mathlib.Data.Nat.Prime.Nth (2.9s)
✔ [2752/10115] Built Mathlib.MeasureTheory.PiSystem (6.5s)
✔ [2753/10115] Built Mathlib.Data.PFunctor.Multivariate.W (4.4s)
✔ [2754/10115] Built Mathlib.Data.Fin.Tuple.BubbleSortInduction (3.1s)
✔ [2755/10115] Built Mathlib.LinearAlgebra.Finsupp.Defs (11s)
✔ [2756/10115] Built Mathlib.Algebra.ContinuedFractions.TerminatedStable (2.8s)
✔ [2757/10115] Built Mathlib.Algebra.ContinuedFractions.ContinuantsRecurrence (2.7s)
✔ [2758/10115] Built Mathlib.Algebra.Ring.Subring.Basic (19s)
✔ [2759/10115] Built Mathlib.Data.PFunctor.Multivariate.M (4.5s)
✔ [2760/10115] Built Mathlib.Algebra.ContinuedFractions.Computation.Translations (3.9s)
✔ [2761/10115] Built Mathlib.Data.QPF.Univariate.Basic (4.5s)
✔ [2762/10115] Built Mathlib.Algebra.GroupWithZero.Units.Fintype (3.1s)
✔ [2763/10115] Built Mathlib.Order.Interval.Finset.Box (5.4s)
✔ [2764/10115] Built Mathlib.Algebra.GroupWithZero.Pointwise.Set.Card (2.4s)
✔ [2765/10115] Built Mathlib.Combinatorics.Additive.RuzsaCovering (4.7s)
✔ [2766/10115] Built Mathlib.Algebra.BigOperators.Ring.Nat (4.6s)
✔ [2767/10115] Built Mathlib.Combinatorics.Additive.SmallTripling (22s)
✔ [2768/10115] Built Mathlib.SetTheory.Cardinal.NatCard (3.6s)
✔ [2769/10115] Built Mathlib.Algebra.Category.Grp.FiniteGrp (2.8s)
✔ [2770/10115] Built Mathlib.Order.CompactlyGenerated.Intervals (2.0s)
✔ [2771/10115] Built Mathlib.GroupTheory.Coset.Card (6.7s)
✔ [2772/10115] Built Mathlib.Order.BooleanGenerators (3.4s)
✔ [2773/10115] Built Mathlib.CategoryTheory.Sites.NonabelianCohomology.H1 (3.0s)
✔ [2774/10115] Built Mathlib.Algebra.Category.Grp.EquivalenceGroupAddGroup (4.2s)
✔ [2775/10115] Built Mathlib.MeasureTheory.MeasurableSpace.PreorderRestrict (2.6s)
✔ [2776/10115] Built Mathlib.RingTheory.Congruence.BigOperators (3.2s)
✔ [2777/10115] Built Mathlib.Data.Multiset.Interval (3.3s)
✔ [2778/10115] Built Mathlib.CategoryTheory.Bicategory.Functor.Pseudofunctor (19s)
✔ [2779/10115] Built Mathlib.Algebra.Category.Grp.Yoneda (5.0s)
✔ [2780/10115] Built Mathlib.MeasureTheory.MeasurableSpace.MeasurablyGenerated (4.5s)
✔ [2781/10115] Built Mathlib.CategoryTheory.Bicategory.NaturalTransformation.Lax (21s)
✔ [2782/10115] Built Mathlib.CategoryTheory.Bicategory.NaturalTransformation.Oplax (24s)
✔ [2783/10115] Built Mathlib.Computability.TuringDegree (3.7s)
✔ [2784/10115] Built Mathlib.Data.WSeq.Defs (5.0s)
✔ [2785/10115] Built Mathlib.Data.Matrix.Action (2.9s)
✔ [2786/10115] Built Mathlib.RingTheory.UniqueFactorizationDomain.Localization (3.5s)
✔ [2787/10115] Built Mathlib.RingTheory.UniqueFactorizationDomain.Finsupp (4.6s)
✔ [2788/10115] Built Mathlib.Data.WSeq.Relation (7.1s)
✔ [2789/10115] Built Mathlib.Algebra.BigOperators.Intervals (10s)
✔ [2790/10115] Built Mathlib.RingTheory.UniqueFactorizationDomain.Nat (3.0s)
✔ [2791/10115] Built Mathlib.Algebra.GroupWithZero.Torsion (4.0s)
✔ [2792/10115] Built Mathlib.Algebra.DirectSum.Basic (11s)
✔ [2793/10115] Built Mathlib.RingTheory.UniqueFactorizationDomain.Multiplicity (5.2s)
✔ [2794/10115] Built Mathlib.RingTheory.UniqueFactorizationDomain.Finite (3.3s)
✔ [2795/10115] Built Mathlib.Data.Set.Card (15s)
✔ [2796/10115] Built Mathlib.Algebra.Category.Ring.Basic (13s)
✔ [2797/10115] Built Mathlib.RingTheory.UniqueFactorizationDomain.Multiplicative (4.9s)
✔ [2798/10115] Built Mathlib.Order.JordanHolder (9.3s)
✔ [2799/10115] Built Mathlib.Combinatorics.Enumerative.IncidenceAlgebra (14s)
✔ [2800/10115] Built Mathlib.RingTheory.UniqueFactorizationDomain.GCDMonoid (4.1s)
✔ [2801/10115] Built Mathlib.Algebra.MonoidAlgebra.Lift (4.3s)
✔ [2802/10115] Built Mathlib.SetTheory.Ordinal.Rank (3.3s)
✔ [2803/10115] Built Mathlib.CategoryTheory.Limits.Cones (48s)
✔ [2804/10115] Built Mathlib.Algebra.MonoidAlgebra.Division (4.9s)
✔ [2805/10115] Built Mathlib.MeasureTheory.MeasurableSpace.Embedding (13s)
✔ [2806/10115] Built Mathlib.Combinatorics.SetFamily.LYM (6.9s)
✔ [2807/10115] Built Mathlib.SetTheory.Ordinal.Enum (4.5s)
✔ [2808/10115] Built Mathlib.SetTheory.Cardinal.Cofinality.Enum (6.2s)
✔ [2809/10115] Built Mathlib.SetTheory.Ordinal.Exponential (6.2s)
✔ [2810/10115] Built Mathlib.Combinatorics.SimpleGraph.Walks.Subwalks (2.0s)
✔ [2811/10115] Built Mathlib.Combinatorics.SetFamily.Compression.UV (7.9s)
✔ [2812/10115] Built Mathlib.Topology.UniformSpace.AbsoluteValue (2.0s)
✔ [2813/10115] Built Mathlib.Order.KrullDimension (15s)
✔ [2814/10115] Built Mathlib.GroupTheory.GroupAction.ConjAct (5.7s)
✔ [2815/10115] Built Mathlib.Computability.PartrecBasis (3.4s)
✔ [2816/10115] Built Mathlib.Data.DFinsupp.Small (2.9s)
✔ [2817/10115] Built Mathlib.Data.Finsupp.Encodable (3.1s)
✔ [2818/10115] Built Mathlib.Computability.RE (3.8s)
✔ [2819/10115] Built Mathlib.Combinatorics.SimpleGraph.Walk.Decomp (6.6s)
✔ [2820/10115] Built Mathlib.Topology.Homeomorph.Defs (7.1s)
✔ [2821/10115] Built Mathlib.Testing.Plausible.Functions (5.0s)
✔ [2822/10115] Built Mathlib.ModelTheory.Semantics (12s)
✔ [2823/10115] Built Mathlib.Combinatorics.Enumerative.Catalan.Basic (5.6s)
✔ [2824/10115] Built Mathlib.Algebra.BigOperators.Finsupp.Fin (3.2s)
✔ [2825/10115] Built Mathlib.Combinatorics.Enumerative.Schroder (5.5s)
✔ [2826/10115] Built Mathlib.Computability.Ackermann (6.7s)
✔ [2827/10115] Built Mathlib.Data.Fin.Tuple.Reflection (5.4s)
✔ [2828/10115] Built Mathlib.Combinatorics.SimpleGraph.LineGraph (4.0s)
✔ [2829/10115] Built Mathlib.Data.Fin.Tuple.NatAntidiagonal (4.9s)
✔ [2830/10115] Built Mathlib.Combinatorics.SimpleGraph.Extremal.Basic (4.6s)
✔ [2831/10115] Built Mathlib.Data.Rat.Floor (11s)
✔ [2832/10115] Built Mathlib.CategoryTheory.Category.GaloisConnection (2.7s)
✔ [2833/10115] Built Mathlib.CategoryTheory.Category.Cat.Adjunction (3.8s)
✔ [2834/10115] Built Mathlib.CategoryTheory.Category.Pointed (3.3s)
✔ [2835/10115] Built Mathlib.CategoryTheory.CodiscreteCategory (3.1s)
✔ [2836/10115] Built Mathlib.CategoryTheory.LiftingProperties.Adjunction (3.2s)
✔ [2837/10115] Built Mathlib.Order.Category.PartOrd (4.8s)
✔ [2838/10115] Built Mathlib.Algebra.Category.MonCat.Adjunctions (6.4s)
✔ [2839/10115] Built Mathlib.CategoryTheory.Adjunction.Whiskering (4.4s)
✔ [2840/10115] Built Mathlib.GroupTheory.GroupAction.SubMulAction (17s)
✔ [2841/10115] Built Mathlib.Combinatorics.Enumerative.Composition (9.3s)
✔ [2842/10115] Built Mathlib.CategoryTheory.Adjunction.Opposites (3.9s)
✔ [2843/10115] Built Mathlib.CategoryTheory.Monad.Kleisli (4.4s)
✔ [2844/10115] Built Mathlib.CategoryTheory.Category.Quiv (4.3s)
✔ [2845/10115] Built Mathlib.Data.QPF.Multivariate.Constructions.Comp (3.0s)
✔ [2846/10115] Built Mathlib.Data.QPF.Multivariate.Constructions.Const (2.7s)
✔ [2847/10115] Built Mathlib.CategoryTheory.Adjunction.Restrict (3.9s)
✔ [2848/10115] Built Mathlib.Data.QPF.Multivariate.Constructions.Sigma (2.0s)
✔ [2849/10115] Built Mathlib.Algebra.MonoidAlgebra.MapDomain (19s)
✔ [2850/10115] Built Mathlib.Data.QPF.Multivariate.Constructions.Prj (2.6s)
✔ [2851/10115] Built Mathlib.CategoryTheory.Adjunction.FullyFaithful (4.4s)
✔ [2852/10115] Built Mathlib.Data.QPF.Multivariate.Constructions.Quot (2.7s)
✔ [2853/10115] Built Mathlib.CategoryTheory.Adjunction.Parametrized (4.6s)
✔ [2854/10115] Built Mathlib.GroupTheory.Commutator.Basic (18s)
✔ [2855/10115] Built Mathlib.Data.Finsupp.PWO (2.5s)
✔ [2856/10115] Built Mathlib.Data.Nat.Factorization.Root (3.8s)
✔ [2857/10115] Built Mathlib.Data.Nat.Factorization.Induction (3.4s)
✔ [2858/10115] Built Mathlib.Data.Nat.Factorization.Divisors (4.5s)
✔ [2859/10115] Built Mathlib.Data.Set.SMulAntidiagonal (4.1s)
✔ [2860/10115] Built Mathlib.Data.Set.MulAntidiagonal (4.2s)
✔ [2861/10115] Built Mathlib.MeasureTheory.MeasurableSpace.Pi (4.4s)
✔ [2862/10115] Built Mathlib.Algebra.ContinuedFractions.Determinant (4.5s)
✔ [2863/10115] Built Mathlib.Data.QPF.Multivariate.Constructions.Fix (5.1s)
✔ [2864/10115] Built Mathlib.Algebra.Group.ConjFinite (3.0s)
✔ [2865/10115] Built Mathlib.Data.Nat.Factorization.Basic (6.9s)
✔ [2866/10115] Built Mathlib.RingTheory.HahnSeries.Basic (6.8s)
✔ [2867/10115] Built Mathlib.Data.DFinsupp.Lex (7.2s)
✔ [2868/10115] Built Mathlib.Algebra.ContinuedFractions.ConvergentsEquiv (5.4s)
✔ [2869/10115] Built Mathlib.Algebra.Group.Submonoid.Pointwise (7.5s)
✔ [2870/10115] Built Mathlib.Data.Fintype.Units (3.2s)
✔ [2871/10115] Built Mathlib.Algebra.Ring.Subring.MulOpposite (5.2s)
✔ [2872/10115] Built Mathlib.Data.Finite.Card (2.4s)
✔ [2873/10115] Built Mathlib.CategoryTheory.Adjunction.Mates (12s)
✔ [2874/10115] Built Mathlib.CategoryTheory.Bicategory.Functor.Cat (3.8s)
✔ [2875/10115] Built Mathlib.Data.QPF.Multivariate.Constructions.Cofix (7.4s)
✔ [2876/10115] Built Mathlib.Algebra.ContinuedFractions.Computation.CorrectnessTerminating (7.2s)
✔ [2877/10115] Built Mathlib.Data.WSeq.Productive (2.4s)
✔ [2878/10115] Built Mathlib.Algebra.Group.Subgroup.Finite (6.1s)
✔ [2879/10115] Built Mathlib.MeasureTheory.SetSemiring (9.8s)
✔ [2880/10115] Built Mathlib.CategoryTheory.Skeletal (5.9s)
✔ [2881/10115] Built Mathlib.Data.Nat.Factorial.SuperFactorial (4.1s)
✔ [2882/10115] Built Mathlib.Data.Seq.Parallel (5.7s)
✔ [2883/10115] Built Mathlib.Algebra.BigOperators.Module (4.7s)
✔ [2884/10115] Built Mathlib.Algebra.Ring.GeomSum (5.1s)
✔ [2885/10115] Built Mathlib.Data.Nat.Digits.Lemmas (6.2s)
✔ [2886/10115] Built Mathlib.CategoryTheory.Bicategory.Modification.Lax (9.3s)
✔ [2887/10115] Built Mathlib.Combinatorics.SetFamily.AhlswedeZhang (6.7s)
✔ [2888/10115] Built Mathlib.Data.Nat.Choose.Sum (6.2s)
✔ [2889/10115] Built Mathlib.CategoryTheory.Join.Pseudofunctor (12s)
✔ [2890/10115] Built Mathlib.Algebra.DirectSum.AddChar (4.3s)
✔ [2891/10115] Built Mathlib.SetTheory.Cardinal.Embedding (4.3s)
✔ [2892/10115] Built Mathlib.Data.Setoid.Partition.Card (3.3s)
✔ [2893/10115] Built Mathlib.Data.Set.PowersetCard (5.3s)
✔ [2894/10115] Built Mathlib.CategoryTheory.Bicategory.Functor.StrictlyUnitary (13s)
✔ [2895/10115] Built Mathlib.Order.Height (3.8s)
✔ [2896/10115] Built Mathlib.RingTheory.ChainOfDivisors (5.0s)
✔ [2897/10115] Built Mathlib.CategoryTheory.Bicategory.Strict.Pseudofunctor (14s)
✔ [2898/10115] Built Mathlib.CategoryTheory.Bicategory.Functor.LocallyDiscrete (13s)
✔ [2899/10115] Built Mathlib.SetTheory.Cardinal.NatCount (2.7s)
✔ [2900/10115] Built Mathlib.CategoryTheory.Bicategory.Modification.Oplax (14s)
✔ [2901/10115] Built Mathlib.GroupTheory.Perm.DomMulAct (3.0s)
✔ [2902/10115] Built Mathlib.Algebra.Group.Pointwise.Set.Card (5.9s)
✔ [2903/10115] Built Mathlib.MeasureTheory.MeasurableSpace.NCard (2.5s)
✔ [2904/10115] Built Mathlib.Order.Interval.Set.Nat (2.7s)
✔ [2905/10115] Built Mathlib.CategoryTheory.Limits.Shapes.Preorder.PrincipalSeg (2.6s)
✔ [2906/10115] Built Mathlib.Data.Sym.NatCard (3.1s)
✔ [2907/10115] Built Mathlib.Order.Extension.Well (3.0s)
✔ [2908/10115] Built Mathlib.Combinatorics.Hypergraph.Basic (3.0s)
✔ [2909/10115] Built Mathlib.SetTheory.ZFC.Rank (3.4s)
✔ [2910/10115] Built Mathlib.CategoryTheory.Bicategory.NaturalTransformation.Pseudo (16s)
✔ [2911/10115] Built Mathlib.CategoryTheory.Bicategory.Free (17s)
✔ [2912/10115] Built Mathlib.MeasureTheory.Constructions.SimpleGraph (2.9s)
✔ [2913/10115] Built Mathlib.MeasureTheory.MeasurableSpace.Prod (2.0s)
✔ [2914/10115] Built Mathlib.Algebra.Ring.Action.ConjAct (2.5s)
✔ [2915/10115] Built Mathlib.Combinatorics.Matroid.Basic (9.1s)
✔ [2916/10115] Built Mathlib.Algebra.GroupWithZero.Action.ConjAct (2.6s)
✔ [2917/10115] Built Mathlib.CategoryTheory.Limits.Bicones (5.7s)
✔ [2918/10115] Built Mathlib.Computability.Halting (2.9s)
✔ [2919/10115] Built Mathlib.Combinatorics.SimpleGraph.Walks.Decomp (2.5s)
✔ [2920/10115] Built Mathlib.Algebra.DirectSum.Ring (16s)
✔ [2921/10115] Built Mathlib.SetTheory.Ordinal.FixedPoint (4.5s)
✔ [2922/10115] Built Mathlib.Combinatorics.SimpleGraph.Connectivity.WalkDecomp (2.8s)
✔ [2923/10115] Built Mathlib.MeasureTheory.MeasurableSpace.CountablyGenerated (6.1s)
✔ [2924/10115] Built Mathlib.SetTheory.Ordinal.CantorNormalForm (5.8s)
✔ [2925/10115] Built Mathlib.Topology.Homeomorph.TransferInstance (3.1s)
✔ [2926/10115] Built Mathlib.Probability.Kernel.IonescuTulcea.Maps (7.3s)
✔ [2927/10115] Built Mathlib.ModelTheory.Quotients (3.0s)
✔ [2928/10115] Built Mathlib.Tactic.NormNum.Ordinal (7.3s)
✔ [2929/10115] Built Mathlib.ModelTheory.Arithmetic.Presburger.Basic (3.7s)
✔ [2930/10115] Built Mathlib.ModelTheory.Algebra.Ring.Basic (5.7s)
✔ [2931/10115] Built Mathlib.Combinatorics.Enumerative.Catalan.Tree (4.7s)
✔ [2932/10115] Built Mathlib.Tactic.Simproc.VecPerm (4.8s)
✔ [2933/10115] Built Mathlib.ModelTheory.Definability (6.0s)
✔ [2934/10115] Built Mathlib.Computability.TuringMachine.Config (10s)
✔ [2935/10115] Built Mathlib.Data.Int.CardIntervalMod (5.9s)
✔ [2936/10115] Built Mathlib.CategoryTheory.Category.Bipointed (4.4s)
✔ [2937/10115] Built Mathlib.Data.NNRat.Floor (6.3s)
✔ [2938/10115] Built Mathlib.Order.NonemptyFiniteChains (4.1s)
✔ [2939/10115] Built Mathlib.CategoryTheory.Category.PartialFun (6.2s)
✔ [2940/10115] Built Mathlib.CategoryTheory.Functor.EpiMono (5.1s)
✔ [2941/10115] Built Mathlib.SetTheory.Cardinal.Cofinality.Club (14s)
✔ [2942/10115] Built Mathlib.Topology.Constructions.SumProd (11s)
✔ [2943/10115] Built Mathlib.Algebra.Order.Antidiag.Pi (9.4s)
✔ [2944/10115] Built Mathlib.Order.Category.Lat (4.9s)
✔ [2945/10115] Built Mathlib.GroupTheory.GroupAction.SubMulAction.Closure (3.3s)
✔ [2946/10115] Built Mathlib.Order.Category.Semilat (6.2s)
✔ [2947/10115] Built Mathlib.Combinatorics.SimpleGraph.Paths (12s)
✔ [2948/10115] Built Mathlib.GroupTheory.GroupAction.OfQuotient (3.5s)
✔ [2949/10115] Built Mathlib.CategoryTheory.Monad.Types (3.4s)
✔ [2950/10115] Built Mathlib.CategoryTheory.Limits.IsLimit (20s)
✔ [2951/10115] Built Mathlib.GroupTheory.GroupAction.SubMulAction.Pointwise (4.5s)
✔ [2952/10115] Built Mathlib.Algebra.Order.Archimedean.Basic (11s)
✔ [2953/10115] Built Mathlib.GroupTheory.Abelianization.Defs (3.8s)
✔ [2954/10115] Built Mathlib.CategoryTheory.Category.ReflQuiv (5.8s)
✔ [2955/10115] Built Mathlib.CategoryTheory.Localization.Construction (6.0s)
✔ [2956/10115] Built Mathlib.Data.Finset.MulAntidiagonal (4.2s)
✔ [2957/10115] Built Mathlib.Algebra.MonoidAlgebra.Opposite (5.5s)
✔ [2958/10115] Built Mathlib.Algebra.Module.Submodule.Defs (7.9s)
✔ [2959/10115] Built Mathlib.Data.Finset.SMulAntidiagonal (4.6s)
✔ [2960/10115] Built Mathlib.Data.Nat.Factorization.PrimePow (3.4s)
✔ [2961/10115] Built Mathlib.Algebra.GCDMonoid.FinsetLemmas (4.4s)
✔ [2962/10115] Built Mathlib.Data.Nat.Factorization.LCM (2.9s)
✔ [2963/10115] Built Mathlib.GroupTheory.GroupAction.SubMulAction.OfStabilizer (9.7s)
✔ [2964/10115] Built Mathlib.Data.DFinsupp.WellFounded (3.9s)
✔ [2965/10115] Built Mathlib.Algebra.GroupWithZero.Submonoid.Pointwise (4.2s)
✔ [2966/10115] Built Mathlib.Data.Finsupp.Lex (5.0s)
✔ [2967/10115] Built Mathlib.CategoryTheory.Equivalence.Symmetry (4.6s)
✔ [2968/10115] Built Mathlib.CategoryTheory.Adjunction.Unique (4.6s)
✔ [2969/10115] Built Mathlib.GroupTheory.GroupAction.Quotient (10s)
✔ [2970/10115] Built Mathlib.GroupTheory.ClassEquation (3.0s)
✔ [2971/10115] Built Mathlib.Topology.Algebra.RestrictedProduct.Basic (13s)
✔ [2972/10115] Built Mathlib.Algebra.Ring.Submonoid.Pointwise (5.3s)
✔ [2973/10115] Built Mathlib.CategoryTheory.Adjunction.CompositionIso (5.1s)
✔ [2974/10115] Built Mathlib.GroupTheory.Submonoid.Inverses (6.1s)
✔ [2975/10115] Built Mathlib.GroupTheory.Perm.Subgroup (3.6s)
✔ [2976/10115] Built Mathlib.RingTheory.HahnSeries.Addition (8.9s)
✔ [2977/10115] Built Mathlib.MeasureTheory.SetAlgebra (4.2s)
✔ [2978/10115] Built Mathlib.Data.Nat.Digits.Div (3.4s)
✔ [2979/10115] Built Mathlib.Algebra.Group.Submonoid.Units (9.0s)
✔ [2980/10115] Built Mathlib.Algebra.Field.GeomSum (4.0s)
✔ [2981/10115] Built Mathlib.Algebra.Order.Ring.GeomSum (4.2s)
✔ [2982/10115] Built Mathlib.Algebra.ContinuedFractions.Computation.Approximations (8.8s)
✔ [2983/10115] Built Mathlib.CategoryTheory.EssentiallySmall (4.6s)
✔ [2984/10115] Built Mathlib.AlgebraicTopology.Reedy.Basic (4.0s)
✔ [2985/10115] Built Mathlib.Algebra.Group.Subgroup.Pointwise (10s)
✔ [2986/10115] Built Mathlib.RingTheory.Nilpotent.Basic (4.3s)
✔ [2987/10115] Built Mathlib.NumberTheory.FactorisationProperties (5.1s)
✔ [2988/10115] Built Mathlib.Algebra.Ring.Divisibility.Lemmas (3.7s)
✔ [2989/10115] Built Mathlib.CategoryTheory.FintypeCat (6.3s)
✔ [2990/10115] Built Mathlib.Order.Hom.PowersetCard (3.5s)
✔ [2991/10115] Built Mathlib.Algebra.Order.Ring.IsNonarchimedean (5.9s)
✔ [2992/10115] Built Mathlib.Algebra.Field.Action.ConjAct (2.5s)
✔ [2993/10115] Built Mathlib.SetTheory.ZFC.Ordinal (4.5s)
✔ [2994/10115] Built Mathlib.Tactic.CategoryTheory.BicategoryCoherence (4.6s)
✔ [2995/10115] Built Mathlib.Computability.Reduce (4.6s)
✔ [2996/10115] Built Mathlib.CategoryTheory.Bicategory.Functor.StrictPseudofunctor (6.7s)
✔ [2997/10115] Built Mathlib.Topology.Instances.Shrink (2.4s)
✔ [2998/10115] Built Mathlib.CategoryTheory.Bicategory.Modification.Pseudo (6.5s)
✔ [2999/10115] Built Mathlib.Combinatorics.Enumerative.Catalan (2.6s)
✔ [3000/10115] Built Mathlib.ModelTheory.Ultraproducts (4.4s)
✔ [3001/10115] Built Mathlib.Computability.TMConfig (2.6s)
✔ [3002/10115] Built Mathlib.CategoryTheory.Bicategory.FunctorBicategory.Lax (14s)
✔ [3003/10115] Built Mathlib.CategoryTheory.Bicategory.Functor.Cat.ObjectProperty (10s)
✔ [3004/10115] Built Mathlib.ModelTheory.Algebra.Field.Basic (4.9s)
✔ [3005/10115] Built Mathlib.SetTheory.Ordinal.Veblen (7.9s)
✔ [3006/10115] Built Mathlib.SetTheory.Ordinal.Principal (7.6s)
✔ [3007/10115] Built Mathlib.CategoryTheory.Bicategory.LocallyGroupoid (10s)
✔ [3008/10115] Built Mathlib.CategoryTheory.Bicategory.Coherence (10s)
✔ [3009/10115] Built Mathlib.Algebra.Category.GrpWithZero (4.0s)
✔ [3010/10115] Built Mathlib.CategoryTheory.Bicategory.FunctorBicategory.Oplax (13s)
✔ [3011/10115] Built Mathlib.CategoryTheory.Category.TwoP (4.2s)
✔ [3012/10115] Built Mathlib.CategoryTheory.Functor.ReflectsIso.Balanced (3.2s)
✔ [3013/10115] Built Mathlib.Topology.FiberBundle.IsHomeomorphicTrivialBundle (3.1s)
✔ [3014/10115] Built Mathlib.Combinatorics.Enumerative.DyckWord (7.7s)
✔ [3015/10115] Built Mathlib.Order.Category.BddOrd (4.4s)
✔ [3016/10115] Built Mathlib.CategoryTheory.Adjunction.Reflective (4.6s)
✔ [3017/10115] Built Mathlib.Topology.Algebra.Monoid.Defs (4.2s)
✔ [3018/10115] Built Mathlib.Algebra.Group.Ideal (4.4s)
✔ [3019/10115] Built Mathlib.Combinatorics.Matroid.IndepAxioms (15s)
✔ [3020/10115] Built Mathlib.CategoryTheory.Bicategory.Grothendieck (16s)
✔ [3021/10115] Built Mathlib.Order.Category.Frm (4.6s)
✔ [3022/10115] Built Mathlib.Combinatorics.SimpleGraph.Trails (3.9s)
✔ [3023/10115] Built Mathlib.Algebra.Order.Antidiag.Finsupp (6.1s)
✔ [3024/10115] Built Mathlib.Order.Category.DistLat (5.1s)
✔ [3025/10115] Built Mathlib.Order.Category.LinOrd (5.4s)
✔ [3026/10115] Built Mathlib.Data.Nat.Choose.Multinomial (7.1s)
✔ [3027/10115] Built Mathlib.Combinatorics.SimpleGraph.Walk.Counting (5.7s)
✔ [3028/10115] Built Mathlib.Computability.TuringMachine.ToPartrec (14s)
✔ [3029/10115] Built Mathlib.CategoryTheory.Monad.Algebra (10s)
✔ [3030/10115] Built Mathlib.Algebra.Order.Archimedean.IndicatorCard (3.5s)
✔ [3031/10115] Built Mathlib.CategoryTheory.Monoidal.Functor (35s)
✔ [3032/10115] Built Mathlib.Algebra.Order.Archimedean.Submonoid (3.2s)
✔ [3033/10115] Built Mathlib.CategoryTheory.Category.Pairwise (6.2s)
✔ [3034/10115] Built Mathlib.GroupTheory.Archimedean (5.4s)
✔ [3035/10115] Built Mathlib.Topology.Constructions (12s)
✔ [3036/10115] Built Mathlib.Combinatorics.SimpleGraph.Connectivity.Connected (8.8s)
✔ [3037/10115] Built Mathlib.Algebra.Order.Archimedean.Hom (3.9s)
✔ [3038/10115] Built Mathlib.GroupTheory.Abelianization.Finite (2.9s)
✔ [3039/10115] Built Mathlib.Algebra.Order.Archimedean.Real.Basic (5.0s)
✔ [3040/10115] Built Mathlib.GroupTheory.Solvable (5.5s)
✔ [3041/10115] Built Mathlib.Order.Filter.AtTopBot.Archimedean (6.2s)
✔ [3042/10115] Built Mathlib.Algebra.Module.Submodule.Basic (4.8s)
✔ [3043/10115] Built Mathlib.Algebra.MonoidAlgebra.NoZeroDivisors (4.0s)
✔ [3044/10115] Built Mathlib.Algebra.Module.Submodule.Order (3.2s)
✔ [3045/10115] Built Mathlib.CategoryTheory.Limits.Shapes.IsTerminal (12s)
✔ [3046/10115] Built Mathlib.RingTheory.Artinian.Defs (3.3s)
✔ [3047/10115] Built Mathlib.RingTheory.Ideal.Defs (4.1s)
✔ [3048/10115] Built Mathlib.Combinatorics.SimpleGraph.Clique (15s)
✔ [3049/10115] Built Mathlib.GroupTheory.FreeAbelianGroup (8.7s)
✔ [3050/10115] Built Mathlib.CategoryTheory.Localization.Predicate (8.4s)
✔ [3051/10115] Built Mathlib.Algebra.Module.Submodule.LinearMap (7.1s)
✔ [3052/10115] Built Mathlib.Data.Finsupp.WellFounded (2.7s)
✔ [3053/10115] Built Mathlib.Algebra.Ring.Subring.Units (2.0s)
✔ [3054/10115] Built Mathlib.Logic.Hydra (3.4s)
✔ [3055/10115] Built Mathlib.LinearAlgebra.Quotient.Defs (6.9s)
✔ [3056/10115] Built Mathlib.Algebra.Ring.Subsemiring.Pointwise (4.1s)
✔ [3057/10115] Built Mathlib.GroupTheory.GroupAction.CardCommute (3.9s)
✔ [3058/10115] Built Mathlib.Topology.Algebra.RestrictedProduct.Units (3.7s)
✔ [3059/10115] Built Mathlib.Algebra.AddConstMap.Basic (12s)
✔ [3060/10115] Built Mathlib.Algebra.Module.Submodule.Lattice (9.5s)
✔ [3061/10115] Built Mathlib.CategoryTheory.Quotient.LocallySmall (2.0s)
✔ [3062/10115] Built Mathlib.Algebra.Order.Field.GeomSum (4.2s)
✔ [3063/10115] Built Mathlib.Data.Nat.Choose.Factorization (4.3s)
✔ [3064/10115] Built Mathlib.CategoryTheory.Countable (3.4s)
✔ [3065/10115] Built Mathlib.Algebra.ContinuedFractions.Computation.TerminatesIffRat (4.4s)
✔ [3066/10115] Built Mathlib.CategoryTheory.ObjectProperty.Small (5.3s)
✔ [3067/10115] Built Mathlib.Geometry.Group.Growth.LinearLowerBound (5.2s)
✔ [3068/10115] Built Mathlib.Combinatorics.Colex (6.7s)
✔ [3069/10115] Built Mathlib.Algebra.Order.CauSeq.BigOperators (8.7s)
✔ [3070/10115] Built Mathlib.GroupTheory.DoubleCoset (5.8s)
✔ [3071/10115] Built Mathlib.GroupTheory.IsSubnormal (6.9s)
✔ [3072/10115] Built Mathlib.Algebra.GroupWithZero.Subgroup (3.3s)
✔ [3073/10115] Built Mathlib.Algebra.Group.Submonoid.Support (5.0s)
✔ [3074/10115] Built Mathlib.Algebra.GroupWithZero.Range (6.0s)
✔ [3075/10115] Built Mathlib.Algebra.Squarefree.Basic (4.7s)
✔ [3076/10115] Built Mathlib.Order.Category.FinPartOrd (4.1s)
✔ [3077/10115] Built Mathlib.GroupTheory.Finiteness (11s)
✔ [3078/10115] Built Mathlib.SetTheory.ZFC.Class (4.8s)
✔ [3079/10115] Built Mathlib.CategoryTheory.ShrinkYoneda (12s)
✔ [3080/10115] Built Mathlib.Algebra.MonoidAlgebra.PointwiseSMul (18s)
✔ [3081/10115] Built Mathlib.Algebra.Order.Archimedean.Class (26s)
✔ [3082/10115] Built Mathlib.Combinatorics.Additive.ApproximateSubgroup (12s)
✔ [3083/10115] Built Mathlib.CategoryTheory.Bicategory.InducedBicategory (8.0s)
✔ [3084/10115] Built Mathlib.Topology.Algebra.Group.Defs (4.0s)
✔ [3085/10115] Built Mathlib.Algebra.Order.Group.Ideal (3.6s)
✔ [3086/10115] Built Mathlib.CategoryTheory.Limits.HasLimits (17s)
✔ [3087/10115] Built Mathlib.Combinatorics.SimpleGraph.Connectivity.WalkCounting (2.6s)
✔ [3088/10115] Built Mathlib.Combinatorics.SimpleGraph.Walks.Counting (2.6s)
✔ [3089/10115] Built Mathlib.Computability.TMToPartrec (2.1s)
✔ [3090/10115] Built Mathlib.Order.Category.BddLat (7.3s)
✔ [3091/10115] Built Mathlib.Algebra.Order.Antidiag.FinsuppEquiv (4.4s)
✔ [3092/10115] Built Mathlib.CategoryTheory.Bicategory.FunctorBicategory.Pseudo (8.9s)
✔ [3093/10115] Built Mathlib.CategoryTheory.Bicategory.Adjunction.Basic (12s)
✔ [3094/10115] Built Mathlib.Combinatorics.Matroid.Dual (6.2s)
✔ [3095/10115] Built Mathlib.GroupTheory.QuotientGroup.Basic (16s)
✔ [3096/10115] Built Mathlib.CategoryTheory.FiberedCategory.Grothendieck (6.9s)
✔ [3097/10115] Built Mathlib.Algebra.Ring.IsFormallyReal (15s)
✔ [3098/10115] Built Mathlib.Combinatorics.Enumerative.Partition.Basic (4.7s)
✔ [3099/10115] Built Mathlib.SetTheory.Ordinal.Notation (10s)
✔ [3100/10115] Built Mathlib.SetTheory.Cardinal.Aleph (11s)
✔ [3101/10115] Built Mathlib.CategoryTheory.Bicategory.SingleObj (3.1s)
✔ [3102/10115] Built Mathlib.Topology.PreorderRestrict (2.5s)
✔ [3103/10115] Built Mathlib.Topology.Hom.ContinuousEvalConst (2.0s)
✔ [3104/10115] Built Mathlib.Topology.GDelta.Basic (4.5s)
✔ [3105/10115] Built Mathlib.Topology.LocallyClosed (3.4s)
✔ [3106/10115] Built Mathlib.MeasureTheory.Constructions.Cylinders (5.7s)
✔ [3107/10115] Built Mathlib.Topology.List (4.0s)
✔ [3108/10115] Built Mathlib.Combinatorics.SimpleGraph.Connectivity.Finite (4.1s)
✔ [3109/10115] Built Mathlib.CategoryTheory.Monad.Adjunction (7.8s)
✔ [3110/10115] Built Mathlib.CategoryTheory.Monoidal.NaturalTransformation (7.3s)
✔ [3111/10115] Built Mathlib.CategoryTheory.Bicategory.Product (19s)
✔ [3112/10115] Built Mathlib.Topology.NhdsWithin (6.4s)
✔ [3113/10115] Built Mathlib.CategoryTheory.Monoidal.End (9.4s)
✔ [3114/10115] Built Mathlib.Data.Real.Archimedean (2.6s)
✔ [3115/10115] Built Mathlib.CategoryTheory.Monoidal.Free.Basic (10s)
✔ [3116/10115] Built Mathlib.Combinatorics.SimpleGraph.Metric (6.3s)
✔ [3117/10115] Built Mathlib.Combinatorics.SimpleGraph.Connectivity.EdgeConnectivity (5.7s)
✔ [3118/10115] Built Mathlib.Data.Real.Pointwise (4.7s)
✔ [3119/10115] Built Mathlib.CategoryTheory.Limits.Shapes.Preorder.Fin (2.9s)
✔ [3120/10115] Built Mathlib.RingTheory.Ideal.BigOperators (3.2s)
✔ [3121/10115] Built Mathlib.Algebra.Order.CompleteField (7.8s)
✔ [3122/10115] Built Mathlib.CategoryTheory.Monoidal.Opposite (14s)
✔ [3123/10115] Built Mathlib.Order.Filter.AtTopBot.Interval (6.6s)
✔ [3124/10115] Built Mathlib.Algebra.Group.Irreducible.Indecomposable (33s)
✔ [3125/10115] Built Mathlib.Combinatorics.SimpleGraph.Connectivity.Subgraph (10s)
✔ [3126/10115] Built Mathlib.Combinatorics.SimpleGraph.VertexCover (5.9s)
✔ [3127/10115] Built Mathlib.Combinatorics.Schnirelmann (9.9s)
✔ [3128/10115] Built Mathlib.Algebra.FreeAbelianGroup.Finsupp (4.5s)
✔ [3129/10115] Built Mathlib.CategoryTheory.Localization.HasLocalization (3.2s)
✔ [3130/10115] Built Mathlib.Data.Real.Embedding (9.8s)
✔ [3131/10115] Built Mathlib.RingTheory.FreeRing (4.1s)
✔ [3132/10115] Built Mathlib.CategoryTheory.Localization.Prod (4.2s)
✔ [3133/10115] Built Mathlib.Combinatorics.SimpleGraph.Triangle.Counting (6.0s)
✔ [3134/10115] Built Mathlib.CategoryTheory.Localization.Equivalence (4.7s)
✔ [3135/10115] Built Mathlib.Combinatorics.SimpleGraph.Coloring.Vertex (8.4s)
✔ [3136/10115] Built Mathlib.MeasureTheory.Constructions.SubmoduleQuotient (2.6s)
✔ [3137/10115] Built Mathlib.LinearAlgebra.Quotient.Card (2.8s)
✔ [3138/10115] Built Mathlib.Combinatorics.SimpleGraph.Triangle.Basic (10s)
✔ [3139/10115] Built Mathlib.Data.NNReal.Defs (14s)
✔ [3140/10115] Built Mathlib.RingTheory.Ideal.Lattice (2.9s)
✔ [3141/10115] Built Mathlib.CategoryTheory.Endofunctor.Algebra (11s)
✔ [3142/10115] Built Mathlib.Algebra.AddConstMap.Equiv (4.0s)
✔ [3143/10115] Built Mathlib.Data.Finsupp.MonomialOrder (5.7s)
✔ [3144/10115] Built Mathlib.RingTheory.Ideal.Quotient.Defs (4.6s)
✔ [3145/10115] Built Mathlib.Data.Nat.Multiplicity (3.8s)
✔ [3146/10115] Built Mathlib.Algebra.Ring.Subgroup (3.5s)
✔ [3147/10115] Built Mathlib.Algebra.Module.Submodule.RestrictScalars (5.5s)
✔ [3148/10115] Built Mathlib.LinearAlgebra.Finsupp.LSum (9.2s)
✔ [3149/10115] Built Mathlib.Algebra.Ring.Subring.Pointwise (4.7s)
✔ [3150/10115] Built Mathlib.GroupTheory.Divisible (4.9s)
✔ [3151/10115] Built Mathlib.Algebra.Order.GroupWithZero.Range (4.3s)
✔ [3152/10115] Built Mathlib.Combinatorics.SetFamily.KruskalKatona (6.4s)
✔ [3153/10115] Built Mathlib.GroupTheory.MonoidLocalization.Finite (3.5s)
✔ [3154/10115] Built Mathlib.GroupTheory.Rank (5.2s)
✔ [3155/10115] Built Mathlib.Data.Nat.Squarefree (6.7s)
✔ [3156/10115] Built Mathlib.RingTheory.Radical.Basic (5.0s)
✔ [3157/10115] Built Mathlib.Algebra.AffineMonoid.Basic (3.9s)
✔ [3158/10115] Built Mathlib.CategoryTheory.Monoidal.Multifunctor (28s)
✔ [3159/10115] Built Mathlib.Data.Finsupp.PointwiseSMul (2.7s)
✔ [3160/10115] Built Mathlib.Algebra.AffineMonoid.Irreducible (6.5s)
✔ [3161/10115] Built Mathlib.Algebra.Category.Grp.Shrink (3.8s)
✔ [3162/10115] Built Mathlib.Algebra.Category.MonCat.Shrink (3.9s)
✔ [3163/10115] Built Mathlib.LinearAlgebra.Span.Defs (9.0s)
✔ [3164/10115] Built Mathlib.CategoryTheory.Limits.Pi (2.7s)
✔ [3165/10115] Built Mathlib.CategoryTheory.Monoidal.Limits.HasLimits (2.6s)
✔ [3166/10115] Built Mathlib.CategoryTheory.Limits.Unit (2.8s)
✔ [3167/10115] Built Mathlib.Algebra.Module.Submodule.Map (13s)
✔ [3168/10115] Built Mathlib.Algebra.Order.Module.Archimedean (6.4s)
✔ [3169/10115] Built Mathlib.CategoryTheory.Limits.WeakLimits.Basic (3.7s)
✔ [3170/10115] Built Mathlib.Order.Category.CompleteLat (3.9s)
✔ [3171/10115] Built Mathlib.CategoryTheory.Limits.Shapes.Terminal (7.1s)
✔ [3172/10115] Built Mathlib.CategoryTheory.Adjunction.PartialAdjoint (5.0s)
✔ [3173/10115] Built Mathlib.CategoryTheory.Limits.Preserves.Basic (6.7s)
✔ [3174/10115] Built Mathlib.GroupTheory.QuotientGroup.Finite (3.7s)
✔ [3175/10115] Built Mathlib.Algebra.Category.Ring.Colimits (9.9s)
✔ [3176/10115] Built Mathlib.Order.Category.BddDistLat (6.4s)
✔ [3177/10115] Built Mathlib.SetTheory.Cardinal.EventuallyConst (3.7s)
✔ [3178/10115] Built Mathlib.Topology.Algebra.ContinuousMonoidHom (12s)
✔ [3179/10115] Built Mathlib.Topology.Hom.ContinuousEval (3.6s)
✔ [3180/10115] Built Mathlib.Topology.Baire.Lemmas (5.2s)
✔ [3181/10115] Built Mathlib.SetTheory.Cardinal.Arithmetic (7.7s)
✔ [3182/10115] Built Mathlib.Combinatorics.Matroid.Minor.Restrict (10s)
✔ [3183/10115] Built Mathlib.Combinatorics.SimpleGraph.Connectivity.Represents (5.9s)
✔ [3184/10115] Built Mathlib.CategoryTheory.Adjunction.Triple (6.5s)
✔ [3185/10115] Built Mathlib.Combinatorics.Enumerative.Bell (10s)
✔ [3186/10115] Built Mathlib.CategoryTheory.Monoidal.Discrete (8.7s)
✔ [3187/10115] Built Mathlib.CategoryTheory.Limits.Fubini (18s)
✔ [3188/10115] Built Mathlib.CategoryTheory.Monoidal.Transport (8.7s)
✔ [3189/10115] Built Mathlib.Topology.ContinuousOn (8.2s)
✔ [3190/10115] Built Mathlib.Combinatorics.SimpleGraph.Hamiltonian (4.5s)
✔ [3191/10115] Built Mathlib.Tactic.CategoryTheory.Coherence (6.1s)
✔ [3192/10115] Built Mathlib.Combinatorics.SimpleGraph.Diam (4.7s)
✔ [3193/10115] Built Mathlib.Algebra.FreeAbelianGroup.UniqueSums (2.8s)
✔ [3194/10115] Built Mathlib.CategoryTheory.Limits.Shapes.WidePullbacks (19s)
✔ [3195/10115] Built Mathlib.CategoryTheory.Bicategory.Yoneda (18s)
✔ [3196/10115] Built Mathlib.CategoryTheory.Localization.LocallySmall (2.0s)
✔ [3197/10115] Built Mathlib.CategoryTheory.Localization.Opposite (2.8s)
✔ [3198/10115] Built Mathlib.CategoryTheory.Localization.Pi (3.4s)
✔ [3199/10115] Built Mathlib.CategoryTheory.Monoidal.Free.Coherence (9.6s)
✔ [3200/10115] Built Mathlib.Combinatorics.SimpleGraph.Coloring.VertexColoring (2.2s)
✔ [3201/10115] Built Mathlib.Combinatorics.SimpleGraph.Coloring (2.4s)
✔ [3202/10115] Built Mathlib.Combinatorics.SimpleGraph.Partition (3.0s)
✔ [3203/10115] Built Mathlib.CategoryTheory.Bicategory.Adjunction.Mate (20s)
✔ [3204/10115] Built Mathlib.CategoryTheory.Localization.Bifunctor (4.3s)
✔ [3205/10115] Built Mathlib.GroupTheory.Index (19s)
✔ [3206/10115] Built Mathlib.Data.NNReal.Star (2.4s)
✔ [3207/10115] Built Mathlib.Data.Int.WithZero (3.1s)
✔ [3208/10115] Built Mathlib.CategoryTheory.Monoidal.Action.Opposites (10s)
✔ [3209/10115] Built Mathlib.Data.NNReal.Basic (4.1s)
✔ [3210/10115] Built Mathlib.CategoryTheory.Monoidal.Action.End (10s)
✔ [3211/10115] Built Mathlib.RingTheory.Ideal.Prime (4.6s)
✔ [3212/10115] Built Mathlib.Combinatorics.SimpleGraph.Sum (8.3s)
✔ [3213/10115] Built Mathlib.NumberTheory.MaricaSchoenheim (4.5s)
✔ [3214/10115] Built Mathlib.Algebra.CharP.Lemmas (6.3s)
✔ [3215/10115] Built Mathlib.NumberTheory.Padics.PadicVal.Basic (6.5s)
✔ [3216/10115] Built Mathlib.Combinatorics.SimpleGraph.Triangle.Tripartite (9.4s)
✔ [3217/10115] Built Mathlib.CategoryTheory.Comma.StructuredArrow.Basic (49s)
✔ [3218/10115] Built Mathlib.CategoryTheory.Category.Factorisation (5.3s)
✔ [3219/10115] Built Mathlib.Algebra.Module.Submodule.Invariant (5.5s)
✔ [3220/10115] Built Mathlib.CategoryTheory.Category.Cat.Terminal (3.7s)
✔ [3221/10115] Built Mathlib.Data.ENNReal.Basic (9.8s)
✔ [3222/10115] Built Mathlib.CategoryTheory.Limits.Shapes.ZeroObjects (4.5s)
✔ [3223/10115] Built Mathlib.CategoryTheory.Limits.Preserves.Shapes.Terminal (3.6s)
✔ [3224/10115] Built Mathlib.Algebra.Module.Submodule.Ker (7.7s)
✔ [3225/10115] Built Mathlib.CategoryTheory.Limits.Preserves.Limits (4.4s)
✔ [3226/10115] Built Mathlib.SetTheory.Cardinal.Cofinality (2.3s)
✔ [3227/10115] Built Mathlib.Order.Category.HeytAlg (4.2s)
✔ [3228/10115] Built Mathlib.CategoryTheory.Limits.Shapes.Products (34s)
✔ [3229/10115] Built Mathlib.Data.W.Cardinal (3.0s)
✔ [3230/10115] Built Mathlib.NumberTheory.ArithmeticFunction.Defs (12s)
✔ [3231/10115] Built Mathlib.Data.Set.Card.Arithmetic (5.1s)
✔ [3232/10115] Built Mathlib.Geometry.Convex.ConvexSpace.Defs (13s)
✔ [3233/10115] Built Mathlib.GroupTheory.OreLocalization.Cardinality (4.8s)
✔ [3234/10115] Built Mathlib.SetTheory.Cardinal.Divisibility (4.1s)
✔ [3235/10115] Built Mathlib.Order.Category.FinBddDistLat (6.5s)
✔ [3236/10115] Built Mathlib.CategoryTheory.Limits.Creates (8.1s)
✔ [3237/10115] Built Mathlib.Analysis.Normed.Group.Seminorm (14s)
✔ [3238/10115] Built Mathlib.SetTheory.ZFC.VonNeumann (4.6s)
✔ [3239/10115] Built Mathlib.SetTheory.Cardinal.Continuum (3.5s)
✔ [3240/10115] Built Mathlib.SetTheory.Cardinal.CountableCover (3.7s)
✔ [3241/10115] Built Mathlib.SetTheory.Cardinal.Finsupp (2.9s)
✔ [3242/10115] Built Mathlib.LinearAlgebra.AffineSpace.AffineSubspace.Defs (12s)
✔ [3243/10115] Built Mathlib.ModelTheory.Encoding (8.7s)
✔ [3244/10115] Built Mathlib.SetTheory.Cardinal.Ordinal (4.9s)
✔ [3245/10115] Built Mathlib.Combinatorics.Matroid.Constructions (4.3s)
✔ [3246/10115] Built Mathlib.Topology.LocallyFinite (3.3s)
✔ [3247/10115] Built Mathlib.Topology.Coherent (4.3s)
✔ [3248/10115] Built Mathlib.Topology.PartialHomeomorph.Defs (4.7s)
✔ [3249/10115] Built Mathlib.Topology.Order.LeftRight (5.3s)
✔ [3250/10115] Built Mathlib.Topology.Clopen (4.9s)
✔ [3251/10115] Built Mathlib.CategoryTheory.Limits.Shapes.Connected (3.7s)
✔ [3252/10115] Built Mathlib.Topology.Piecewise (5.4s)
✔ [3253/10115] Built Mathlib.SetTheory.Cardinal.Cofinality.Ordinal (10s)
✔ [3254/10115] Built Mathlib.Topology.Order.LocalExtr (8.4s)
✔ [3255/10115] Built Mathlib.Topology.Inseparable (8.8s)
✔ [3256/10115] Built Mathlib.CategoryTheory.LocallyDirected (6.0s)
✔ [3257/10115] Built Mathlib.Topology.Semicontinuity.Defs (11s)
✔ [3258/10115] Built Mathlib.Topology.UniformSpace.Basic (11s)
✔ [3259/10115] Built Mathlib.CategoryTheory.Localization.Adjunction (5.4s)
✔ [3260/10115] Built Mathlib.Topology.Compactness.Compact (11s)
✔ [3261/10115] Built Mathlib.Algebra.Order.Ring.Units (2.9s)
✔ [3262/10115] Built Mathlib.GroupTheory.Commutator.Finite (3.5s)
✔ [3263/10115] Built Mathlib.CategoryTheory.Limits.Preserves.Bifunctor (13s)
✔ [3264/10115] Built Mathlib.Topology.Bases (13s)
✔ [3265/10115] Built Mathlib.CategoryTheory.Localization.LocalizerMorphism (7.3s)
✔ [3266/10115] Built Mathlib.Tactic.Linarith.NNRealPreprocessor (3.2s)
✔ [3267/10115] Built Mathlib.RingTheory.Spectrum.Prime.Defs (2.7s)
✔ [3268/10115] Built Mathlib.GroupTheory.Commensurable (3.9s)
✔ [3269/10115] Built Mathlib.GroupTheory.FiniteIndexNormalSubgroup (4.7s)
✔ [3270/10115] Built Mathlib.CategoryTheory.Bicategory.Adjunction.Adj (8.8s)
✔ [3271/10115] Built Mathlib.Algebra.Order.Ring.Ordering.Defs (4.8s)
✔ [3272/10115] Built Mathlib.Algebra.CharP.Frobenius (4.2s)
✔ [3273/10115] Built Mathlib.NumberTheory.Padics.PadicNorm (4.1s)
✔ [3274/10115] Built Mathlib.CategoryTheory.Localization.CalculusOfFractions (9.7s)
✔ [3275/10115] Built Mathlib.CategoryTheory.Discrete.StructuredArrow (3.6s)
✔ [3276/10115] Built Mathlib.CategoryTheory.Comma.StructuredArrow.Small (2.6s)
✔ [3277/10115] Built Mathlib.CategoryTheory.Adjunction.Comma (4.5s)
✔ [3278/10115] Built Mathlib.Data.ENNReal.Lemmas (2.5s)
✔ [3279/10115] Built Mathlib.Data.Real.ENatENNReal (3.4s)
✔ [3280/10115] Built Mathlib.CategoryTheory.Localization.Trifunctor (12s)
✔ [3281/10115] Built Mathlib.Algebra.Category.Grp.Zero (2.6s)
✔ [3282/10115] Built Mathlib.CategoryTheory.Monoidal.Braided.Basic (22s)
✔ [3283/10115] Built Mathlib.Algebra.Module.Submodule.IterateMapComap (3.2s)
✔ [3284/10115] Built Mathlib.CategoryTheory.Bicategory.Extension (8.4s)
✔ [3285/10115] Built Mathlib.Combinatorics.SimpleGraph.Prod (11s)
✔ [3286/10115] Built Mathlib.Algebra.Module.Submodule.EqLocus (3.7s)
✔ [3287/10115] Built Mathlib.Data.ENNReal.Real (5.9s)
✔ [3288/10115] Built Mathlib.CategoryTheory.Limits.Constructions.WidePullbackOfTerminal (2.9s)
✔ [3289/10115] Built Mathlib.CategoryTheory.Groupoid.Grpd.Basic (2.0s)
✔ [3290/10115] Built Mathlib.CategoryTheory.Limits.EssentiallySmall (2.4s)
✔ [3291/10115] Built Mathlib.CategoryTheory.Limits.SmallComplete (3.3s)
✔ [3292/10115] Built Mathlib.CategoryTheory.Comma.StructuredArrow.CommaMap (11s)
✔ [3293/10115] Built Mathlib.GroupTheory.Complement (17s)
✔ [3294/10115] Built Mathlib.Algebra.Module.Submodule.Range (7.9s)
✔ [3295/10115] Built Mathlib.Order.Category.BoolAlg (7.2s)
✔ [3296/10115] Built Mathlib.Algebra.Algebra.Basic (10s)
✔ [3297/10115] Built Mathlib.GroupTheory.MonoidLocalization.Cardinality (2.7s)
✔ [3298/10115] Built Mathlib.CategoryTheory.Limits.Preserves.Shapes.Products (3.6s)
✔ [3299/10115] Built Mathlib.CategoryTheory.EffectiveEpi.Basic (4.5s)
✔ [3300/10115] Built Mathlib.Geometry.Convex.ConvexSpace.Prod (3.6s)
✔ [3301/10115] Built Mathlib.GroupTheory.GroupAction.Blocks (19s)
✔ [3302/10115] Built Mathlib.CategoryTheory.Adjunction.Evaluation (6.9s)
✔ [3303/10115] Built Mathlib.RingTheory.OreLocalization.Cardinality (2.4s)
✔ [3304/10115] Built Mathlib.CategoryTheory.Elements (14s)
✔ [3305/10115] Built Mathlib.NumberTheory.ArithmeticFunction.Zeta (4.5s)
✔ [3306/10115] Built Mathlib.Algebra.MonoidAlgebra.Cardinal (3.9s)
✔ [3307/10115] Built Mathlib.Topology.Algebra.Indicator (2.0s)
✔ [3308/10115] Built Mathlib.Topology.Compactness.LocallyFinite (2.7s)
✔ [3309/10115] Built Mathlib.Topology.OpenPartialHomeomorph.Defs (4.0s)
✔ [3310/10115] Built Mathlib.Topology.NhdsKer (3.6s)
✔ [3311/10115] Built Mathlib.Dynamics.TopologicalEntropy.DynamicalEntourage (3.3s)
✔ [3312/10115] Built Mathlib.Topology.UniformSpace.DiscreteUniformity (3.2s)
✔ [3313/10115] Built Mathlib.SetTheory.Ordinal.FundamentalSequence (4.1s)
✔ [3314/10115] Built Mathlib.CategoryTheory.Limits.FunctorCategory.Basic (13s)
✔ [3315/10115] Built Mathlib.Topology.UniformSpace.Compact (4.3s)
✔ [3316/10115] Built Mathlib.Combinatorics.Matroid.Map (6.1s)
✔ [3317/10115] Built Mathlib.Topology.Compactness.LocallyCompact (3.8s)
✔ [3318/10115] Built Mathlib.Topology.UniformSpace.Ultra.Basic (2.9s)
✔ [3319/10115] Built Mathlib.CategoryTheory.Localization.Quotient (2.8s)
✔ [3320/10115] Built Mathlib.Topology.SmallInductiveDimension (3.2s)
✔ [3321/10115] Built Mathlib.Combinatorics.Compactness (4.5s)
✔ [3322/10115] Built Mathlib.Topology.Compactness.Bases (3.3s)
✔ [3323/10115] Built Mathlib.CategoryTheory.Adjunction.Limits (8.8s)
✔ [3324/10115] Built Mathlib.Data.Analysis.Topology (4.4s)
✔ [3325/10115] Built Mathlib.ModelTheory.Substructures (9.1s)
✔ [3326/10115] Built Mathlib.CategoryTheory.Localization.Composition (3.2s)
✔ [3327/10115] Built Mathlib.CategoryTheory.Localization.HomEquiv (4.0s)
✔ [3328/10115] Built Mathlib.Algebra.CharP.Reduced (2.8s)
✔ [3329/10115] Built Mathlib.CategoryTheory.Localization.CalculusOfFractions.OfAdjunction (2.7s)
✔ [3330/10115] Built Mathlib.NumberTheory.HeckeRing.Defs (4.2s)
✔ [3331/10115] Built Mathlib.CategoryTheory.Localization.CalculusOfFractions.ComposableArrows (2.9s)
✔ [3332/10115] Built Mathlib.GroupTheory.ResiduallyFinite (3.7s)
✔ [3333/10115] Built Mathlib.SetTheory.Cardinal.ENNReal (2.8s)
✔ [3334/10115] Built Mathlib.CategoryTheory.Localization.CalculusOfFractions.Fractions (3.0s)
✔ [3335/10115] Built Mathlib.CategoryTheory.Localization.Resolution (7.8s)
✔ [3336/10115] Built Mathlib.CategoryTheory.Monoidal.Skeleton (3.3s)
✔ [3337/10115] Built Mathlib.CategoryTheory.Bicategory.Adjunction.Cat (5.9s)
✔ [3338/10115] Built Mathlib.CategoryTheory.Monoidal.Braided.Opposite (2.7s)
✔ [3339/10115] Built Mathlib.CategoryTheory.Monoidal.Braided.Transport (4.1s)
✔ [3340/10115] Built Mathlib.CategoryTheory.Localization.Monoidal.Functor (6.5s)
✔ [3341/10115] Built Mathlib.CategoryTheory.Bicategory.Kan.IsKan (4.7s)
✔ [3342/10115] Built Mathlib.GroupTheory.OrderOfElement (38s)
✔ [3343/10115] Built Mathlib.Algebra.Order.Ring.Ordering.Basic (10s)
✔ [3344/10115] Built Mathlib.CategoryTheory.Monoidal.Braided.Multifunctor (8.2s)
✔ [3345/10115] Built Mathlib.Combinatorics.SimpleGraph.Hasse (7.3s)
✔ [3346/10115] Built Mathlib.CategoryTheory.Groupoid.FreeGroupoidOfCategory (6.9s)
✔ [3347/10115] Built Mathlib.Data.ENNReal.Operations (8.3s)
✔ [3348/10115] Built Mathlib.Algebra.Module.LinearMap.DivisionRing (2.0s)
✔ [3349/10115] Built Mathlib.Algebra.Category.BoolRing (5.4s)
✔ [3350/10115] Built Mathlib.CategoryTheory.WithTerminal.Basic (49s)
✔ [3351/10115] Built Mathlib.CategoryTheory.Monoidal.Center (13s)
✔ [3352/10115] Built Mathlib.CategoryTheory.Monoidal.FunctorCategory (13s)
✔ [3353/10115] Built Mathlib.Tactic.Algebra.Lemmas (3.0s)
✔ [3354/10115] Built Mathlib.Order.Category.FinBoolAlg (7.7s)
✔ [3355/10115] Built Mathlib.CategoryTheory.Localization.Monoidal.Basic (16s)
✔ [3356/10115] Built Mathlib.LinearAlgebra.Finsupp.Supported (6.3s)
✔ [3357/10115] Built Mathlib.NumberTheory.ClassNumber.AdmissibleAbs (4.2s)
✔ [3358/10115] Built Mathlib.CategoryTheory.EffectiveEpi.Enough (3.5s)
✔ [3359/10115] Built Mathlib.Algebra.Module.Submodule.Pointwise (8.7s)
✔ [3360/10115] Built Mathlib.CategoryTheory.EffectiveEpi.Comp (3.8s)
✔ [3361/10115] Built Mathlib.Topology.Compactness.NhdsKer (2.8s)
✔ [3362/10115] Built Mathlib.CategoryTheory.Monoidal.Limits.Preserves (2.6s)
✔ [3363/10115] Built Mathlib.Algebra.Module.Submodule.Equiv (8.9s)
✔ [3364/10115] Built Mathlib.GroupTheory.SemidirectProduct (13s)
✔ [3365/10115] Built Mathlib.GroupTheory.HNNExtension (14s)
✔ [3366/10115] Built Mathlib.CategoryTheory.Limits.FunctorCategory.Shapes.Products (3.5s)
✔ [3367/10115] Built Mathlib.CategoryTheory.Limits.FunctorCategory.Shapes.Terminal (2.0s)
✔ [3368/10115] Built Mathlib.Algebra.Algebra.Hom (8.9s)
✔ [3369/10115] Built Mathlib.GroupTheory.PushoutI (16s)
✔ [3370/10115] Built Mathlib.Geometry.Convex.Set (6.6s)
✔ [3371/10115] Built Mathlib.CategoryTheory.Limits.Weighted.HasWeightedLimit (5.8s)
✔ [3372/10115] Built Mathlib.SetTheory.Cardinal.Regular (5.9s)
✔ [3373/10115] Built Mathlib.NumberTheory.ArithmeticFunction.Misc (7.5s)
✔ [3374/10115] Built Mathlib.Topology.Compactness.SigmaCompact (4.4s)
✔ [3375/10115] Built Mathlib.GroupTheory.GroupAction.Primitive (8.9s)
✔ [3376/10115] Built Mathlib.CategoryTheory.Limits.Skeleton (3.2s)
✔ [3377/10115] Built Mathlib.CategoryTheory.Adjunction.FullyFaithfulLimits (3.6s)
✔ [3378/10115] Built Mathlib.CategoryTheory.Limits.Shapes.Equivalence (3.2s)
✔ [3379/10115] Built Mathlib.ModelTheory.FinitelyGenerated (4.7s)
✔ [3380/10115] Built Mathlib.CategoryTheory.Localization.StructuredArrow (4.1s)
✔ [3381/10115] Built Mathlib.Combinatorics.Matroid.Sum (8.2s)
✔ [3382/10115] Built Mathlib.ModelTheory.ElementaryMaps (5.4s)
✔ [3383/10115] Built Mathlib.Topology.Separation.Basic (8.8s)
✔ [3384/10115] Built Mathlib.CategoryTheory.Localization.SmallHom (6.2s)
✔ [3385/10115] Built Mathlib.CategoryTheory.Monoidal.Closed.Basic (9.5s)
✔ [3386/10115] Built Mathlib.CategoryTheory.Bicategory.Kan.HasKan (5.0s)
✔ [3387/10115] Built Mathlib.LinearAlgebra.FiniteSpan (3.3s)
✔ [3388/10115] Built Mathlib.CategoryTheory.Monad.Limits (11s)
✔ [3389/10115] Built Mathlib.CategoryTheory.Comma.Over.Basic (55s)
✔ [3390/10115] Built Mathlib.GroupTheory.Perm.Finite (5.4s)
✔ [3391/10115] Built Mathlib.NumberTheory.MulChar.Basic (8.9s)
✔ [3392/10115] Built Mathlib.CategoryTheory.WithTerminal.FinCategory (3.6s)
✔ [3393/10115] Built Mathlib.Data.ENNReal.Action (5.0s)
✔ [3394/10115] Built Mathlib.CategoryTheory.Action.Basic (14s)
✔ [3395/10115] Built Mathlib.Combinatorics.SimpleGraph.CycleGraph (7.4s)
✔ [3396/10115] Built Mathlib.CategoryTheory.Monoidal.Limits.Basic (4.3s)
✔ [3397/10115] Built Mathlib.Data.ZMod.Basic (11s)
✔ [3398/10115] Built Mathlib.GroupTheory.NoncommPiCoprod (10s)
✔ [3399/10115] Built Mathlib.Algebra.Order.Floor.Extended (7.9s)
✔ [3400/10115] Built Mathlib.GroupTheory.Exponent (13s)
✔ [3401/10115] Built Mathlib.Topology.AlexandrovDiscrete (4.5s)
✔ [3402/10115] Built Mathlib.Algebra.Module.Submodule.Finsupp (5.1s)
✔ [3403/10115] Built Mathlib.Data.ENNReal.Inv (10s)
✔ [3404/10115] Built Mathlib.Combinatorics.Matroid.Closure (21s)
✔ [3405/10115] Built Mathlib.CategoryTheory.Monoidal.ExternalProduct.Basic (9.1s)
✔ [3406/10115] Built Mathlib.Data.EReal.Basic (11s)
✔ [3407/10115] Built Mathlib.Algebra.Algebra.Hom.Rat (2.8s)
✔ [3408/10115] Built Mathlib.CategoryTheory.Action (5.8s)
✔ [3409/10115] Built Mathlib.CategoryTheory.Localization.Monoidal.Braided (10s)
✔ [3410/10115] Built Mathlib.Tactic.Algebra.Basic (11s)
✔ [3411/10115] Built Mathlib.Geometry.Convex.Hull (4.3s)
✔ [3412/10115] Built Mathlib.GroupTheory.GroupExtension.Defs (9.3s)
✔ [3413/10115] Built Mathlib.RingTheory.Congruence.Basic (6.6s)
✔ [3414/10115] Built Mathlib.Geometry.Convex.Star (5.5s)
✔ [3415/10115] Built Mathlib.SetTheory.Cardinal.Pigeonhole (3.8s)
✔ [3416/10115] Built Mathlib.MeasureTheory.MeasurableSpace.Card (5.9s)
✔ [3417/10115] Built Mathlib.Order.Filter.CardinalInter (4.9s)
✔ [3418/10115] Built Mathlib.LinearAlgebra.Finsupp.LinearCombination (11s)
✔ [3419/10115] Built Mathlib.LinearAlgebra.Span.Basic (14s)
✔ [3420/10115] Built Mathlib.SetTheory.Cardinal.HasCardinalLT (4.8s)
✔ [3421/10115] Built Mathlib.NumberTheory.ArithmeticFunction.Liouville (3.0s)
✔ [3422/10115] Built Mathlib.NumberTheory.AlmostPrime (3.1s)
✔ [3423/10115] Built Mathlib.Algebra.Order.Antidiag.Nat (6.0s)
✔ [3424/10115] Built Mathlib.GroupTheory.GroupAction.Iwasawa (3.5s)
✔ [3425/10115] Built Mathlib.NumberTheory.ArithmeticFunction.Moebius (5.7s)
✔ [3426/10115] Built Mathlib.CategoryTheory.Sites.Descent.DescentDataAsCoalgebra (29s)
✔ [3427/10115] Built Mathlib.Topology.Separation.CountableSeparatingOn (3.3s)
✔ [3428/10115] Built Mathlib.Topology.Compactness.Lindelof (6.5s)
✔ [3429/10115] Built Mathlib.CategoryTheory.Monoidal.Mon (54s)
✔ [3430/10115] Built Mathlib.Algebra.Algebra.NonUnitalHom (14s)
✔ [3431/10115] Built Mathlib.ModelTheory.ElementarySubstructures (4.0s)
✔ [3432/10115] Built Mathlib.Dynamics.FixedPoints.Support (2.7s)
✔ [3433/10115] Built Mathlib.Topology.Filter (3.8s)
✔ [3434/10115] Built Mathlib.Topology.IndicatorConstPointwise (3.8s)
✔ [3435/10115] Built Mathlib.CategoryTheory.Monoidal.Closed.Transport (2.2s)
✔ [3436/10115] Built Mathlib.Algebra.Algebra.Equiv (16s)
✔ [3437/10115] Built Mathlib.Topology.DiscreteSubset (8.3s)
✔ [3438/10115] Built Mathlib.CategoryTheory.Monoidal.Closed.InternalCurrying (3.4s)
✔ [3439/10115] Built Mathlib.Dynamics.SymbolicDynamics.Basic (5.3s)
✔ [3440/10115] Built Mathlib.ModelTheory.DirectLimit (9.6s)
✔ [3441/10115] Built Mathlib.CategoryTheory.Comma.LocallySmall (2.8s)
✔ [3442/10115] Built Mathlib.CategoryTheory.Monoidal.Closed.FunctorCategory.Groupoid (5.5s)
✔ [3443/10115] Built Mathlib.CategoryTheory.LiftingProperties.Over (2.8s)
✔ [3444/10115] Built Mathlib.Algebra.Lie.Basic (25s)
✔ [3445/10115] Built Mathlib.CategoryTheory.Comma.Over.OverClass (4.8s)
✔ [3446/10115] Built Mathlib.CategoryTheory.Monoidal.Braided.Reflection (10s)
✔ [3447/10115] Built Mathlib.CategoryTheory.Limits.ConeCategory (8.7s)
✔ [3448/10115] Built Mathlib.CategoryTheory.Pi.Monoidal (12s)
✔ [3449/10115] Built Mathlib.CategoryTheory.Bicategory.Kan.Adjunction (11s)
✔ [3450/10115] Built Mathlib.Combinatorics.SimpleGraph.Circulant (4.2s)
✔ [3451/10115] Built Mathlib.CategoryTheory.Action.Concrete (5.4s)
✔ [3452/10115] Built Mathlib.Data.ZMod.Factorial (4.1s)
✔ [3453/10115] Built Mathlib.CategoryTheory.Monoidal.Rigid.Basic (15s)
✔ [3454/10115] Built Mathlib.Data.ZMod.Units (5.2s)
✔ [3455/10115] Built Mathlib.Combinatorics.SimpleGraph.DegreeSum (4.8s)
✔ [3456/10115] Built Mathlib.GroupTheory.Perm.Cycle.Basic (9.6s)
✔ [3457/10115] Built Mathlib.CategoryTheory.Functor.KanExtension.Basic (21s)
✔ [3458/10115] Built Mathlib.LinearAlgebra.BilinearMap (33s)
✔ [3459/10115] Built Mathlib.Algebra.Algebra.ZMod (3.4s)
✔ [3460/10115] Built Mathlib.Algebra.BigOperators.ModEq (4.5s)
✔ [3461/10115] Built Mathlib.Data.ZMod.IntUnitsPower (3.8s)
✔ [3462/10115] Built Mathlib.Data.ZMod.Aut (2.9s)
✔ [3463/10115] Built Mathlib.Algebra.Field.ZMod (2.8s)
✔ [3464/10115] Built Mathlib.Topology.Separation.AlexandrovDiscrete (2.4s)
✔ [3465/10115] Built Mathlib.RingTheory.Fintype (3.5s)
✔ [3466/10115] Built Mathlib.CategoryTheory.Comma.Presheaf.Basic (15s)
✔ [3467/10115] Built Mathlib.Data.ENNReal.Holder (3.1s)
✔ [3468/10115] Built Mathlib.Data.ZMod.ValMinAbs (4.1s)
✔ [3469/10115] Built Mathlib.GroupTheory.GroupAction.Period (4.2s)
✔ [3470/10115] Built Mathlib.NumberTheory.LegendreSymbol.ZModChar (5.4s)
✔ [3471/10115] Built Mathlib.Data.ENNReal.BigOperators (4.8s)
✔ [3472/10115] Built Mathlib.GroupTheory.GroupAction.SubMulAction.OfFixingSubgroup (28s)
✔ [3473/10115] Built Mathlib.CategoryTheory.Grothendieck (21s)
✔ [3474/10115] Built Mathlib.Combinatorics.Matroid.Rank.Finite (3.7s)
✔ [3475/10115] Built Mathlib.CategoryTheory.WithTerminal.Cone (17s)
✔ [3476/10115] Built Mathlib.Tactic.Algebra.AlgebraNF (3.4s)
✔ [3477/10115] Built Mathlib.RingTheory.Congruence.Star (3.1s)
✔ [3478/10115] Built Mathlib.RingTheory.Congruence.Opposite (3.1s)
✔ [3479/10115] Built Mathlib.Data.ZMod.QuotientGroup (8.7s)
✔ [3480/10115] Built Mathlib.GroupTheory.FreeGroup.NielsenSchreier (5.0s)
✔ [3481/10115] Built Mathlib.Combinatorics.Matroid.Circuit (9.7s)
✔ [3482/10115] Built Mathlib.CategoryTheory.Comma.CardinalArrow (4.4s)
✔ [3483/10115] Built Mathlib.CategoryTheory.MorphismProperty.HasCardinalLT (3.6s)
✔ [3484/10115] Built Mathlib.Topology.EMetricSpace.Defs (11s)
✔ [3485/10115] Built Mathlib.CategoryTheory.ObjectProperty.HasCardinalLT (4.7s)
✔ [3486/10115] Built Mathlib.GroupTheory.GroupExtension.Basic (9.5s)
✔ [3487/10115] Built Mathlib.LinearAlgebra.Finsupp.Span (7.1s)
✔ [3488/10115] Built Mathlib.CategoryTheory.SmallRepresentatives (6.2s)
✔ [3489/10115] Built Mathlib.RingTheory.Ideal.Span (7.2s)
✔ [3490/10115] Built Mathlib.CategoryTheory.Monoidal.Mon_ (2.2s)
✔ [3491/10115] Built Mathlib.RingTheory.UniqueFactorizationDomain.Moebius (3.9s)
✔ [3492/10115] Built Mathlib.Data.EReal.Operations (13s)
✔ [3493/10115] Built Mathlib.Order.Filter.Cocardinal (11s)
✔ [3494/10115] Built Mathlib.CategoryTheory.Limits.Shapes.BinaryProducts (28s)
✔ [3495/10115] Built Mathlib.CategoryTheory.Monoidal.Opposite.Mon (4.6s)
✔ [3496/10115] Built Mathlib.NumberTheory.SelbergSieve (6.5s)
✔ [3497/10115] Built Mathlib.Data.Finsupp.Weight (13s)
✔ [3498/10115] Built Mathlib.LinearAlgebra.Basis.Defs (13s)
✔ [3499/10115] Built Mathlib.ModelTheory.Bundled (3.8s)
✔ [3500/10115] Built Mathlib.FieldTheory.Galois.Notation (3.5s)
✔ [3501/10115] Built Mathlib.ModelTheory.Skolem (4.2s)
✔ [3502/10115] Built Mathlib.Algebra.Algebra.TransferInstance (3.3s)
✔ [3503/10115] Built Mathlib.CategoryTheory.Monad.EquivMon (7.4s)
✔ [3504/10115] Built Mathlib.CategoryTheory.MorphismProperty.Comma (33s)
✔ [3505/10115] Built Mathlib.LinearAlgebra.LinearIndependent.Defs (16s)
✔ [3506/10115] Built Mathlib.CategoryTheory.Monoidal.Rigid.Functor (2.4s)
✔ [3507/10115] Built Mathlib.Algebra.Algebra.Prod (4.5s)
✔ [3508/10115] Built Mathlib.Algebra.Lie.NonUnitalNonAssocAlgebra (3.4s)
✔ [3509/10115] Built Mathlib.Topology.Irreducible (5.7s)
✔ [3510/10115] Built Mathlib.CategoryTheory.Monoidal.Rigid.Braided (4.6s)
✔ [3511/10115] Built Mathlib.CategoryTheory.Monoidal.Rigid.OfEquivalence (3.4s)
✔ [3512/10115] Built Mathlib.Algebra.NonAssoc.LieAdmissible.Defs (5.8s)
✔ [3513/10115] Built Mathlib.Algebra.Algebra.Opposite (7.8s)
✔ [3514/10115] Built Mathlib.CategoryTheory.Monoidal.Comon_ (12s)
✔ [3515/10115] Built Mathlib.NumberTheory.DirichletCharacter.Basic (7.1s)
✔ [3516/10115] Built Mathlib.CategoryTheory.Monoidal.Rigid.FunctorCategory (5.4s)
✔ [3517/10115] Built Mathlib.ModelTheory.PartialEquiv (8.5s)
✔ [3518/10115] Built Mathlib.CategoryTheory.Monoidal.Mod (14s)
✔ [3519/10115] Built Mathlib.Algebra.Algebra.Tower (10s)
✔ [3520/10115] Built Mathlib.GroupTheory.Perm.Closure (4.2s)
✔ [3521/10115] Built Mathlib.Algebra.Order.Chebyshev (6.3s)
✔ [3522/10115] Built Mathlib.CategoryTheory.Monoidal.CommMon_ (18s)
✔ [3523/10115] Built Mathlib.Algebra.Module.Submodule.Bilinear (5.5s)
✔ [3524/10115] Built Mathlib.Combinatorics.SimpleGraph.Extremal.Turan (9.7s)
✔ [3525/10115] Built Mathlib.CategoryTheory.Functor.Derived.RightDerived (6.0s)
✔ [3526/10115] Built Mathlib.CategoryTheory.Functor.Derived.LeftDerived (7.3s)
✔ [3527/10115] Built Mathlib.Algebra.Ring.NegOnePow (5.3s)
✔ [3528/10115] Built Mathlib.LinearAlgebra.BilinearForm.Isometry (5.9s)
✔ [3529/10115] Built Mathlib.GroupTheory.Perm.Cycle.Factors (9.2s)
✔ [3530/10115] Built Mathlib.Combinatorics.SimpleGraph.Bipartite (12s)
✔ [3531/10115] Built Mathlib.Combinatorics.SimpleGraph.Matching (13s)
✔ [3532/10115] Built Mathlib.Data.Real.ConjExponents (7.7s)
✔ [3533/10115] Built Mathlib.RingTheory.TwoSidedIdeal.Basic (6.7s)
✔ [3534/10115] Built Mathlib.GroupTheory.Order.Min (6.0s)
✔ [3535/10115] Built Mathlib.RingTheory.Ideal.Maximal (4.0s)
✔ [3536/10115] Built Mathlib.NumberTheory.Basic (4.4s)
✔ [3537/10115] Built Mathlib.CategoryTheory.Functor.KanExtension.Pointwise (15s)
✔ [3538/10115] Built Mathlib.LinearAlgebra.Dual.Defs (13s)
✔ [3539/10115] Built Mathlib.CategoryTheory.Limits.Shapes.Grothendieck (10s)
✔ [3540/10115] Built Mathlib.Algebra.MonoidAlgebra.Ideal (5.7s)
✔ [3541/10115] Built Mathlib.Combinatorics.Matroid.Loop (9.9s)
✔ [3542/10115] Built Mathlib.NumberTheory.Multiplicity (9.2s)
✔ [3543/10115] Built Mathlib.Algebra.RingQuot (9.7s)
✔ [3544/10115] Built Mathlib.GroupTheory.SpecificGroups.Cyclic.Basic (10s)
✔ [3545/10115] Built Mathlib.CategoryTheory.Monoidal.Opposite.Mon_ (2.6s)
✔ [3546/10115] Built Mathlib.Data.EReal.Inv (8.0s)
✔ [3547/10115] Built Mathlib.CategoryTheory.Limits.Shapes.CombinedProducts (6.2s)
✔ [3548/10115] Built Mathlib.CategoryTheory.Limits.Shapes.PiProd (5.5s)
✔ [3549/10115] Built Mathlib.CategoryTheory.Limits.Shapes.StrictInitial (3.6s)
✔ [3550/10115] Built Mathlib.CategoryTheory.Limits.Preorder (3.7s)
✔ [3551/10115] Built Mathlib.Topology.MetricSpace.Pseudo.Defs (12s)
✔ [3552/10115] Built Mathlib.CategoryTheory.Comma.StructuredArrow.Functor (16s)
✔ [3553/10115] Built Mathlib.CategoryTheory.Monad.Products (7.4s)
✔ [3554/10115] Built Mathlib.CategoryTheory.Limits.Preserves.Shapes.BinaryProducts (4.3s)
✔ [3555/10115] Built Mathlib.LinearAlgebra.Basis.Bilinear (3.5s)
✔ [3556/10115] Built Mathlib.Order.Filter.TendstoCofinite (3.0s)
✔ [3557/10115] Built Mathlib.Algebra.Algebra.Shrink (2.7s)
✔ [3558/10115] Built Mathlib.Algebra.Algebra.NonUnitalSubalgebra (33s)
✔ [3559/10115] Built Mathlib.CategoryTheory.Limits.Shapes.Pullback.Cospan (9.0s)
✔ [3560/10115] Built Mathlib.CategoryTheory.Monoidal.Conv (3.3s)
✔ [3561/10115] Built Mathlib.CategoryTheory.Monoidal.CommComon_ (3.3s)
✔ [3562/10115] Built Mathlib.ModelTheory.Satisfiability (4.0s)
✔ [3563/10115] Built Mathlib.LinearAlgebra.Basis.Cardinality (4.0s)
✔ [3564/10115] Built Mathlib.CategoryTheory.CopyDiscardCategory.Basic (3.3s)
✔ [3565/10115] Built Mathlib.CategoryTheory.Monoidal.Mod_ (2.6s)
✔ [3566/10115] Built Mathlib.Data.Finsupp.MonomialOrder.DegLex (7.6s)
✔ [3567/10115] Built Mathlib.Topology.Separation.Hausdorff (5.4s)
✔ [3568/10115] Built Mathlib.Algebra.Algebra.Pi (5.9s)
✔ [3569/10115] Built Mathlib.CategoryTheory.Bicategory.Monad.Basic (5.8s)
✔ [3570/10115] Built Mathlib.ModelTheory.Fraisse (5.5s)
✔ [3571/10115] Built Mathlib.Algebra.Algebra.RestrictScalars (3.9s)
✔ [3572/10115] Built Mathlib.LinearAlgebra.BilinearForm.Basic (6.9s)
✔ [3573/10115] Built Mathlib.CategoryTheory.Monoidal.Internal.Limits (5.2s)
✔ [3574/10115] Built Mathlib.Algebra.MonoidAlgebra.Module (12s)
✔ [3575/10115] Built Mathlib.Algebra.Field.NegOnePow (3.3s)
✔ [3576/10115] Built Mathlib.Tactic.Algebraize (6.3s)
✔ [3577/10115] Built Mathlib.CategoryTheory.Functor.Derived.Adjunction (6.8s)
✔ [3578/10115] Built Mathlib.GroupTheory.Perm.ConjAct (4.0s)
✔ [3579/10115] Built Mathlib.LinearAlgebra.LinearIndependent.Basic (14s)
✔ [3580/10115] Built Mathlib.Combinatorics.SimpleGraph.UniversalVerts (4.8s)
✔ [3581/10115] Built Mathlib.Algebra.Ring.Periodic (8.9s)
✔ [3582/10115] Built Mathlib.RingTheory.TwoSidedIdeal.Instances (3.5s)
✔ [3583/10115] Built Mathlib.RingTheory.TwoSidedIdeal.BigOperators (4.7s)
✔ [3584/10115] Built Mathlib.Combinatorics.Additive.CauchyDavenport (7.4s)
✔ [3585/10115] Built Mathlib.Combinatorics.SimpleGraph.CompleteMultipartite (12s)
✔ [3586/10115] Built Mathlib.RingTheory.TwoSidedIdeal.Lattice (4.4s)
✔ [3587/10115] Built Mathlib.CategoryTheory.Monoidal.Bimon_ (18s)
✔ [3588/10115] Built Mathlib.RingTheory.Spectrum.Maximal.Defs (3.5s)
✔ [3589/10115] Built Mathlib.LinearAlgebra.Prod (20s)
✔ [3590/10115] Built Mathlib.RingTheory.Ideal.Basic (4.0s)
✔ [3591/10115] Built Mathlib.RingTheory.Ideal.Nonunits (3.1s)
✔ [3592/10115] Built Mathlib.CategoryTheory.Functor.Derived.PointwiseLeftDerived (4.0s)
✔ [3593/10115] Built Mathlib.RingTheory.Localization.Basic (17s)
✔ [3594/10115] Built Mathlib.CategoryTheory.Functor.Derived.PointwiseRightDerived (3.7s)
✔ [3595/10115] Built Mathlib.CategoryTheory.Limits.Shapes.Preorder.Basic (2.8s)
✔ [3596/10115] Built Mathlib.Algebra.Star.RingQuot (3.0s)
✔ [3597/10115] Built Mathlib.Data.Finite.Perm (2.0s)
✔ [3598/10115] Built Mathlib.Combinatorics.SimpleGraph.Acyclic (13s)
✔ [3599/10115] Built Mathlib.CategoryTheory.Limits.Preserves.Grothendieck (5.5s)
✔ [3600/10115] Built Mathlib.Combinatorics.Matroid.Minor.Delete (4.5s)
✔ [3601/10115] Built Mathlib.LinearAlgebra.Dual.Basis (6.8s)
✔ [3602/10115] Built Mathlib.LinearAlgebra.TensorProduct.Defs (20s)
✔ [3603/10115] Built Mathlib.CategoryTheory.Comma.Over.StrictInitial (4.8s)
✔ [3604/10115] Built Mathlib.Combinatorics.Matroid.Rank.ENat (7.3s)
✔ [3605/10115] Built Mathlib.Topology.MetricSpace.Defs (4.8s)
✔ [3606/10115] Built Mathlib.Order.Northcott (3.6s)
✔ [3607/10115] Built Mathlib.Topology.MetricSpace.Pseudo.Constructions (5.6s)
✔ [3608/10115] Built Mathlib.CategoryTheory.MarkovCategory.Basic (2.6s)
✔ [3609/10115] Built Mathlib.ModelTheory.Graph (3.8s)
✔ [3610/10115] Built Mathlib.ModelTheory.Types (3.9s)
✔ [3611/10115] Built Mathlib.CategoryTheory.CopyDiscardCategory.Deterministic (2.4s)
✔ [3612/10115] Built Mathlib.GroupTheory.Perm.Cycle.Type (19s)
✔ [3613/10115] Built Mathlib.CategoryTheory.Monoidal.Widesubcategory (4.5s)
✔ [3614/10115] Built Mathlib.Topology.Compactness.CompactlyCoherentSpace (3.7s)
✔ [3615/10115] Built Mathlib.ModelTheory.Equivalence (6.5s)
✔ [3616/10115] Built Mathlib.CategoryTheory.Limits.Shapes.Pullback.PullbackCone (8.4s)
✔ [3617/10115] Built Mathlib.Dynamics.FixedPoints.Topology (3.2s)
✔ [3618/10115] Built Mathlib.Topology.Compactness.CompactSystem (4.4s)
✔ [3619/10115] Built Mathlib.Topology.Algebra.Semigroup (3.5s)
✔ [3620/10115] Built Mathlib.Topology.ContinuousMap.Basic (6.0s)
✔ [3621/10115] Built Mathlib.CategoryTheory.Functor.KanExtension.Adjunction (10s)
✔ [3622/10115] Built Mathlib.Tactic.Module (31s)
✔ [3623/10115] Built Mathlib.Topology.Algebra.Support (8.1s)
✔ [3624/10115] Built Mathlib.RingTheory.Finiteness.Defs (3.9s)
✔ [3625/10115] Built Mathlib.Topology.Algebra.InfiniteSum.Defs (8.8s)
✔ [3626/10115] Built Mathlib.Topology.LocallyFinsupp (11s)
✔ [3627/10115] Built Mathlib.Algebra.MonoidAlgebra.Support (6.2s)
✔ [3628/10115] Built Mathlib.Data.Nat.Periodic (3.2s)
✔ [3629/10115] Built Mathlib.LinearAlgebra.Basis.Basic (6.6s)
✔ [3630/10115] Built Mathlib.Algebra.Field.Periodic (4.7s)
✔ [3631/10115] Built Mathlib.RingTheory.SimpleRing.Defs (2.4s)
✔ [3632/10115] Built Mathlib.Topology.Order.OrderClosed (14s)
✔ [3633/10115] Built Mathlib.Algebra.Module.LocalizedModule.Basic (38s)
✔ [3634/10115] Built Mathlib.RingTheory.TwoSidedIdeal.Kernel (4.2s)
✔ [3635/10115] Built Mathlib.Combinatorics.SimpleGraph.Coloring.Constructions (7.1s)
✔ [3636/10115] Built Mathlib.RingTheory.LocalRing.Basic (3.6s)
✔ [3637/10115] Built Mathlib.Algebra.Polynomial.Basic (14s)
✔ [3638/10115] Built Mathlib.RingTheory.TwoSidedIdeal.Operations (7.8s)
✔ [3639/10115] Built Mathlib.GroupTheory.IndexNormal (3.9s)
✔ [3640/10115] Built Mathlib.Combinatorics.SimpleGraph.Star (3.5s)
✔ [3641/10115] Built Mathlib.Combinatorics.SimpleGraph.Tutte (13s)
✔ [3642/10115] Built Mathlib.CategoryTheory.Monoidal.Hopf_ (8.6s)
✔ [3643/10115] Built Mathlib.Combinatorics.SimpleGraph.UnitDistance.Basic (3.3s)
✔ [3644/10115] Built Mathlib.CategoryTheory.MarkovCategory.Positive (3.2s)
✔ [3645/10115] Built Mathlib.Algebra.Star.Module (8.9s)
✔ [3646/10115] Built Mathlib.Combinatorics.SimpleGraph.Girth (4.0s)
✔ [3647/10115] Built Mathlib.Combinatorics.Matroid.Rank.Cardinal (6.0s)
✔ [3648/10115] Built Mathlib.Algebra.Star.StarAlgHom (22s)
✔ [3649/10115] Built Mathlib.Algebra.CharP.CharAndCard (4.5s)
✔ [3650/10115] Built Mathlib.Combinatorics.SimpleGraph.FiveWheelLike (17s)
✔ [3651/10115] Built Mathlib.GroupTheory.FixedPointFree (4.2s)
✔ [3652/10115] Built Mathlib.Combinatorics.Matroid.Minor.Contract (9.9s)
✔ [3653/10115] Built Mathlib.LinearAlgebra.Pi (16s)
✔ [3654/10115] Built Mathlib.CategoryTheory.CopyDiscardCategory.Widesubcategory (6.7s)
✔ [3655/10115] Built Mathlib.GroupTheory.Perm.Cycle.Concrete (7.3s)
✔ [3656/10115] Built Mathlib.Topology.Hom.Open (4.2s)
✔ [3657/10115] Built Mathlib.Topology.Category.TopCat.Basic (5.3s)
✔ [3658/10115] Built Mathlib.CategoryTheory.Monoidal.Internal.FunctorCategory (54s)
✔ [3659/10115] Built Mathlib.GroupTheory.Perm.Fin (9.7s)
✔ [3660/10115] Built Mathlib.Topology.ContinuousMap.CocompactMap (3.0s)
✔ [3661/10115] Built Mathlib.ModelTheory.Complexity (8.3s)
✔ [3662/10115] Built Mathlib.Topology.Sets.Opens (7.9s)
✔ [3663/10115] Built Mathlib.Algebra.MonoidAlgebra.Basic (29s)
✔ [3664/10115] Built Mathlib.Topology.Convenient.GeneratedBy (5.3s)
✔ [3665/10115] Built Mathlib.Topology.Algebra.Order.Support (3.3s)
✔ [3666/10115] Built Mathlib.RingTheory.Finiteness.Prod (3.6s)
✔ [3667/10115] Built Mathlib.LinearAlgebra.Countable (3.7s)
✔ [3668/10115] Built Mathlib.RingTheory.Finiteness.Bilinear (3.3s)
✔ [3669/10115] Built Mathlib.Algebra.Order.ToIntervalMod (31s)
✔ [3670/10115] Built Mathlib.Data.Nat.Totient (6.4s)
✔ [3671/10115] Built Mathlib.CategoryTheory.Limits.Shapes.Pullback.HasPullback (14s)
✔ [3672/10115] Built Mathlib.RingTheory.AlgebraTower (6.6s)
✔ [3673/10115] Built Mathlib.LinearAlgebra.Dimension.Basic (7.5s)
✔ [3674/10115] Built Mathlib.LinearAlgebra.TensorProduct.Basic (22s)
✔ [3675/10115] Built Mathlib.CategoryTheory.Functor.KanExtension.Preserves (12s)
✔ [3676/10115] Built Mathlib.LinearAlgebra.Basis.SMul (6.5s)
✔ [3677/10115] Built Mathlib.LinearAlgebra.Basis.Submodule (7.6s)
✔ [3678/10115] Built Mathlib.LinearAlgebra.FreeModule.Basic (7.2s)
✔ [3679/10115] Built Mathlib.Topology.Order.IsLocallyClosed (2.8s)
✔ [3680/10115] Built Mathlib.Topology.Order.ExtrClosure (2.8s)
✔ [3681/10115] Built Mathlib.Topology.Order.OrderClosedExtr (2.9s)
✔ [3682/10115] Built Mathlib.LinearAlgebra.Ray (14s)
✔ [3683/10115] Built Mathlib.Topology.Order.Lattice (6.3s)
✔ [3684/10115] Built Mathlib.LinearAlgebra.LinearPMap (30s)
✔ [3685/10115] Built Mathlib.Algebra.Module.LocalizedModule.AtPrime (3.1s)
✔ [3686/10115] Built Mathlib.RingTheory.SimpleRing.Basic (3.0s)
✔ [3687/10115] Built Mathlib.Algebra.MonoidAlgebra.Degree (12s)
✔ [3688/10115] Built Mathlib.Algebra.Module.LocalizedModule.Int (4.1s)
✔ [3689/10115] Built Mathlib.Combinatorics.SimpleGraph.ConcreteColorings (3.0s)
✔ [3690/10115] Built Mathlib.Topology.Connected.Basic (6.1s)
✔ [3691/10115] Built Mathlib.RingTheory.LocalRing.MaximalIdeal.Defs (3.2s)
✔ [3692/10115] Built Mathlib.Algebra.Module.LocalizedModule.Away (4.0s)
✔ [3693/10115] Built Mathlib.Algebra.Polynomial.Cardinal (2.7s)
✔ [3694/10115] Built Mathlib.Algebra.Polynomial.Basis (2.8s)
✔ [3695/10115] Built Mathlib.Algebra.Polynomial.Monomial (3.5s)
✔ [3696/10115] Built Mathlib.Combinatorics.Matroid.Minor.Order (3.1s)
✔ [3697/10115] Built Mathlib.Algebra.Polynomial.Coeff (5.8s)
✔ [3698/10115] Built Mathlib.LinearAlgebra.Basis.Fin (6.1s)
✔ [3699/10115] Built Mathlib.Topology.Category.FinTopCat (4.5s)
✔ [3700/10115] Built Mathlib.GroupTheory.Perm.Cycle.PossibleTypes (4.0s)
✔ [3701/10115] Built Mathlib.Topology.Algebra.InfiniteSum.Basic (20s)
✔ [3702/10115] Built Mathlib.Algebra.Polynomial.Eval.Defs (9.5s)
✔ [3703/10115] Built Mathlib.LinearAlgebra.Finsupp.Pi (8.2s)
✔ [3704/10115] Built Mathlib.Algebra.Colimit.DirectLimit (51s)
✔ [3705/10115] Built Mathlib.Topology.Category.CompHausLike.Basic (5.4s)
✔ [3706/10115] Built Mathlib.Topology.Category.TopCat.Adjunctions (3.8s)
✔ [3707/10115] Built Mathlib.RingTheory.Finiteness.Basic (10s)
✔ [3708/10115] Built Mathlib.Topology.ContinuousMap.T0Sierpinski (3.1s)
✔ [3709/10115] Built Mathlib.Topology.Sets.OpenCover (4.2s)
✔ [3710/10115] Built Mathlib.Algebra.FreeNonUnitalNonAssocAlgebra (4.3s)
✔ [3711/10115] Built Mathlib.Topology.Convenient.ContinuousMapGeneratedBy (4.7s)
✔ [3712/10115] Built Mathlib.Topology.Order.Basic (23s)
✔ [3713/10115] Built Mathlib.NumberTheory.PrimeCounting (4.9s)
✔ [3714/10115] Built Mathlib.LinearAlgebra.Quotient.Basic (13s)
✔ [3715/10115] Built Mathlib.CategoryTheory.EffectiveEpi.Coproduct (4.2s)
✔ [3716/10115] Built Mathlib.Topology.Sets.Closeds (7.1s)
✔ [3717/10115] Built Mathlib.CategoryTheory.Limits.Preserves.Creates.Pullbacks (2.6s)
✔ [3718/10115] Built Mathlib.ModelTheory.Order (8.7s)
✔ [3719/10115] Built Mathlib.LinearAlgebra.Dimension.Finrank (3.6s)
✔ [3720/10115] Built Mathlib.CategoryTheory.Limits.FunctorCategory.Shapes.Pullbacks (7.4s)
✔ [3721/10115] Built Mathlib.LinearAlgebra.Dimension.Subsingleton (3.0s)
✔ [3722/10115] Built Mathlib.LinearAlgebra.LinearIndependent.Lemmas (18s)
✔ [3723/10115] Built Mathlib.CategoryTheory.Limits.Shapes.Pullback.Iso (4.4s)
✔ [3724/10115] Built Mathlib.LinearAlgebra.Basis.Prod (3.8s)
✔ [3725/10115] Built Mathlib.Algebra.Algebra.IsSimpleRing (2.5s)
✔ [3726/10115] Built Mathlib.Topology.Order.PartialSups (3.3s)
✔ [3727/10115] Built Mathlib.LinearAlgebra.Basis.Flag (4.3s)
✔ [3728/10115] Built Mathlib.ModelTheory.Arithmetic.Presburger.Semilinear.Defs (9.4s)
✔ [3729/10115] Built Mathlib.Topology.Order.LowerUpperTopology (6.4s)
✔ [3730/10115] Built Mathlib.RingTheory.SimpleRing.Congr (3.8s)
✔ [3731/10115] Built Mathlib.RingTheory.SimpleRing.Field (3.8s)
✔ [3732/10115] Built Mathlib.Data.Nat.Choose.Vandermonde (3.7s)
✔ [3733/10115] Built Mathlib.CategoryTheory.Limits.Shapes.Pullback.Pasting (14s)
✔ [3734/10115] Built Mathlib.LinearAlgebra.Multilinear.Basic (25s)
✔ [3735/10115] Built Mathlib.Data.Matrix.Basic (28s)
✔ [3736/10115] Built Mathlib.Algebra.Field.Subfield.Basic (9.0s)
✔ [3737/10115] Built Mathlib.Algebra.Polynomial.Degree.Defs (7.0s)
✔ [3738/10115] Built Mathlib.GroupTheory.SpecificGroups.Cyclic (19s)
✔ [3739/10115] Built Mathlib.Algebra.Polynomial.Eval.Coeff (5.1s)
✔ [3740/10115] Built Mathlib.Algebra.Polynomial.Eval.Algebra (3.0s)
✔ [3741/10115] Built Mathlib.Topology.Category.TopCat.EpiMono (2.8s)
✔ [3742/10115] Built Mathlib.CategoryTheory.Limits.Shapes.Equalizers (18s)
✔ [3743/10115] Built Mathlib.Computability.TuringMachine.Computable (4.0s)
✔ [3744/10115] Built Mathlib.Topology.Order.Filter (2.9s)
✔ [3745/10115] Built Mathlib.RingTheory.Noetherian.Defs (3.6s)
✔ [3746/10115] Built Mathlib.RingTheory.Finiteness.Lattice (3.2s)
✔ [3747/10115] Built Mathlib.LinearAlgebra.AffineSpace.AffineMap (32s)
✔ [3748/10115] Built Mathlib.Topology.Connected.Clopen (10s)
✔ [3749/10115] Built Mathlib.GroupTheory.Perm.Centralizer (9.5s)
✔ [3750/10115] Built Mathlib.Topology.Instances.Sign (3.2s)
✔ [3751/10115] Built Mathlib.Topology.Order.ProjIcc (3.3s)
✔ [3752/10115] Built Mathlib.Analysis.Normed.Lp.WithLp (6.9s)
✔ [3753/10115] Built Mathlib.LinearAlgebra.SModEq.Basic (8.9s)
✔ [3754/10115] Built Mathlib.Topology.Order.Completion (6.2s)
✔ [3755/10115] Built Mathlib.Topology.Order.CountableSeparating (4.9s)
✔ [3756/10115] Built Mathlib.Topology.Instances.Discrete (3.7s)
✔ [3757/10115] Built Mathlib.Topology.Order.NhdsSet (5.4s)
✔ [3758/10115] Built Mathlib.Topology.Order.MonotoneConvergence (4.8s)
✔ [3759/10115] Built Mathlib.Topology.Order.SuccPred (7.4s)
✔ [3760/10115] Built Mathlib.NumberTheory.Primorial (5.5s)
✔ [3761/10115] Built Mathlib.NumberTheory.SmoothNumbers (6.6s)
✔ [3762/10115] Built Mathlib.Algebra.Algebra.Subalgebra.Basic (23s)
✔ [3763/10115] Built Mathlib.Topology.Sets.Order (3.2s)
✔ [3764/10115] Built Mathlib.Algebra.SkewMonoidAlgebra.Basic (26s)
✔ [3765/10115] Built Mathlib.LinearAlgebra.Quotient.Pi (6.6s)
✔ [3766/10115] Built Mathlib.Topology.Order.LeftRightNhds (11s)
✔ [3767/10115] Built Mathlib.Topology.Sober (4.5s)
✔ [3768/10115] Built Mathlib.LinearAlgebra.Isomorphisms (6.8s)
✔ [3769/10115] Built Mathlib.RingTheory.Ideal.Quotient.Basic (7.3s)
✔ [3770/10115] Built Mathlib.Topology.Order.UpperLowerSetTopology (4.7s)
✔ [3771/10115] Built Mathlib.LinearAlgebra.Goursat (10s)
✔ [3772/10115] Built Mathlib.Topology.Order.HullKernel (4.7s)
✔ [3773/10115] Built Mathlib.CategoryTheory.Limits.Shapes.Pullback.Mono (6.1s)
✔ [3774/10115] Built Mathlib.LinearAlgebra.Multilinear.Pi (4.2s)
✔ [3775/10115] Built Mathlib.LinearAlgebra.Multilinear.TensorProduct (5.4s)
✔ [3776/10115] Built Mathlib.LinearAlgebra.Matrix.Unique (3.9s)
✔ [3777/10115] Built Mathlib.LinearAlgebra.TensorProduct.Map (35s)
✔ [3778/10115] Built Mathlib.SetTheory.Cardinal.Subfield (5.5s)
✔ [3779/10115] Built Mathlib.Algebra.Polynomial.Degree.Definitions (3.6s)
✔ [3780/10115] Built Mathlib.RingTheory.IntegralClosure.IsIntegral.Defs (3.5s)
✔ [3781/10115] Built Mathlib.Algebra.Polynomial.Degree.Monomial (3.8s)
✔ [3782/10115] Built Mathlib.Topology.Order.WithTop (22s)
✔ [3783/10115] Built Mathlib.LinearAlgebra.Multilinear.Curry (10s)
✔ [3784/10115] Built Mathlib.Data.Matrix.Basis (9.5s)
✔ [3785/10115] Built Mathlib.Algebra.Polynomial.Degree.Operations (8.4s)
✔ [3786/10115] Built Mathlib.Algebra.Exact.Basic (20s)
✔ [3787/10115] Built Mathlib.CategoryTheory.Comma.Over.Pullback (16s)
✔ [3788/10115] Built Mathlib.RingTheory.Polynomial.Subring (4.0s)
✔ [3789/10115] Built Mathlib.Algebra.Order.Group.Cyclic (5.2s)
✔ [3790/10115] Built Mathlib.GroupTheory.PGroup (6.1s)
✔ [3791/10115] Built Mathlib.LinearAlgebra.DFinsupp (18s)
✔ [3792/10115] Built Mathlib.CategoryTheory.Limits.Shapes.Pullback.Assoc (17s)
✔ [3793/10115] Built Mathlib.LinearAlgebra.Projection (22s)
✔ [3794/10115] Built Mathlib.GroupTheory.SpecificGroups.KleinFour (6.2s)
✔ [3795/10115] Built Mathlib.CategoryTheory.Limits.Constructions.Pullbacks (2.9s)
✔ [3796/10115] Built Mathlib.CategoryTheory.Limits.Shapes.FiniteLimits (3.7s)
✔ [3797/10115] Built Mathlib.CategoryTheory.Limits.WeakLimits.WeakEqualizers (3.2s)
✔ [3798/10115] Built Mathlib.CategoryTheory.Limits.Connected (5.5s)
✔ [3799/10115] Built Mathlib.GroupTheory.SpecificGroups.Alternating (10s)
✔ [3800/10115] Built Mathlib.Computability.TMComputable (2.9s)
✔ [3801/10115] Built Mathlib.CategoryTheory.Limits.Shapes.SplitCoequalizer (3.6s)
✔ [3802/10115] Built Mathlib.CategoryTheory.Limits.Shapes.SplitEqualizer (3.8s)
✔ [3803/10115] Built Mathlib.RingTheory.Noetherian.Filter (2.0s)
✔ [3804/10115] Built Mathlib.RingTheory.Localization.FractionRing (17s)
✔ [3805/10115] Built Mathlib.LinearAlgebra.SesquilinearForm.Basic (23s)
✔ [3806/10115] Built Mathlib.Topology.Category.TopCat.Opens (8.0s)
✔ [3807/10115] Built Mathlib.Algebra.Star.NonUnitalSubalgebra (66s)
✔ [3808/10115] Built Mathlib.Topology.Connected.LocallyConnected (3.5s)
✔ [3809/10115] Built Mathlib.LinearAlgebra.AffineSpace.Slope (5.6s)
✔ [3810/10115] Built Mathlib.Topology.SeparatedMap (3.8s)
✔ [3811/10115] Built Mathlib.Algebra.Algebra.Subalgebra.Order (2.8s)
✔ [3812/10115] Built Mathlib.Algebra.Algebra.Subalgebra.Matrix (3.2s)
✔ [3813/10115] Built Mathlib.Topology.ContinuousMap.Ordered (3.6s)
✔ [3814/10115] Built Mathlib.Topology.Connected.TotallyDisconnected (4.3s)
✔ [3815/10115] Built Mathlib.Algebra.SkewMonoidAlgebra.Support (4.7s)
✔ [3816/10115] Built Mathlib.CategoryTheory.Limits.Shapes.WideEqualizers (10s)
✔ [3817/10115] Built Mathlib.Algebra.SkewMonoidAlgebra.Single (5.3s)
✔ [3818/10115] Built Mathlib.Topology.Separation.Regular (7.3s)
✔ [3819/10115] Built Mathlib.Topology.Specialization (3.6s)
✔ [3820/10115] Built Mathlib.Topology.Order.ScottTopology (4.6s)
✔ [3821/10115] Built Mathlib.Topology.Order.MonotoneContinuity (5.3s)
✔ [3822/10115] Built Mathlib.Algebra.ContinuedFractions.Computation.ApproximationCorollaries (5.7s)
✔ [3823/10115] Built Mathlib.Algebra.SkewMonoidAlgebra.Lift (7.4s)
✔ [3824/10115] Built Mathlib.Topology.Algebra.Order.Group (7.3s)
✔ [3825/10115] Built Mathlib.RingTheory.IntegralClosure.IsIntegralClosure.Defs (3.6s)
✔ [3826/10115] Built Mathlib.RingTheory.IntegralClosure.Algebra.Defs (3.9s)
✔ [3827/10115] Built Mathlib.GroupTheory.ArchimedeanDensely (20s)
✔ [3828/10115] Built Mathlib.Topology.Order.IsLUB (8.2s)
✔ [3829/10115] Built Mathlib.Algebra.Star.TensorProduct (6.3s)
✔ [3830/10115] Built Mathlib.Data.Matrix.Composition (4.9s)
✔ [3831/10115] Built Mathlib.Algebra.Polynomial.Degree.Support (4.3s)
✔ [3832/10115] Built Mathlib.Algebra.Polynomial.Degree.Domain (3.6s)
✔ [3833/10115] Built Mathlib.LinearAlgebra.LeftExact (3.8s)
✔ [3834/10115] Built Mathlib.Algebra.Polynomial.Degree.SmallDegree (4.8s)
✔ [3835/10115] Built Mathlib.LinearAlgebra.Matrix.Module (6.9s)
✔ [3836/10115] Built Mathlib.RingTheory.Finiteness.Finsupp (5.2s)
✔ [3837/10115] Built Mathlib.LinearAlgebra.Matrix.ConjTranspose (7.4s)
✔ [3838/10115] Built Mathlib.Algebra.Algebra.Bilinear (10s)
✔ [3839/10115] Built Mathlib.Algebra.Exact (3.1s)
✔ [3840/10115] Built Mathlib.CategoryTheory.Limits.Shapes.Images (12s)
✔ [3841/10115] Built Mathlib.Algebra.Module.LocalizedModule.Exact (4.6s)
✔ [3842/10115] Built Mathlib.CategoryTheory.Limits.Shapes.Multiequalizer (23s)
✔ [3843/10115] Built Mathlib.LinearAlgebra.TensorProduct.Finiteness (4.7s)
✔ [3844/10115] Built Mathlib.Topology.Order.AtTopBotIxx (20s)
✔ [3845/10115] Built Mathlib.LinearAlgebra.FixedSubmodule (6.4s)
✔ [3846/10115] Built Mathlib.LinearAlgebra.Finsupp.VectorSpace (5.5s)
✔ [3847/10115] Built Mathlib.Algebra.Module.SnakeLemma (9.8s)
✔ [3848/10115] Built Mathlib.LinearAlgebra.AffineSpace.AffineEquiv (27s)
✔ [3849/10115] Built Mathlib.LinearAlgebra.Basis.Exact (6.7s)
✔ [3850/10115] Built Mathlib.Algebra.FiveLemma (14s)
✔ [3851/10115] Built Mathlib.Algebra.Module.Presentation.Basic (11s)
✔ [3852/10115] Built Mathlib.CategoryTheory.Limits.Lattice (5.1s)
✔ [3853/10115] Built Mathlib.CategoryTheory.Limits.Shapes.FiniteProducts (3.7s)
✔ [3854/10115] Built Mathlib.GroupTheory.Sylow (12s)
✔ [3855/10115] Built Mathlib.GroupTheory.Torsion (12s)
✔ [3856/10115] Built Mathlib.LinearAlgebra.TensorProduct.Associator (22s)
✔ [3857/10115] Built Mathlib.GroupTheory.SpecificGroups.Dihedral (8.3s)
✔ [3858/10115] Built Mathlib.CategoryTheory.Filtered.Basic (7.6s)
✔ [3859/10115] Built Mathlib.LinearAlgebra.Basis.VectorSpace (10s)
✔ [3860/10115] Built Mathlib.Algebra.DirectSum.Module (14s)
✔ [3861/10115] Built Mathlib.CategoryTheory.Limits.WeakLimits.WeakPullbacks (5.4s)
✔ [3862/10115] Built Mathlib.LinearAlgebra.Multilinear.DFinsupp (15s)
✔ [3863/10115] Built Mathlib.CategoryTheory.Limits.Opposites (9.2s)
✔ [3864/10115] Built Mathlib.RingTheory.Localization.Cardinality (3.7s)
✔ [3865/10115] Built Mathlib.GroupTheory.SpecificGroups.Alternating.Centralizer (5.8s)
✔ [3866/10115] Built Mathlib.CategoryTheory.Limits.Preserves.Shapes.Equalizers (5.4s)
✔ [3867/10115] Built Mathlib.RingTheory.Localization.NumDen (4.8s)
✔ [3868/10115] Built Mathlib.FieldTheory.RatFunc.Defs (5.8s)
✔ [3869/10115] Built Mathlib.LinearAlgebra.Quotient.Bilinear (4.3s)
✔ [3870/10115] Built Mathlib.Topology.Connected.Separation (2.5s)
✔ [3871/10115] Built Mathlib.Topology.Separation.Connected (2.8s)
✔ [3872/10115] Built Mathlib.LinearAlgebra.SesquilinearForm.Orthogonal (5.5s)
✔ [3873/10115] Built Mathlib.CategoryTheory.Limits.Constructions.WeaklyInitial (3.2s)
✔ [3874/10115] Built Mathlib.Topology.Order.Priestley (3.5s)
✔ [3875/10115] Built Mathlib.Topology.Category.TopCat.OpenNhds (4.9s)
✔ [3876/10115] Built Mathlib.Topology.Separation.LinearUpperLowerSetTopology (3.1s)
✔ [3877/10115] Built Mathlib.Topology.Order.T5 (3.4s)
✔ [3878/10115] Built Mathlib.Topology.Order.Category.AlexDisc (3.9s)
✔ [3879/10115] Built Mathlib.LinearAlgebra.PiTensorProduct.Basic (29s)
✔ [3880/10115] Built Mathlib.Topology.LocallyConstant.Basic (6.3s)
✔ [3881/10115] Built Mathlib.Topology.Separation.GDelta (3.3s)
✔ [3882/10115] Built Mathlib.Topology.Separation.NotNormal (3.6s)
✔ [3883/10115] Built Mathlib.Topology.CompactOpen (6.4s)
✔ [3884/10115] Built Mathlib.Topology.DenseEmbedding (5.7s)
✔ [3885/10115] Built Mathlib.Topology.ExtendFrom (3.7s)
✔ [3886/10115] Built Mathlib.Topology.Compactness.Paracompact (5.5s)
✔ [3887/10115] Built Mathlib.Topology.Perfect (4.1s)
✔ [3888/10115] Built Mathlib.Topology.OmegaCompletePartialOrder (3.6s)
✔ [3889/10115] Built Mathlib.Topology.UniformSpace.Separation (4.8s)
✔ [3890/10115] Built Mathlib.Topology.ShrinkingLemma (5.5s)
✔ [3891/10115] Built Mathlib.Algebra.SkewPolynomial.Basic (10s)
✔ [3892/10115] Built Mathlib.Topology.Order.LawsonTopology (5.4s)
✔ [3893/10115] Built Mathlib.Topology.Separation.Profinite (8.5s)
✔ [3894/10115] Built Mathlib.Topology.Algebra.Order.Archimedean (4.4s)
✔ [3895/10115] Built Mathlib.GroupTheory.DivisibleHull (17s)
✔ [3896/10115] Built Mathlib.Algebra.Polynomial.Eval.Subring (3.2s)
✔ [3897/10115] Built Mathlib.Algebra.Polynomial.Eval.SMul (3.7s)
✔ [3898/10115] Built Mathlib.Topology.Sheaves.Presheaf (16s)
✔ [3899/10115] Built Mathlib.GroupTheory.GroupAction.MultipleTransitivity (20s)
✔ [3900/10115] Built Mathlib.Topology.Algebra.Order.Floor (6.1s)
✔ [3901/10115] Built Mathlib.RingTheory.Polynomial.Opposites (5.4s)
✔ [3902/10115] Built Mathlib.Topology.Order.DenselyOrdered (6.0s)
✔ [3903/10115] Built Mathlib.Topology.Order.Monotone (6.5s)
✔ [3904/10115] Built Mathlib.Algebra.Polynomial.Degree.TrailingDegree (5.3s)
✔ [3905/10115] Built Mathlib.Topology.UniformSpace.OfCompactT2 (11s)
✔ [3906/10115] Built Mathlib.Algebra.Polynomial.Degree.Units (3.0s)
✔ [3907/10115] Built Mathlib.Topology.Order.IsNormal (9.6s)
✔ [3908/10115] Built Mathlib.FieldTheory.IsRealClosed.Basic (7.3s)
✔ [3909/10115] Built Mathlib.RingTheory.Ideal.Basis (5.5s)
✔ [3910/10115] Built Mathlib.LinearAlgebra.Matrix.Bilinear (5.9s)
✔ [3911/10115] Built Mathlib.Order.CompleteLattice.MulticoequalizerDiagram (4.2s)
✔ [3912/10115] Built Mathlib.LinearAlgebra.Matrix.RowCol (6.6s)
✔ [3913/10115] Built Mathlib.CategoryTheory.Limits.Shapes.FiniteMultiequalizer (5.6s)
✔ [3914/10115] Built Mathlib.Algebra.Module.LocalizedModule.IsLocalization (6.5s)
✔ [3915/10115] Built Mathlib.LinearAlgebra.Matrix.Invertible (8.8s)
✔ [3916/10115] Built Mathlib.Data.Matrix.Block (9.8s)
✔ [3917/10115] Built Mathlib.CategoryTheory.Limits.Preserves.Shapes.Multiequalizer (4.9s)
✔ [3918/10115] Built Mathlib.LinearAlgebra.BilinearForm.Hom (10s)
✔ [3919/10115] Built Mathlib.Algebra.Module.Presentation.Free (3.7s)
✔ [3920/10115] Built Mathlib.Algebra.Module.Presentation.Tautological (4.9s)
✔ [3921/10115] Built Mathlib.LinearAlgebra.StdBasis (7.4s)
✔ [3922/10115] Built Mathlib.CategoryTheory.Limits.Shapes.ZeroMorphisms (10s)
✔ [3923/10115] Built Mathlib.Algebra.Module.Presentation.Tensor (5.5s)
✔ [3924/10115] Built Mathlib.CategoryTheory.Limits.Shapes.End (9.4s)
✔ [3925/10115] Built Mathlib.CategoryTheory.Limits.Preserves.Finite (4.1s)
✔ [3926/10115] Built Mathlib.LinearAlgebra.AffineSpace.Midpoint (6.9s)
✔ [3927/10115] Built Mathlib.Algebra.Algebra.Unitization (28s)
✔ [3928/10115] Built Mathlib.Algebra.Module.Presentation.Cokernel (5.6s)
✔ [3929/10115] Built Mathlib.Algebra.Polynomial.Derivative (16s)
✔ [3930/10115] Built Mathlib.GroupTheory.RegularWreathProduct (6.7s)
✔ [3931/10115] Built Mathlib.CategoryTheory.WithTerminal.Lemmas (2.7s)
✔ [3932/10115] Built Mathlib.CategoryTheory.Limits.Preserves.Filtered (3.7s)
✔ [3933/10115] Built Mathlib.Algebra.Module.ZMod (5.2s)
✔ [3934/10115] Built Mathlib.CategoryTheory.Filtered.Grothendieck (3.4s)
✔ [3935/10115] Built Mathlib.CategoryTheory.Limits.Types.ColimitTypeFiltered (3.6s)
✔ [3936/10115] Built Mathlib.CategoryTheory.Filtered.Small (5.3s)
✔ [3937/10115] Built Mathlib.CategoryTheory.Filtered.Connected (2.8s)
✔ [3938/10115] Built Mathlib.GroupTheory.SpecificGroups.Quaternion (6.8s)
✔ [3939/10115] Built Mathlib.GroupTheory.Transfer (9.8s)
✔ [3940/10115] Built Mathlib.Algebra.Group.UniqueProds.VectorSpace (2.9s)
✔ [3941/10115] Built Mathlib.GroupTheory.CommutingProbability (7.7s)
✔ [3942/10115] Built Mathlib.CategoryTheory.Limits.Constructions.EventuallyConstant (4.6s)
✔ [3943/10115] Built Mathlib.LinearAlgebra.DirectSum.Basis (2.7s)
✔ [3944/10115] Built Mathlib.Algebra.Module.Presentation.DirectSum (4.6s)
✔ [3945/10115] Built Mathlib.LinearAlgebra.DirectSum.Finite (2.0s)
✔ [3946/10115] Built Mathlib.Algebra.Algebra.Operations (20s)
✔ [3947/10115] Built Mathlib.Algebra.DirectSum.Finsupp (3.7s)
✔ [3948/10115] Built Mathlib.LinearAlgebra.AffineSpace.AffineSubspace.Basic (18s)
✔ [3949/10115] Built Mathlib.CategoryTheory.Adjunction.ParametrizedLimits (3.9s)
✔ [3950/10115] Built Mathlib.Algebra.DirectSum.Algebra (6.9s)
✔ [3951/10115] Built Mathlib.Algebra.DirectSum.Decomposition (7.6s)
✔ [3952/10115] Built Mathlib.GroupTheory.SpecificGroups.Alternating.KleinFour (4.0s)
✔ [3953/10115] Built Mathlib.Topology.Order.Real (3.2s)
✔ [3954/10115] Built Mathlib.GroupTheory.Descent (16s)
✔ [3955/10115] Built Mathlib.LinearAlgebra.Multilinear.Finsupp (8.2s)
✔ [3956/10115] Built Mathlib.LinearAlgebra.Multilinear.DirectSum (8.8s)
✔ [3957/10115] Built Mathlib.CategoryTheory.Limits.Shapes.Opposites.Products (7.2s)
✔ [3958/10115] Built Mathlib.RingTheory.Coalgebra.Basic (18s)
✔ [3959/10115] Built Mathlib.LinearAlgebra.PiTensorProduct (2.5s)
✔ [3960/10115] Built Mathlib.LinearAlgebra.PiTensorProduct.Generators (5.9s)
✔ [3961/10115] Built Mathlib.LinearAlgebra.TensorPower.Symmetric (6.1s)
✔ [3962/10115] Built Mathlib.GroupTheory.Nilpotent (20s)
✔ [3963/10115] Built Mathlib.LinearAlgebra.PiTensorProduct.DFinsupp (4.5s)
✔ [3964/10115] Built Mathlib.Topology.FiberPartition (3.0s)
✔ [3965/10115] Built Mathlib.Algebra.Colimit.Module (14s)
✔ [3966/10115] Built Mathlib.Topology.ContinuousMap.Sigma (3.0s)
✔ [3967/10115] Built Mathlib.Topology.Germ (4.6s)
✔ [3968/10115] Built Mathlib.Topology.DiscreteQuotient (5.1s)
✔ [3969/10115] Built Mathlib.Topology.Convenient.HomSpace (3.6s)
✔ [3970/10115] Built Mathlib.CategoryTheory.Limits.Shapes.Opposites.Pullbacks (12s)
✔ [3971/10115] Built Mathlib.Topology.Algebra.Monoid.AddChar (2.9s)
✔ [3972/10115] Built Mathlib.Topology.ContinuousMap.SecondCountableSpace (3.6s)
✔ [3973/10115] Built Mathlib.GroupTheory.CosetCover (19s)
✔ [3974/10115] Built Mathlib.Topology.Compactification.StoneCech (4.5s)
✔ [3975/10115] Built Mathlib.Topology.ContinuousMap.Interval (5.1s)
✔ [3976/10115] Built Mathlib.Topology.DerivedSet (3.4s)
✔ [3977/10115] Built Mathlib.Topology.ClopenBox (3.4s)
✔ [3978/10115] Built Mathlib.Topology.Sheaves.PresheafOfFunctions (3.4s)
✔ [3979/10115] Built Mathlib.Topology.Separation.DisjointCover (3.9s)
✔ [3980/10115] Built Mathlib.Topology.Order.ExtendFrom (3.5s)
✔ [3981/10115] Built Mathlib.Data.Matrix.Bilinear (3.2s)
✔ [3982/10115] Built Mathlib.Topology.Homeomorph.Lemmas (9.5s)
✔ [3983/10115] Built Mathlib.Topology.MetricSpace.Pseudo.Lemmas (5.3s)
✔ [3984/10115] Built Mathlib.Topology.Order.LeftRightLim (7.4s)
✔ [3985/10115] Built Mathlib.SetTheory.Ordinal.Topology (5.4s)
✔ [3986/10115] Built Mathlib.Algebra.Polynomial.Eval.Degree (6.6s)
✔ [3987/10115] Built Mathlib.LinearAlgebra.Matrix.Permanent (4.5s)
✔ [3988/10115] Built Mathlib.Topology.LocallyConstant.Algebra (15s)
✔ [3989/10115] Built Mathlib.LinearAlgebra.Matrix.DotProduct (6.9s)
✔ [3990/10115] Built Mathlib.Data.Matrix.Invertible (2.0s)
✔ [3991/10115] Built Mathlib.RingTheory.PiTensorProduct (18s)
✔ [3992/10115] Built Mathlib.LinearAlgebra.Matrix.Symmetric (4.7s)
✔ [3993/10115] Built Mathlib.Topology.Order.LiminfLimsup (12s)
✔ [3994/10115] Built Mathlib.LinearAlgebra.Matrix.StdBasis (3.9s)
✔ [3995/10115] Built Mathlib.Data.Matrix.ColumnRowPartitioned (6.2s)
✔ [3996/10115] Built Mathlib.RingTheory.Finiteness.Cardinality (5.2s)
✔ [3997/10115] Built Mathlib.LinearAlgebra.BilinearForm.IsometryEquiv (6.2s)
✔ [3998/10115] Built Mathlib.CategoryTheory.Limits.Preserves.Shapes.Zero (5.8s)
✔ [3999/10115] Built Mathlib.CategoryTheory.Limits.FunctorCategory.Finite (3.1s)
✔ [4000/10115] Built Mathlib.CategoryTheory.Monoidal.Bimod (27s)
✔ [4001/10115] Built Mathlib.Topology.Order.IntermediateValue (14s)
✔ [4002/10115] Built Mathlib.CategoryTheory.Limits.Chosen.End (7.1s)
✔ [4003/10115] Built Mathlib.CategoryTheory.Limits.Preserves.Creates.Finite (4.2s)
✔ [4004/10115] Built Mathlib.CategoryTheory.Limits.Preserves.Shapes.Over (4.0s)
✔ [4005/10115] Built Mathlib.LinearAlgebra.Matrix.Notation (12s)
✔ [4006/10115] Built Mathlib.CategoryTheory.Limits.Preserves.Opposites (6.6s)
✔ [4007/10115] Built Mathlib.RingTheory.Localization.Module (12s)
✔ [4008/10115] Built Mathlib.CategoryTheory.Limits.Preserves.Lattice (5.8s)
✔ [4009/10115] Built Mathlib.CategoryTheory.Limits.Constructions.FiniteProductsOfBinaryProducts (4.8s)
✔ [4010/10115] Built Mathlib.LinearAlgebra.AffineSpace.MidpointZero (3.3s)
✔ [4011/10115] Built Mathlib.Algebra.Category.ModuleCat.Semi (10s)
✔ [4012/10115] Built Mathlib.Geometry.RingedSpace.PresheafedSpace (22s)
✔ [4013/10115] Built Mathlib.CategoryTheory.Limits.Preserves.Over (3.2s)
✔ [4014/10115] Built Mathlib.Algebra.Polynomial.Identities (4.1s)
✔ [4015/10115] Built Mathlib.LinearAlgebra.SModEq.Pointwise (2.9s)
✔ [4016/10115] Built Mathlib.GroupTheory.GroupAction.MultiplePrimitivity (23s)
✔ [4017/10115] Built Mathlib.RingTheory.Polynomial.Hermite.Basic (5.6s)
✔ [4018/10115] Built Mathlib.Algebra.Module.Presentation.RestrictScalars (4.4s)
✔ [4019/10115] Built Mathlib.CategoryTheory.Limits.ExactFunctor (8.8s)
✔ [4020/10115] Built Mathlib.CategoryTheory.Monoidal.Closed.Braided (3.6s)
✔ [4021/10115] Built Mathlib.GroupTheory.Schreier (7.9s)
✔ [4022/10115] Built Mathlib.LinearAlgebra.AffineSpace.Restrict (5.4s)
✔ [4023/10115] Built Mathlib.GroupTheory.SchurZassenhaus (8.5s)
✔ [4024/10115] Built Mathlib.GroupTheory.Focal (9.3s)
✔ [4025/10115] Built Mathlib.MeasureTheory.OuterMeasure.Defs (4.1s)
✔ [4026/10115] Built Mathlib.LinearAlgebra.AffineSpace.Ordered (12s)
✔ [4027/10115] Built Mathlib.LinearAlgebra.AffineSpace.Pointwise (7.5s)
✔ [4028/10115] Built Mathlib.Analysis.Convex.Segment (13s)
✔ [4029/10115] Built Mathlib.Algebra.MonoidAlgebra.ToDirectSum (7.5s)
✔ [4030/10115] Built Mathlib.LinearAlgebra.PiTensorProduct.Finite (3.9s)
✔ [4031/10115] Built Mathlib.LinearAlgebra.Multilinear.Basis (5.5s)
✔ [4032/10115] Built Mathlib.RingTheory.Coalgebra.MulOpposite (6.2s)
✔ [4033/10115] Built Mathlib.GroupTheory.Frattini (4.9s)
✔ [4034/10115] Built Mathlib.GroupTheory.IsPerfect (5.8s)
✔ [4035/10115] Built Mathlib.Algebra.Colimit.Finiteness (4.9s)
✔ [4036/10115] Built Mathlib.LinearAlgebra.AffineSpace.Combination (14s)
✔ [4037/10115] Built Mathlib.Algebra.Algebra.Subalgebra.Lattice (16s)
✔ [4038/10115] Built Mathlib.Analysis.Normed.Group.Defs (10s)
✔ [4039/10115] Built Mathlib.RingTheory.Coalgebra.Hom (11s)
✔ [4040/10115] Built Mathlib.Topology.KrullDimension (3.3s)
✔ [4041/10115] Built Mathlib.CategoryTheory.Limits.Shapes.Pullback.IsPullback.Defs (6.9s)
✔ [4042/10115] Built Mathlib.Combinatorics.Hindman (5.6s)
✔ [4043/10115] Built Mathlib.LinearAlgebra.TensorProduct.DirectLimit (9.9s)
✔ [4044/10115] Built Mathlib.Topology.NatEmbedding (3.9s)
✔ [4045/10115] Built Mathlib.Topology.Algebra.Constructions (6.4s)
✔ [4046/10115] Built Mathlib.CategoryTheory.Limits.Shapes.Opposites.Equalizers (9.5s)
✔ [4047/10115] Built Mathlib.RingTheory.Ideal.Operations (21s)
✔ [4048/10115] Built Mathlib.Topology.Homeomorph.Quotient (2.9s)
✔ [4049/10115] Built Mathlib.Topology.Algebra.Constructions.DomMulAct (5.4s)
✔ [4050/10115] Built Mathlib.Topology.ExtremallyDisconnected (3.7s)
✔ [4051/10115] Built Mathlib.LinearAlgebra.PiTensorProduct.DirectSum (14s)
✔ [4052/10115] Built Mathlib.Topology.Convenient.OpenClosed (8.6s)
✔ [4053/10115] Built Mathlib.Algebra.DirectSum.Internal (19s)
✔ [4054/10115] Built Mathlib.Topology.Compactification.OnePoint.Basic (6.8s)
✔ [4055/10115] Built Mathlib.Topology.NoetherianSpace (3.8s)
✔ [4056/10115] Built Mathlib.Topology.Maps.Proper.Basic (3.9s)
✔ [4057/10115] Built Mathlib.Topology.OpenPartialHomeomorph.Basic (4.5s)
✔ [4058/10115] Built Mathlib.Algebra.Polynomial.Eval.Irreducible (2.0s)
✔ [4059/10115] Built Mathlib.Topology.MetricSpace.Ultra.Basic (3.6s)
✔ [4060/10115] Built Mathlib.CategoryTheory.ObjectProperty.ContainsZero (2.0s)
✔ [4061/10115] Built Mathlib.LinearAlgebra.FreeModule.Finite.Basic (3.5s)
✔ [4062/10115] Built Mathlib.LinearAlgebra.TensorPower.Basic (22s)
✔ [4063/10115] Built Mathlib.RingTheory.OrzechProperty (3.7s)
✔ [4064/10115] Built Mathlib.LinearAlgebra.Matrix.Circulant (4.1s)
✔ [4065/10115] Built Mathlib.LinearAlgebra.PiTensorProduct.Finsupp (5.2s)
✔ [4066/10115] Built Mathlib.Algebra.Polynomial.Degree.Lemmas (6.4s)
✔ [4067/10115] Built Mathlib.Algebra.Group.ForwardDiff (7.3s)
✔ [4068/10115] Built Mathlib.Data.Matrix.Reflection (5.1s)
✔ [4069/10115] Built Mathlib.CategoryTheory.Limits.Types.End (5.8s)
✔ [4070/10115] Built Mathlib.LinearAlgebra.Matrix.Trace (5.9s)
✔ [4071/10115] Built Mathlib.LinearAlgebra.TensorProduct.Tower (72s)
✔ [4072/10115] Built Mathlib.Topology.Order.Compact (6.8s)
✔ [4073/10115] Built Mathlib.Combinatorics.Optimization.ValuedCSP (4.9s)
✔ [4074/10115] Built Mathlib.GroupTheory.FinitelyPresentedGroup (4.0s)
✔ [4075/10115] Built Mathlib.Algebra.Homology.ShortComplex.Basic (10s)
✔ [4076/10115] Built Mathlib.LinearAlgebra.ConvexSpace.AffineSpace (3.8s)
✔ [4077/10115] Built Mathlib.LinearAlgebra.AffineSpace.Centroid (5.2s)
✔ [4078/10115] Built Mathlib.Geometry.Convex.ConvexSpace.AffineSpace (6.2s)
✔ [4079/10115] Built Mathlib.CategoryTheory.Limits.Preserves.Creates.Opposites (9.6s)
✔ [4080/10115] Built Mathlib.Analysis.Convex.Star (8.7s)
✔ [4081/10115] Built Mathlib.Algebra.Algebra.Subalgebra.Pi (3.7s)
✔ [4082/10115] Built Mathlib.CategoryTheory.Shift.Basic (15s)
✔ [4083/10115] Built Mathlib.Algebra.Algebra.Subalgebra.Prod (4.3s)
✔ [4084/10115] Built Mathlib.RingTheory.Finiteness.Subalgebra (4.2s)
✔ [4085/10115] Built Mathlib.GroupTheory.GroupAction.Jordan (14s)
✔ [4086/10115] Built Mathlib.Algebra.FreeAlgebra (10s)
✔ [4087/10115] Built Mathlib.Algebra.Central.Defs (3.6s)
✔ [4088/10115] Built Mathlib.Algebra.Algebra.Subalgebra.Pointwise (4.6s)
✔ [4089/10115] Built Mathlib.Algebra.Algebra.Subalgebra.MulOpposite (5.5s)
✔ [4090/10115] Built Mathlib.CategoryTheory.Limits.Shapes.Kernels (22s)
✔ [4091/10115] Built Mathlib.Algebra.Algebra.Subalgebra.Tower (5.9s)
✔ [4092/10115] Built Mathlib.Algebra.Algebra.Subalgebra.Directed (7.3s)
✔ [4093/10115] Built Mathlib.Algebra.Polynomial.AlgebraMap (15s)
✔ [4094/10115] Built Mathlib.Algebra.Module.LocalizedModule.Submodule (22s)
✔ [4095/10115] Built Mathlib.LinearAlgebra.AffineSpace.Independent (18s)
✔ [4096/10115] Built Mathlib.CategoryTheory.Limits.Shapes.MultiequalizerPullback (3.7s)
✔ [4097/10115] Built Mathlib.CategoryTheory.LiftingProperties.Limits (3.7s)
✔ [4098/10115] Built Mathlib.CategoryTheory.Limits.Shapes.Pullback.Connected (3.3s)
✔ [4099/10115] Built Mathlib.LinearAlgebra.Alternating.Basic (22s)
✔ [4100/10115] Built Mathlib.CategoryTheory.Limits.EpiMono (3.4s)
✔ [4101/10115] Built Mathlib.Geometry.Convex.ConvexSpace.Module (23s)
✔ [4102/10115] Built Mathlib.Topology.Algebra.Star (3.0s)
✔ [4103/10115] Built Mathlib.Algebra.Colimit.TensorProduct (4.1s)
✔ [4104/10115] Built Mathlib.CategoryTheory.Monoidal.Limits.Shapes.Pullback (5.0s)
✔ [4105/10115] Built Mathlib.GroupTheory.Coxeter.Matrix (28s)
✔ [4106/10115] Built Mathlib.CategoryTheory.Limits.Shapes.Pullback.Equalizer (6.1s)
✔ [4107/10115] Built Mathlib.RingTheory.Congruence.Hom (18s)
✔ [4108/10115] Built Mathlib.RingTheory.Coalgebra.Equiv (14s)
✔ [4109/10115] Built Mathlib.Algebra.MvPolynomial.Basic (17s)
✔ [4110/10115] Built Mathlib.RingTheory.Coprime.Ideal (5.8s)
✔ [4111/10115] Built Mathlib.RingTheory.Ideal.Finsupp (3.8s)
✔ [4112/10115] Built Mathlib.RingTheory.Spectrum.Maximal.Basic (3.5s)
✔ [4113/10115] Built Mathlib.RingTheory.Ideal.IsPrincipalPowQuotient (5.7s)
✔ [4114/10115] Built Mathlib.Topology.UniformSpace.Cauchy (7.8s)
✔ [4115/10115] Built Mathlib.LinearAlgebra.SModEq.Pow (5.6s)
✔ [4116/10115] Built Mathlib.RingTheory.UniqueFactorizationDomain.Ideal (3.8s)
✔ [4117/10115] Built Mathlib.RingTheory.Finiteness.Nakayama (5.6s)
✔ [4118/10115] Built Mathlib.Topology.Maps.Strict.Basic (3.2s)
✔ [4119/10115] Built Mathlib.CategoryTheory.Limits.Shapes.RegularMono (9.4s)
✔ [4120/10115] Built Mathlib.Topology.Maps.Proper.UniversallyClosed (3.0s)
✔ [4121/10115] Built Mathlib.Topology.Spectral.Hom (3.5s)
✔ [4122/10115] Built Mathlib.CategoryTheory.Limits.Constructions.Over.Products (19s)
✔ [4123/10115] Built Mathlib.Topology.LocalAtTarget (5.6s)
✔ [4124/10115] Built Mathlib.Topology.IsClosedRestrict (4.7s)
✔ [4125/10115] Built Mathlib.Topology.QuasiSeparated (5.9s)
✔ [4126/10115] Built Mathlib.Topology.OpenPartialHomeomorph.Continuity (3.0s)
✔ [4127/10115] Built Mathlib.Topology.MetricSpace.Ultra.TotallySeparated (3.6s)
✔ [4128/10115] Built Mathlib.CategoryTheory.Sites.Sieves (16s)
✔ [4129/10115] Built Mathlib.CategoryTheory.ObjectProperty.Orthogonal (3.0s)
✔ [4130/10115] Built Mathlib.Topology.Maps.Proper.CompactlyGenerated (5.8s)
✔ [4131/10115] Built Mathlib.LinearAlgebra.PiTensorProduct.Basis (3.9s)
✔ [4132/10115] Built Mathlib.LinearAlgebra.TensorPower.Pairing (4.8s)
✔ [4133/10115] Built Mathlib.Topology.Order.Rolle (4.0s)
✔ [4134/10115] Built Mathlib.Algebra.TrivSqZeroExt.Basic (35s)
✔ [4135/10115] Built Mathlib.Algebra.Polynomial.OfFn (4.7s)
✔ [4136/10115] Built Mathlib.Topology.Algebra.ConstMulAction (19s)
✔ [4137/10115] Built Mathlib.RingTheory.Polynomial.Pochhammer (6.1s)
✔ [4138/10115] Built Mathlib.RingTheory.GradedAlgebra.Basic (11s)
✔ [4139/10115] Built Mathlib.LinearAlgebra.Matrix.Hadamard (5.7s)
✔ [4140/10115] Built Mathlib.Tactic.ComputeDegree (7.5s)
✔ [4141/10115] Built Mathlib.Algebra.Polynomial.EraseLead (7.6s)
✔ [4142/10115] Built Mathlib.RingTheory.HahnSeries.Multiplication (36s)
✔ [4143/10115] Built Mathlib.RingTheory.Ideal.Maps (17s)
✔ [4144/10115] Built Mathlib.LinearAlgebra.TensorProduct.Pi (8.2s)
✔ [4145/10115] Built Mathlib.Algebra.Star.Free (3.3s)
✔ [4146/10115] Built Mathlib.Algebra.CharP.Algebra (3.4s)
✔ [4147/10115] Built Mathlib.Algebra.Central.Matrix (3.2s)
✔ [4148/10115] Built Mathlib.Algebra.Homology.ShortComplex.FunctorEquivalence (9.1s)
✔ [4149/10115] Built Mathlib.CategoryTheory.ConcreteCategory.Elementwise (2.9s)
✔ [4150/10115] Built Mathlib.LinearAlgebra.TensorProduct.Prod (11s)
✔ [4151/10115] Built Mathlib.Algebra.Central.Basic (4.4s)
✔ [4152/10115] Built Mathlib.CategoryTheory.Limits.Shapes.Pullback.IsPullback.Kernels (3.7s)
✔ [4153/10115] Built Mathlib.CategoryTheory.Limits.Shapes.Opposites.Kernels (2.7s)
✔ [4154/10115] Built Mathlib.LinearAlgebra.DirectSum.TensorProduct (11s)
✔ [4155/10115] Built Mathlib.GroupTheory.Perm.MaximalSubgroups (9.2s)
✔ [4156/10115] Built Mathlib.CategoryTheory.DifferentialObject (10s)
✔ [4157/10115] Built Mathlib.RingTheory.Ideal.IsAugmentation (3.0s)
✔ [4158/10115] Built Mathlib.CategoryTheory.GradedObject (11s)
✔ [4159/10115] Built Mathlib.RingTheory.Adjoin.Basic (4.6s)
✔ [4160/10115] Built Mathlib.Analysis.Convex.Basic (12s)
✔ [4161/10115] Built Mathlib.CategoryTheory.Abelian.Images (5.8s)
✔ [4162/10115] Built Mathlib.RingTheory.Polynomial.Tower (3.8s)
✔ [4163/10115] Built Mathlib.CategoryTheory.Preadditive.Basic (8.5s)
✔ [4164/10115] Built Mathlib.Tactic.Polynomial.Basic (4.5s)
✔ [4165/10115] Built Mathlib.CategoryTheory.Limits.Preserves.Shapes.Kernels (7.3s)
✔ [4166/10115] Built Mathlib.CategoryTheory.Shift.CommShift (15s)
✔ [4167/10115] Built Mathlib.RingTheory.Polynomial.Wronskian (3.0s)
✔ [4168/10115] Built Mathlib.Algebra.Polynomial.Smeval (6.4s)
✔ [4169/10115] Built Mathlib.RingTheory.Algebraic.Pi (4.3s)
✔ [4170/10115] Built Mathlib.Algebra.Ring.Subring.IntPolynomial (3.8s)
✔ [4171/10115] Built Mathlib.RingTheory.Polynomial.ShiftedLegendre (5.8s)
✔ [4172/10115] Built Mathlib.RingTheory.Adjoin.Polynomial.Basic (3.9s)
✔ [4173/10115] Built Mathlib.RingTheory.Algebraic.Defs (4.1s)
✔ [4174/10115] Built Mathlib.Topology.Algebra.Star.Real (2.8s)
✔ [4175/10115] Built Mathlib.LinearAlgebra.Alternating.Curry (4.1s)
✔ [4176/10115] Built Mathlib.AlgebraicTopology.SimplicialComplex.Basic (4.5s)
✔ [4177/10115] Built Mathlib.Algebra.Homology.ShortComplex.LeftHomology (16s)
✔ [4178/10115] Built Mathlib.Tactic.Ring.NamePolyVars (3.5s)
✔ [4179/10115] Built Mathlib.Algebra.MvPolynomial.Invertible (3.0s)
✔ [4180/10115] Built Mathlib.LinearAlgebra.AffineSpace.Basis (11s)
✔ [4181/10115] Built Mathlib.GroupTheory.Coxeter.Basic (10s)
✔ [4182/10115] Built Mathlib.RingTheory.Noetherian.UniqueFactorizationDomain (4.0s)
✔ [4183/10115] Built Mathlib.Topology.UniformSpace.UniformConvergence (7.4s)
✔ [4184/10115] Built Mathlib.Algebra.MvPolynomial.Coeff (8.5s)
✔ [4185/10115] Built Mathlib.LinearAlgebra.AffineSpace.Simplex.Basic (15s)
✔ [4186/10115] Built Mathlib.Topology.UniformSpace.UniformEmbedding (9.3s)
✔ [4187/10115] Built Mathlib.CategoryTheory.Limits.Shapes.Biproducts (26s)
✔ [4188/10115] Built Mathlib.RingTheory.Ideal.IdempotentFG (3.8s)
✔ [4189/10115] Built Mathlib.LinearAlgebra.Alternating.DomCoprod (14s)
✔ [4190/10115] Built Mathlib.LinearAlgebra.Matrix.Determinant.Basic (15s)
✔ [4191/10115] Built Mathlib.RingTheory.UniqueFactorizationDomain.Kaplansky (5.7s)
✔ [4192/10115] Built Mathlib.CategoryTheory.Limits.MonoCoprod (5.3s)
✔ [4193/10115] Built Mathlib.Topology.JacobsonSpace (3.0s)
✔ [4194/10115] Built Mathlib.CategoryTheory.EffectiveEpi.Preserves (6.2s)
✔ [4195/10115] Built Mathlib.Topology.Connected.CardComponents (4.8s)
✔ [4196/10115] Built Mathlib.Algebra.TrivSqZeroExt (3.0s)
✔ [4197/10115] Built Mathlib.Algebra.MvPolynomial.Eval (15s)
✔ [4198/10115] Built Mathlib.Topology.OpenPartialHomeomorph.IsImage (5.4s)
✔ [4199/10115] Built Mathlib.FieldTheory.IntermediateField.Basic (26s)
✔ [4200/10115] Built Mathlib.RingTheory.MvPowerSeries.Basic (19s)
✔ [4201/10115] Built Mathlib.RingTheory.Derivation.Basic (23s)
✔ [4202/10115] Built Mathlib.CategoryTheory.Limits.Shapes.NormalMono.Basic (8.3s)
✔ [4203/10115] Built Mathlib.Algebra.Star.Subalgebra (28s)
✔ [4204/10115] Built Mathlib.LinearAlgebra.PiTensorProduct.Dual (6.4s)
✔ [4205/10115] Built Mathlib.Topology.Algebra.Algebra.Rat (2.9s)
✔ [4206/10115] Built Mathlib.CategoryTheory.Sites.Grothendieck (8.1s)
✔ [4207/10115] Built Mathlib.Topology.Algebra.ProperConstSMul (3.2s)
✔ [4208/10115] Built Mathlib.Topology.Sets.Compacts (8.8s)
✔ [4209/10115] Built Mathlib.Dynamics.Minimal (3.9s)
✔ [4210/10115] Built Mathlib.RingTheory.GradedAlgebra.Homogeneous.Subsemiring (4.6s)
✔ [4211/10115] Built Mathlib.LinearAlgebra.TensorAlgebra.Basic (9.3s)
✔ [4212/10115] Built Mathlib.Algebra.DualNumber (7.8s)
✔ [4213/10115] Built Mathlib.Algebra.Polynomial.CancelLeads (4.0s)
✔ [4214/10115] Built Mathlib.Topology.Algebra.MulAction (8.3s)
✔ [4215/10115] Built Mathlib.RingTheory.GradedAlgebra.Homogeneous.Submodule (5.6s)
✔ [4216/10115] Built Mathlib.Algebra.Polynomial.Reverse (4.0s)
✔ [4217/10115] Built Mathlib.Algebra.MonoidAlgebra.Grading (7.4s)
✔ [4218/10115] Built Mathlib.Algebra.Polynomial.DenomsClearable (4.5s)
✔ [4219/10115] Built Mathlib.Algebra.Polynomial.CoeffList (5.1s)
✔ [4220/10115] Built Mathlib.Algebra.Polynomial.Inductions (5.4s)
✔ [4221/10115] Built Mathlib.RingTheory.GradedAlgebra.RingHom (7.4s)
✔ [4222/10115] Built Mathlib.Algebra.TrivSqZeroExt.Ideal (3.0s)
✔ [4223/10115] Built Mathlib.Topology.Algebra.Group.DiscontinuousSubgroup (12s)
✔ [4224/10115] Built Mathlib.RingTheory.Finiteness.Ideal (4.2s)
✔ [4225/10115] Built Mathlib.Combinatorics.SimpleGraph.AdjMatrix (9.5s)
✔ [4226/10115] Built Mathlib.Algebra.Module.GradedModule (11s)
✔ [4227/10115] Built Mathlib.Algebra.Algebra.Subalgebra.Operations (5.4s)
✔ [4228/10115] Built Mathlib.Algebra.CharP.Quotient (3.8s)
✔ [4229/10115] Built Mathlib.RingTheory.Ideal.Quotient.PowTransition (7.8s)
✔ [4230/10115] Built Mathlib.RingTheory.Jacobson.Radical (7.1s)
✔ [4231/10115] Built Mathlib.Algebra.Vertex.HVertexOperator (9.8s)
✔ [4232/10115] Built Mathlib.RingTheory.Ideal.Prod (5.9s)
✔ [4233/10115] Built Mathlib.Algebra.CharP.Subring (4.7s)
✔ [4234/10115] Built Mathlib.FieldTheory.PrimeField (4.8s)
✔ [4235/10115] Built Mathlib.RingTheory.Ideal.Pointwise (9.3s)
✔ [4236/10115] Built Mathlib.CategoryTheory.Limits.Types.Limits (7.1s)
✔ [4237/10115] Built Mathlib.Algebra.Algebra.Spectrum.Basic (14s)
✔ [4238/10115] Built Mathlib.RingTheory.Ideal.Colon (11s)
✔ [4239/10115] Built Mathlib.CategoryTheory.Limits.Types.Colimits (7.5s)
✔ [4240/10115] Built Mathlib.Algebra.Category.MonCat.Colimits (4.7s)
✔ [4241/10115] Built Mathlib.Algebra.Module.Injective (16s)
✔ [4242/10115] Built Mathlib.RingTheory.HahnSeries.Summable (21s)
✔ [4243/10115] Built Mathlib.CategoryTheory.GradedObject.Single (4.2s)
✔ [4244/10115] Built Mathlib.RingTheory.HahnSeries.Lex (22s)
✔ [4245/10115] Built Mathlib.Analysis.Convex.NNReal (3.5s)
✔ [4246/10115] Built Mathlib.CategoryTheory.GradedObject.Bifunctor (6.0s)
✔ [4247/10115] Built Mathlib.Algebra.Polynomial.Module.AEval (22s)
✔ [4248/10115] Built Mathlib.RingTheory.Localization.Away.Basic (18s)
✔ [4249/10115] Built Mathlib.LinearAlgebra.TensorProduct.Decomposition (9.3s)
✔ [4250/10115] Built Mathlib.CategoryTheory.Limits.WeakLimits.WeakKernels (3.8s)
✔ [4251/10115] Built Mathlib.GroupTheory.SpecificGroups.Alternating.MaximalSubgroups (8.2s)
✔ [4252/10115] Built Mathlib.Algebra.Category.Grp.Preadditive (4.4s)
✔ [4253/10115] Built Mathlib.Analysis.Convex.Hull (4.0s)
✔ [4254/10115] Built Mathlib.CategoryTheory.Limits.FunctorCategory.Shapes.Kernels (2.8s)
✔ [4255/10115] Built Mathlib.CategoryTheory.Linear.Basic (5.4s)
✔ [4256/10115] Built Mathlib.CategoryTheory.Preadditive.FunctorCategory (4.2s)
✔ [4257/10115] Built Mathlib.CategoryTheory.Preadditive.SingleObj (4.7s)
✔ [4258/10115] Built Mathlib.LinearAlgebra.DirectSum.Finsupp (12s)
✔ [4259/10115] Built Mathlib.Algebra.Central.End (14s)
✔ [4260/10115] Built Mathlib.LinearAlgebra.TensorProduct.Quotient (27s)
✔ [4261/10115] Built Mathlib.CategoryTheory.Limits.Preserves.BifunctorCokernel (4.2s)
✔ [4262/10115] Built Mathlib.CategoryTheory.Limits.Preserves.Shapes.AbelianImages (6.2s)
✔ [4263/10115] Built Mathlib.CategoryTheory.ObjectProperty.Shift (4.4s)
✔ [4264/10115] Built Mathlib.CategoryTheory.Shift.Twist (4.0s)
✔ [4265/10115] Built Mathlib.RingTheory.Adjoin.Polynomial (3.3s)
✔ [4266/10115] Built Mathlib.RingTheory.Algebraic.LinearIndependent (6.4s)
✔ [4267/10115] Built Mathlib.RingTheory.Adjoin.Singleton (6.7s)
✔ [4268/10115] Built Mathlib.Topology.UniformSpace.LocallyUniformConvergence (5.3s)
✔ [4269/10115] Built Mathlib.CategoryTheory.Shift.Induced (9.4s)
✔ [4270/10115] Built Mathlib.RingTheory.Binomial (8.6s)
✔ [4271/10115] Built Mathlib.CategoryTheory.Shift.SingleFunctors (10s)
✔ [4272/10115] Built Mathlib.GroupTheory.Coxeter.Length (7.1s)
✔ [4273/10115] Built Mathlib.LinearAlgebra.Alternating.Uncurry.Fin (9.1s)
✔ [4274/10115] Built Mathlib.Topology.UniformSpace.CompleteSeparated (3.5s)
✔ [4275/10115] Built Mathlib.Topology.UniformSpace.Pi (4.1s)
✔ [4276/10115] Built Mathlib.LinearAlgebra.AffineSpace.AffineSubspace.Shift (9.2s)
✔ [4277/10115] Built Mathlib.Analysis.Convex.Function (20s)
✔ [4278/10115] Built Mathlib.CategoryTheory.Shift.Adjunction (14s)
✔ [4279/10115] Built Mathlib.LinearAlgebra.Matrix.AbsoluteValue (4.8s)
✔ [4280/10115] Built Mathlib.RingTheory.Valuation.Basic (36s)
✔ [4281/10115] Built Mathlib.LinearAlgebra.AffineSpace.Ceva (11s)
✔ [4282/10115] Built Mathlib.LinearAlgebra.Matrix.Determinant.TotallyUnimodular (5.9s)
✔ [4283/10115] Built Mathlib.RingTheory.MvPolynomial.Tower (4.3s)
✔ [4284/10115] Built Mathlib.LinearAlgebra.Matrix.Determinant.Misc (4.0s)
✔ [4285/10115] Built Mathlib.Algebra.MvPolynomial.Counit (4.2s)
✔ [4286/10115] Built Mathlib.LinearAlgebra.CrossProduct (8.1s)
✔ [4287/10115] Built Mathlib.Algebra.CharP.IntermediateField (3.9s)
✔ [4288/10115] Built Mathlib.LinearAlgebra.Matrix.Reindex (7.0s)
✔ [4289/10115] Built Mathlib.Topology.OpenPartialHomeomorph.Composition (5.4s)
✔ [4290/10115] Built Mathlib.Tactic.Ring.NamePowerVars (3.7s)
✔ [4291/10115] Built Mathlib.RingTheory.MvPowerSeries.LexOrder (5.3s)
✔ [4292/10115] Built Mathlib.RingTheory.Derivation.DifferentialRing (5.6s)
✔ [4293/10115] Built Mathlib.LinearAlgebra.AffineSpace.Simplex.Centroid (15s)
✔ [4294/10115] Built Mathlib.Algebra.MvPolynomial.Rename (8.5s)
✔ [4295/10115] Built Mathlib.Topology.Baire.LocallyCompactRegular (3.4s)
✔ [4296/10115] Built Mathlib.Algebra.Homology.ShortComplex.RightHomology (22s)
✔ [4297/10115] Built Mathlib.RingTheory.MvPowerSeries.Order (8.6s)
✔ [4298/10115] Built Mathlib.Topology.Spectral.Prespectral (5.6s)
✔ [4299/10115] Built Mathlib.Dynamics.Transitive (4.3s)
✔ [4300/10115] Built Mathlib.RingTheory.TensorProduct.Basic (35s)
✔ [4301/10115] Built Mathlib.LinearAlgebra.Matrix.Cartan (18s)
✔ [4302/10115] Built Mathlib.Topology.Algebra.Order.Module (2.6s)
✔ [4303/10115] Built Mathlib.LinearAlgebra.TensorAlgebra.ToTensorPower (4.7s)
✔ [4304/10115] Built Mathlib.LinearAlgebra.Matrix.DualNumber (4.0s)
✔ [4305/10115] Built Mathlib.LinearAlgebra.TensorAlgebra.Grading (5.6s)
✔ [4306/10115] Built Mathlib.RingTheory.Coalgebra.CoassocSimps (101s)
✔ [4307/10115] Built Mathlib.CategoryTheory.Limits.Shapes.NormalMono.Equalizers (11s)
✔ [4308/10115] Built Mathlib.Algebra.Polynomial.Mirror (4.5s)
✔ [4309/10115] Built Mathlib.Algebra.Algebra.Subalgebra.Unitization (12s)
✔ [4310/10115] Built Mathlib.Combinatorics.SimpleGraph.StronglyRegular (5.1s)
✔ [4311/10115] Built Mathlib.RingTheory.IsGaloisGroup.Defs (5.1s)
✔ [4312/10115] Built Mathlib.LinearAlgebra.SymmetricAlgebra.Basic (10s)
✔ [4313/10115] Built Mathlib.Algebra.Polynomial.Monic (6.5s)
✔ [4314/10115] Built Mathlib.Algebra.Vertex.VertexOperator (6.1s)
✔ [4315/10115] Built Mathlib.CategoryTheory.Limits.Types.Equalizers (3.1s)
✔ [4316/10115] Built Mathlib.CategoryTheory.Limits.Shapes.BinaryBiproducts (27s)
✔ [4317/10115] Built Mathlib.CategoryTheory.Limits.Types.Multiequalizer (3.5s)
✔ [4318/10115] Built Mathlib.RingTheory.GradedAlgebra.Homogeneous.Ideal (10s)
✔ [4319/10115] Built Mathlib.Topology.Sets.VietorisTopology (17s)
✔ [4320/10115] Built Mathlib.RingTheory.Noetherian.Basic (8.5s)
✔ [4321/10115] Built Mathlib.CategoryTheory.Limits.Elements (4.4s)
✔ [4322/10115] Built Mathlib.RingTheory.PrincipalIdealDomain (8.3s)
✔ [4323/10115] Built Mathlib.RingTheory.GradedAlgebra.AlgHom (11s)
✔ [4324/10115] Built Mathlib.CategoryTheory.Limits.Types.Products (5.8s)
✔ [4325/10115] Built Mathlib.CategoryTheory.Limits.Types.Pullbacks (7.7s)
✔ [4326/10115] Built Mathlib.CategoryTheory.Limits.Types.Images (3.3s)
✔ [4327/10115] Built Mathlib.CategoryTheory.Action.Continuous (14s)
✔ [4328/10115] Built Mathlib.FieldTheory.IntermediateField.Adjoin.Defs (25s)
✔ [4329/10115] Built Mathlib.CategoryTheory.Limits.Preserves.Ulift (2.8s)
✔ [4330/10115] Built Mathlib.RingTheory.Ideal.Oka (3.0s)
✔ [4331/10115] Built Mathlib.RingTheory.IsPrimary (4.8s)
✔ [4332/10115] Built Mathlib.CategoryTheory.Limits.Types.Multicoequalizer (3.7s)
✔ [4333/10115] Built Mathlib.RingTheory.IdealFilter.Basic (4.1s)
✔ [4334/10115] Built Mathlib.CategoryTheory.Category.Cat.Limit (8.1s)
✔ [4335/10115] Built Mathlib.Topology.Algebra.Monoid (18s)
✔ [4336/10115] Built Mathlib.CategoryTheory.Limits.Types.Yoneda (9.3s)
✔ [4337/10115] Built Mathlib.CategoryTheory.Limits.Types.Coequalizers (4.1s)
✔ [4338/10115] Built Mathlib.CategoryTheory.Limits.FunctorToTypes (3.7s)
✔ [4339/10115] Built Mathlib.Topology.Category.TopCat.Limits.Basic (6.5s)
✔ [4340/10115] Built Mathlib.CategoryTheory.Limits.Shapes.SingleObj (3.3s)
✔ [4341/10115] Built Mathlib.CategoryTheory.Limits.Shapes.FunctorToTypes (7.2s)
✔ [4342/10115] Built Mathlib.CategoryTheory.Limits.ColimitLimit (4.7s)
✔ [4343/10115] Built Mathlib.CategoryTheory.Limits.Types.Coproducts (6.3s)
✔ [4344/10115] Built Mathlib.Algebra.Category.MonCat.Limits (14s)
✔ [4345/10115] Built Mathlib.CategoryTheory.Limits.Types.Filtered (6.0s)
✔ [4346/10115] Built Mathlib.Algebra.Category.Grp.ForgetCorepresentable (3.9s)
✔ [4347/10115] Built Mathlib.Algebra.Star.Unitary (14s)
✔ [4348/10115] Built Mathlib.Algebra.Algebra.Spectrum.Quasispectrum (14s)
✔ [4349/10115] Built Mathlib.Algebra.Polynomial.Derivation (6.9s)
✔ [4350/10115] Built Mathlib.RingTheory.SimpleModule.Basic (17s)
