✔ [7644/7790] Built NavierStokes.R3.ScalarEnergyBound (3.2s)
✔ [7720/7903] Built NavierStokes.ProblemStatement (3.5s)
✔ [8109/8309] Built NavierStokes.R3.HilbertFunctionalExtension (3.5s)
✔ [8403/8616] Built NavierStokes.R3.ComparisonGronwall (3.8s)
✔ [8552/8717] Built NavierStokes.R3.TemporalTestUniqueness (3.9s)
✔ [8766/9407] Built NavierStokes.R3.ComparisonYoung (5.7s)
✔ [8767/9407] Built NavierStokes.R3.CompactForceBound (5.1s)
✔ [8768/9407] Built NavierStokes.DiagonalScale (6.0s)
✔ [8769/9407] Built NavierStokes.R3.ProblemStatement (7.3s)
✔ [8770/9407] Built NavierStokes.PeriodicLocalization (7.6s)
✔ [8771/9407] Built NavierStokes.DiophantineGraph (7.3s)
✔ [8772/9407] Built NavierStokes.SmoothCutoffs (8.4s)
✔ [8773/9407] Built NavierStokes.CompactForceDecay (8.3s)
✔ [8774/9407] Built NavierStokes.ResidualRegularity (8.7s)
✔ [8775/9407] Built NavierStokes.ResidualCalculus (8.8s)
✔ [8776/9407] Built NavierStokes.PeriodicIntegration (9.8s)
✔ [8777/9407] Built NavierStokes.RadialAlias (10s)
✔ [8778/9407] Built NavierStokes.SlotGeometry (8.5s)
✔ [8779/9407] Built NavierStokes.Flatness (6.5s)
✔ [8780/9407] Built NavierStokes.Scaling (9.1s)
✔ [8781/9407] Built NavierStokes.SpatialCurl (11s)
✔ [8782/9407] Built NavierStokes.JetBounds (11s)
✔ [8783/9407] Built NavierStokes.FlatCutoff (7.1s)
✔ [8784/9407] Built NavierStokes.PulseGrowth (6.5s)
✔ [8785/9407] Built NavierStokes.Covariance (7.2s)
✔ [8786/9407] Built NavierStokes.GraphCalculus (8.1s)
✔ [8787/9407] Built NavierStokes.FlatKernelBounds (10s)
✔ [8788/9407] Built NavierStokes.LoopMoments (8.7s)
✔ [8789/9407] Built NavierStokes.PhaseCalculus (9.0s)
✔ [8790/9407] Built NavierStokes.ConeAlgebra (11s)
✔ [8791/9407] Built NavierStokes.PowerMomentMatrix (8.9s)
✔ [8792/9407] Built NavierStokes.MomentRepair (9.3s)
✔ [8793/9407] Built NavierStokes.AxisWeightEstimates (9.7s)
✔ [8794/9407] Built NavierStokes.SimilarityCoordinates (11s)
✔ [8795/9407] Built NavierStokes.EndpointExtension (6.4s)
✔ [8796/9407] Built NavierStokes.RadialSchedule (11s)
✔ [8797/9407] Built NavierStokes.AnalyticPrimitive (9.7s)
✔ [8798/9407] Built NavierStokes.CurlGeometry (6.6s)
✔ [8799/9407] Built NavierStokes.SmoothParameterIntegral (16s)
✔ [8800/9407] Built NavierStokes.CoordinateAlgebra (6.6s)
✔ [8802/9407] Built NavierStokes.AxisProfile (9.1s)
✔ [8803/9407] Built NavierStokes.TangentProjection (8.8s)
✔ [8804/9407] Built NavierStokes.PressureDatum (14s)
✔ [8805/9407] Built NavierStokes.BlowupImplication (5.2s)
✔ [8806/9407] Built NavierStokes.CauchyRestriction (10s)
✔ [8807/9407] Built NavierStokes.StressAlgebra (9.4s)
✔ [8808/9407] Built NavierStokes.ExponentLedger (6.9s)
✔ [8809/9407] Built NavierStokes.GraphRestriction (6.5s)
✔ [8810/9407] Built NavierStokes.RadialModulation (10s)
✔ [8811/9407] Built NavierStokes.R3PositiveTests (7.5s)
✔ [8812/9407] Built NavierStokes.SpacetimeEndpoint (30s)
✔ [8813/9407] Built NavierStokes.SchwartzCompactApproximation (8.8s)
✔ [8814/9407] Built NavierStokes.RadialPrimitive (8.2s)
✔ [8815/9407] Built NavierStokes.R3.CompactSchwartz (7.6s)
✔ [8816/9407] Built NavierStokes.CompactSmoothFamily (14s)
✔ [8817/9407] Built NavierStokes.R3.ComparisonRateBound (9.7s)
✔ [8818/9407] Built NavierStokes.R3EnergyAbsorption (10s)
✔ [8819/9407] Built NavierStokes.R3.CompactTimeIntegral (9.2s)
✔ [8820/9407] Built NavierStokes.BorelExtension (8.3s)
✔ [8821/9407] Built NavierStokes.TimeLocalization (7.8s)
✔ [8822/9407] Built NavierStokes.ValidBandGluing (8.4s)
✔ [8823/9407] Built NavierStokes.SolenoidalDiagonal (9.7s)
✔ [8824/9407] Built NavierStokes.SlotColoring (10s)
✔ [8825/9407] Built NavierStokes.TorusInverse (13s)
✔ [8826/9407] Built NavierStokes.AxisymmetricFields (11s)
✔ [8827/9407] Built NavierStokes.FlatZeroExtension (10s)
✔ [8828/9407] Built NavierStokes.PeriodicUniqueness (15s)
✔ [8829/9407] Built NavierStokes.SmoothCovariance (11s)
✔ [8830/9407] Built NavierStokes.WeightedClasses (14s)
✔ [8831/9407] Built NavierStokes.FlatPrimitive (12s)
✔ [8832/9407] Built NavierStokes.ParametricKernelBounds (12s)
✔ [8833/9407] Built NavierStokes.SmoothLoop (11s)
✔ [8834/9407] Built NavierStokes.GaussianEnvelope (13s)
✔ [8835/9407] Built NavierStokes.UniformCone (9.3s)
✔ [8836/9407] Built NavierStokes.LocalizedMomentRepair (11s)
✔ [8837/9407] Built NavierStokes.EndpointLimits (6.0s)
✔ [8838/9407] Built NavierStokes.BoundaryCoordinates (9.5s)
✔ [8839/9407] Built NavierStokes.AxisCoefficientSpace (13s)
✔ [8840/9407] Built NavierStokes.HarmonicCalculus (17s)
✔ [8841/9407] Built NavierStokes.TransportPrimitive (26s)
✔ [8842/9407] Built NavierStokes.EvenSmoothDescent (13s)
✔ [8843/9407] Built NavierStokes.SimilarityProfile (13s)
✔ [8844/9407] Built NavierStokes.PhysicalCoordinateBounds (16s)
✔ [8845/9407] Built NavierStokes.RadialHeatProfile (14s)
✔ [8846/9407] Built NavierStokes.CandidateAssembly (9.8s)
✔ [8847/9407] Built NavierStokes.DiagonalJetBoundsNoOptions (8.5s)
✔ [8848/9407] Built NavierStokes.JointResidualLimits (15s)
✔ [8849/9407] Built NavierStokes.SmoothMomentRepair (26s)
✔ [8850/9407] Built NavierStokes.NaturalAxisData (17s)
✔ [8851/9407] Built NavierStokes.PastExtension (12s)
✔ [8852/9407] Built NavierStokes.ChartScales (7.1s)
✔ [8853/9407] Built NavierStokes.DiagonalJetBounds (8.0s)
✔ [8854/9407] Built NavierStokes.HolomorphicFamily (16s)
✔ [8855/9407] Built NavierStokes.ComparatorDefinitions (21s)
✔ [8856/9407] Built NavierStokes.SpatialBorelExtension (17s)
✔ [8857/9407] Built NavierStokes.R3.ComparisonSetup (6.5s)
✔ [8858/9407] Built NavierStokes.FiniteHeadClass (6.6s)
✔ [8859/9407] Built NavierStokes.MaximalLifespan (7.6s)
✔ [8860/9407] Built NavierStokes.PeriodicSobolev (9.8s)
✔ [8861/9407] Built NavierStokes.FlatCovariance (9.4s)
✔ [8862/9407] Built NavierStokes.WeightedQuotients (12s)
✔ [8863/9407] Built NavierStokes.TangentODE (27s)
✔ [8864/9407] Built NavierStokes.FlatPrimitiveFactor (9.9s)
✔ [8865/9407] Built NavierStokes.AxisymmetricResidual (16s)
✔ [8866/9407] Built NavierStokes.R3.CompactEnergy (11s)
✔ [8867/9407] Built NavierStokes.AxisSeries (31s)
✔ [8868/9407] Built NavierStokes.ParametricRephase (12s)
✔ [8869/9407] Built NavierStokes.OutgoingSchedule (12s)
✔ [8870/9407] Built NavierStokes.ResidualStability (51s)
✔ [8871/9407] Built NavierStokes.LoopVariance (15s)
✔ [8872/9407] Built NavierStokes.FiveRowRank (12s)
✔ [8873/9407] Built NavierStokes.AnalyticCoefficientBounds (9.5s)
✔ [8874/9407] Built NavierStokes.SimilarityHomogeneity (9.9s)
✔ [8875/9407] Built NavierStokes.HeatProfileExtension (9.9s)
✔ [8876/9407] Built NavierStokes.SpacetimeGluing (11s)
✔ [8877/9407] Built NavierStokes.AxisEvaluation (16s)
✔ [8878/9407] Built NavierStokes.SquaredPartition (12s)
✔ [8879/9407] Built NavierStokes.R3.RadialKernelBounds (10s)
✔ [8880/9407] Built NavierStokes.R3.HeatKernelCancellation (9.9s)
✔ [8881/9407] Built NavierStokes.R3.ComparisonFourierSetup (8.8s)
✔ [8882/9407] Built NavierStokes.R3.GradientOperator (8.7s)
✔ [8883/9407] Built NavierStokes.R3.PairedKernelBound (11s)
✔ [8884/9407] Built NavierStokes.R3.HeatKernel (11s)
✔ [8885/9407] Built NavierStokes.R3.WeightedInterpolation (10s)
✔ [8886/9407] Built NavierStokes.AxisSourceRegularity (20s)
✔ [8887/9407] Built NavierStokes.AngularMomentReset (20s)
✔ [8888/9407] Built NavierStokes.SmoothFourierData (37s)
✔ [8889/9407] Built NavierStokes.R3.LpNormTools (7.9s)
✔ [8890/9407] Built NavierStokes.ComparatorBridge (21s)
✔ [8891/9407] Built NavierStokes.R3.ComparisonCutoffs (10s)
✔ [8892/9407] Built NavierStokes.R3.LocalizedTransport (10s)
✔ [8893/9407] Built NavierStokes.R3.LocalizedLaplacian (11s)
✔ [8894/9407] Built NavierStokes.ParametricFlatFactor (14s)
✔ [8895/9407] Built NavierStokes.GenericEndpointExtension (27s)
✔ [8896/9407] Built NavierStokes.ViscousPropagator (16s)
✔ [8897/9407] Built NavierStokes.R3.ConservativeDifference (15s)
✔ [8898/9407] Built NavierStokes.PulseCovariance (20s)
✔ [8899/9407] Built NavierStokes.ParametricEvenDescent (14s)
✔ [8900/9407] Built NavierStokes.LocalAxisymmetricResidual (17s)
✔ [8901/9407] Built NavierStokes.AxisOperators (39s)
✔ [8902/9407] Built NavierStokes.GrowingMode (18s)
✔ [8903/9407] Built NavierStokes.OutgoingTail (18s)
✔ [8904/9407] Built NavierStokes.R3.WeakFourierUniqueness (9.6s)
✔ [8905/9407] Built NavierStokes.R3.FourierConvolution (8.8s)
✔ [8906/9407] Built NavierStokes.VolterraAnalyticBounds (12s)
✔ [8907/9407] Built NavierStokes.R3.HeatKernelFubini (8.1s)
✔ [8908/9407] Built NavierStokes.DiagonalResidual (22s)
✔ [8909/9407] Built NavierStokes.R3.SchwartzParseval (9.6s)
✔ [8910/9407] Built NavierStokes.TrueConeLoop (15s)
✔ [8911/9407] Built NavierStokes.AxisHolomorphic (13s)
✔ [8912/9407] Built NavierStokes.ParametricODE (28s)
✔ [8913/9407] Built NavierStokes.R3.RieszSymbolRegularity (11s)
✔ [8914/9407] Built NavierStokes.R3.FourierTestDerivatives (11s)
✔ [8915/9407] Built NavierStokes.R3.HeatKernelTimeBound (8.4s)
✔ [8916/9407] Built NavierStokes.CandidateFromLimits (17s)
✔ [8917/9407] Built NavierStokes.R3.FourierSobolevWeights (15s)
✔ [8918/9407] Built NavierStokes.R3.GaussianMoments (7.7s)
✔ [8919/9407] Built NavierStokes.R3.ComparisonFiniteEnergy (8.5s)
✔ [8920/9407] Built NavierStokes.R3.WeakTimeContinuity (7.5s)
✔ [8921/9407] Built NavierStokes.R3.WeightedSobolev (11s)
✔ [8922/9407] Built NavierStokes.R3.SchwartzCompactApproximation (11s)
✔ [8923/9407] Built NavierStokes.R3.LocalizedDifferenceEnergy (12s)
✔ [8924/9407] Built NavierStokes.ParametricTorusInverse (16s)
✔ [8925/9407] Built NavierStokes.R3.SmoothSobolevL6 (12s)
✔ [8926/9407] Built NavierStokes.ComparatorR3Bridge (15s)
✔ [8927/9407] Built NavierStokes.OscillatoryCurl (36s)
✔ [8928/9407] Built NavierStokes.R3CompactIntegration (17s)
✔ [8929/9407] Built NavierStokes.OutgoingPulseBounds (42s)
✔ [8930/9407] Built NavierStokes.EdgeWeightJets (13s)
✔ [8931/9407] Built NavierStokes.R3.PressureTemporalIdentity (11s)
✔ [8932/9407] Built NavierStokes.CompactSpatialForceDecay (18s)
✔ [8933/9407] Built NavierStokes.RadialFluxResidual (12s)
✔ [8934/9407] Built NavierStokes.ProfileHistories (17s)
✔ [8935/9407] Built NavierStokes.TorusAverages (15s)
✔ [8936/9407] Built NavierStokes.WeightedRadialPrimitive (21s)
✔ [8937/9407] Built NavierStokes.AxisEvaluationAlgebra (13s)
✔ [8938/9407] Built NavierStokes.SimilarityApproach (10s)
✔ [8939/9407] Built NavierStokes.HeatTailEdit (15s)
✔ [8940/9407] Built NavierStokes.AxisHolomorphicJoint (13s)
✔ [8941/9407] Built NavierStokes.ShapeTransition (31s)
✔ [8942/9407] Built NavierStokes.TailEnergyBounds (18s)
✔ [8943/9407] Built NavierStokes.R3.RieszLinearityDecay (13s)
✔ [8944/9407] Built NavierStokes.R3.HeatKernelPairedBound (9.0s)
✔ [8945/9407] Built NavierStokes.R3.RieszHeatRepresentation (15s)
✔ [8946/9407] Built NavierStokes.R3.RieszPairing (13s)
✔ [8947/9407] Built NavierStokes.ParametricModulation (20s)
✔ [8948/9407] Built NavierStokes.AxisResolvent (25s)
✔ [8949/9407] Built NavierStokes.MovingFrameODE (25s)
✔ [8950/9407] Built NavierStokes.SmoothPathFamily (18s)
✔ [8951/9407] Built NavierStokes.R3.CompactComparisonBounds (11s)
✔ [8952/9407] Built NavierStokes.R3.WholeSpaceEnergyLimit (7.7s)
✔ [8953/9407] Built NavierStokes.R3.LocalizedTensorBounds (10s)
✔ [8954/9407] Built NavierStokes.R3.HarmonicTestFunctionals (10s)
✔ [8955/9407] Built NavierStokes.UniformAngularReset (32s)
✔ [8956/9407] Built NavierStokes.R3.PressureTestBounds (20s)
✔ [8957/9407] Built NavierStokes.R3.ComparisonTimeAverages (17s)
✔ [8958/9407] Built NavierStokes.R3.LocalizedFluxEstimates (11s)
✔ [8959/9407] Built NavierStokes.CylindricalResidual (38s)
✔ [8960/9407] Built NavierStokes.R3.PressureFluxTest (16s)
✔ [8961/9407] Built NavierStokes.FourierAlias (13s)
✔ [8962/9407] Built NavierStokes.R3LocalizedEnergyLimit (17s)
✔ [8963/9407] Built NavierStokes.R3.PressureRecoveryHelpers (9.7s)
✔ [8964/9407] Built NavierStokes.R3PressureKernel (17s)
✔ [8965/9407] Built NavierStokes.NilpotentVolterra (43s)
✔ [8966/9407] Built NavierStokes.SlowExpansionResidual (16s)
✔ [8967/9407] Built NavierStokes.R3ConvolutionYoung (24s)
✔ [8968/9407] Built NavierStokes.R3CompactParametricIntegral (18s)
✔ [8969/9407] Built NavierStokes.SlowDivergence (15s)
✔ [8970/9407] Built NavierStokes.R3.RieszL2Bounds (15s)
✔ [8971/9407] Built NavierStokes.RadialPullback (17s)
✔ [8972/9407] Built NavierStokes.JointODE (12s)
✔ [8973/9407] Built NavierStokes.ParametricHeatTail (19s)
✔ [8974/9407] Built NavierStokes.R3CompactEnergy (25s)
✔ [8975/9407] Built NavierStokes.R3HarmonicPressure (28s)
✔ [8976/9407] Built NavierStokes.SmoothFamilyTorusInverse (32s)
✔ [8977/9407] Built NavierStokes.ReleaseMoments (12s)
✔ [8978/9407] Built NavierStokes.ResetEnergyBounds (13s)
✔ [8979/9407] Built NavierStokes.R3.WholeSpaceComparisonClosure (14s)
✔ [8980/9407] Built NavierStokes.WeightedODEJets (24s)
✔ [8981/9407] Built NavierStokes.PhaseEstimates (25s)
✔ [8982/9407] Built NavierStokes.PulseAmplitude (34s)
✔ [8983/9407] Built NavierStokes.SpatialLocalization (16s)
✔ [8984/9407] Built NavierStokes.AxisContraction (34s)
✔ [8985/9407] Built NavierStokes.R3.PressureFunctionals (23s)
✔ [8986/9407] Built NavierStokes.LinearWaveResidual (21s)
✔ [8987/9407] Built NavierStokes.VolterraParity (20s)
✔ [8988/9407] Built NavierStokes.R3PressureNearKernel (22s)
✔ [8989/9407] Built NavierStokes.LeadingStress (16s)
✔ [8990/9407] Built NavierStokes.PolarCharts (13s)
✔ [8991/9407] Built NavierStokes.MeanResidual (26s)
✔ [8992/9407] Built NavierStokes.PressureStream (18s)
✔ [8993/9407] Built NavierStokes.R3LocalEnergyEvolution (17s)
✔ [8994/9407] Built NavierStokes.R3.RieszTestOperators (21s)
✔ [8995/9407] Built NavierStokes.PartitionedCovariance (17s)
✔ [8996/9407] Built NavierStokes.SlowBorelBase (33s)
✔ [8997/9407] Built NavierStokes.TerminalCompensation (46s)
✔ [8998/9407] Built NavierStokes.PeriodicResidualLimits (19s)
✔ [8999/9407] Built NavierStokes.R3.PressureFluxIdentity (16s)
✔ [9000/9407] Built NavierStokes.CommonCoverSolve (26s)
✔ [9001/9407] Built NavierStokes.UniformFourierAlias (31s)
✔ [9002/9407] Built NavierStokes.NaturalAxisBridge (25s)
✔ [9003/9407] Built NavierStokes.CorrectedPulseAmplitude (26s)
✔ [9004/9407] Built NavierStokes.VolterraRegularity (23s)
✔ [9005/9407] Built NavierStokes.HarmonicFields (16s)
✔ [9006/9407] Built NavierStokes.TerminalStress (25s)
✔ [9007/9407] Built NavierStokes.PrimaryODE (39s)
✔ [9008/9407] Built NavierStokes.R3.HeatKernelFourier (16s)
✔ [9009/9407] Built NavierStokes.R3.PressureRecovery (20s)
✔ [9010/9407] Built NavierStokes.R3PressureCommutator (33s)
✔ [9011/9407] Built NavierStokes.IntegratedMeanBalances (25s)
✔ [9012/9407] Built NavierStokes.NormalScaling (13s)
✔ [9013/9407] Built NavierStokes.R3PressureFourier (51s)
✔ [9014/9407] Built NavierStokes.ParametricTerminalCompensation (18s)
✔ [9015/9407] Built NavierStokes.SignedCovariance (19s)
✔ [9016/9407] Built NavierStokes.PhysicalHeatCoordinates (7.5s)
✔ [9017/9407] Built NavierStokes.R3CompactCandidate (22s)
✔ [9018/9407] Built NavierStokes.AxisReference (13s)
✔ [9019/9407] Built NavierStokes.FiveProfileMoments (83s)
✔ [9020/9407] Built NavierStokes.NaturalAxisCoefficients (20s)
✔ [9021/9407] Built NavierStokes.R3.HeatKernelCommutator (10s)
✔ [9022/9407] Built NavierStokes.R3.ActualPressureFlux (10s)
✔ [9023/11248] Built NavierStokes.PulseLag (22s)
✔ [9024/11248] Built NavierStokes.TemporalMeanUpdate (28s)
✔ [9025/11248] Built NavierStokes.BoundaryAxisJets (20s)
✔ [9026/11248] Built NavierStokes.PrimaryRepresentatives (41s)
✔ [9027/11248] Built Euler.PolynomialCostMajorant (8.0s)
✔ [9028/11248] Built Euler.IsometricActionCalculus (9.0s)
✔ [9029/11248] Built NavierStokes.PhysicalGraphBounds (55s)
✔ [9030/11248] Built NavierStokes.PhaseJetBounds (26s)
✔ [9031/11248] Built NavierStokes.NaturalProfile (17s)
✔ [9032/11248] Built NavierStokes.R3SpaceTime (22s)
✔ [9033/11248] Built NavierStokes.R3GaussianPressure (21s)
✔ [9034/11248] Built Euler.CompactParameterIntegral (9.7s)
✔ [9035/11248] Built NavierStokes.SignedStressPrimitive (22s)
✔ [9036/11248] Built NavierStokes.ExtendedHeatDebts (18s)
✔ [9037/11248] Built Euler.FiniteGradeAlgebra (8.7s)
✔ [9038/11248] Built Euler.SmoothImplicitLift (4.8s)
✔ [9039/11248] Built Euler.ContinuousInverseDerivative (3.0s)
✔ [9040/11248] Built Euler.LpBochnerRealization (6.5s)
✔ [9041/11248] Built NavierStokes.MeanMomentBounds (30s)
✔ [9042/11248] Built Euler.ClosedIntervalDerivativeExtension (5.4s)
✔ [9043/11248] Built Euler.HilbertProductSubspaceRetraction (8.4s)
✔ [9044/11248] Built NavierStokes.R3.PressureFlux (22s)
✔ [9045/11248] Built Euler.GevreyCompositionPartitions (6.4s)
✔ [9047/11251] Built Euler.LogarithmicCutoffOptimization (5.8s)
✔ [9048/11251] Built Euler.NonnegativeImproperIntegral (5.1s)
✔ [9049/11251] Built Euler.BoundedEvaluationDifferentiation (6.6s)
✔ [9050/11251] Built Euler.NonnegativeLogConvex (6.6s)
✔ [9051/11251] Built Euler.GevreyFlowBootstrap (7.8s)
✔ [9052/11251] Built Euler.CompactSupportBoundedPath (4.4s)
✔ [9053/11251] Built NavierStokes.PrimaryCopyBridge (35s)
✔ [9054/11251] Built Euler.StageDisplacementBound (3.7s)
✔ [9055/11251] Built Euler.VorticityTransport (6.6s)
✔ [9056/11251] Built Euler.LocalFlowTrap (5.8s)
✔ [9057/11251] Built Euler.FlowEscapeBound (7.0s)
✔ [9058/11251] Built Euler.IsometricActionDerivativeBound (5.1s)
✔ [9059/11251] Built Euler.FrameWronskian (6.0s)
✔ [9060/11251] Built Euler.WeakHilbertODE (8.5s)
✔ [9061/11251] Built NavierStokes.ParametricRadialExtension (10s)
✔ [9062/11251] Built NavierStokes.SchedulePressure (8.8s)
✔ [9063/11251] Built NavierStokes.PositiveRepresentatives (12s)
✔ [9064/11251] Built NavierStokes.PositiveAxisSystem (88s)
✔ [9065/11251] Built Euler.SolutionDefinitions (18s)
✔ [9066/11251] Built Euler.FiniteGradeDiagonal (9.9s)
✔ [9067/11251] Built NavierStokes.NaturalCore (16s)
✔ [9068/11251] Built NavierStokes.ReferencePath (18s)
✔ [9069/11251] Built Euler.FiniteGradeSupport (10s)
✔ [9070/11251] Built NavierStokes.PhysicalWaveSum (22s)
✔ [9071/11251] Built Euler.LpParameterIntegral (11s)
✔ [9072/11251] Built NavierStokes.CommonCoverClass (24s)
✔ [9073/11251] Built NavierStokes.R3.WholeSpaceUniqueness (10s)
✔ [9074/11251] Built NavierStokes.GaussianTailFlat (26s)
✔ [9075/11251] Built NavierStokes.R3TimeLocalization (22s)
✔ [9076/11251] Built Euler.GevreyInversePartitions (9.9s)
✔ [9077/11251] Built Euler.GevreyGeneratingAlgebra (7.8s)
✔ [9078/11251] Built Euler.GevreyComposition (9.2s)
✔ [9079/11251] Built NavierStokes.R3RieszKernel (23s)
✔ [9080/11251] Built NavierStokes.CurlClassBounds (30s)
✔ [9081/11251] Built NavierStokes.AnnularAuxiliary (7.5s)
✔ [9082/11251] Built NavierStokes.MeanIncrementBounds (18s)
✔ [9083/11251] Built NavierStokes.R3SpaceTimeHarmonic (27s)
✔ [9084/11251] Built Euler.RadialPotentialL2 (10s)
✔ [9085/11251] Built Euler.NoIncomingVorticity (12s)
✔ [9086/11251] Built NavierStokes.OutgoingProfile (12s)
✔ [9087/11251] Built NavierStokes.EndpointCoordinates (10s)
⚠ [9088/11251] Built ComparatorChallenges.Euler (19s)
warning: ComparatorChallenges/Euler.lean:85:8: declaration uses `sorry`
warning: ComparatorChallenges/Euler.lean:170:8: declaration uses `sorry`
✔ [9089/11251] Built NavierStokes.FuturePressureBounds (12s)
✔ [9090/11251] Built Euler.FiniteGradeTriangular (9.5s)
✔ [9091/11251] Built Euler.FiniteGradeAssembly (8.4s)
⚠ [9092/11251] Built ComparatorChallenges.NavierStokes (19s)
warning: ComparatorChallenges/NavierStokes.lean:273:8: declaration uses `sorry`
warning: ComparatorChallenges/NavierStokes.lean:280:8: declaration uses `sorry`
✔ [9094/11251] Built Euler.PacketResidualGrades (8.5s)
✔ [9095/11251] Built NavierStokes.OutgoingHistories (19s)
✔ [9096/11251] Built NavierStokes.AxisPreservation (7.4s)
✔ [9097/11251] Built Euler.InitialDataBridge (16s)
✔ [9098/11251] Built NavierStokes.PositiveOrderMoments (18s)
✔ [9099/11251] Built Euler.ClassicalBridge (18s)
✔ [9100/11251] Built NavierStokes.NaturalEntrance (47s)
✔ [9101/11251] Built NavierStokes.PositiveAxisExistence (22s)
✔ [9102/11251] Built Euler.GevreyGeneratingComposition (9.4s)
✔ [9103/11251] Built Euler.GevreyInverseMap (10s)
✔ [9104/11251] Built NavierStokes.CutStageEstimates (14s)
✔ [9105/11251] Built NavierStokes.StressActivation (19s)
✔ [9106/11251] Built NavierStokes.R3FiniteEnergyComparison (12s)
✔ [9107/11251] Built NavierStokes.CopySolveCompatibility (12s)
✔ [9108/11251] Built NavierStokes.WaveEnvelopeTransport (13s)
✔ [9109/11251] Built NavierStokes.OutgoingDilation (15s)
✔ [9110/11251] Built NavierStokes.CorrectedPressureBounds (16s)
✔ [9111/11251] Built NavierStokes.R3RieszApproximation (25s)
✔ [9112/11251] Built NavierStokes.SlowStressSupport (18s)
✔ [9113/11251] Built NavierStokes.PulseEnergyHistory (19s)
✔ [9114/11251] Built NavierStokes.LinearWaveBounds (26s)
✔ [9115/11251] Built NavierStokes.WaveInteractionBounds (29s)
✔ [9116/11251] Built Euler.ComparatorTimeShift (23s)
✔ [9117/11251] Built NavierStokes.ReferenceJetBounds (24s)
✔ [9118/11251] Built Euler.WeakTimeContinuity (25s)
✔ [9119/11251] Built Euler.CompactSmoothBounds (26s)
✔ [9120/11251] Built Euler.GevreyGeneratingDerivatives (9.7s)
✔ [9121/11251] Built Euler.GevreyGeneratingDerivativesNoOptions (12s)
✔ [9122/11251] Built Euler.InverseMapJetContinuity (15s)
✔ [9123/11251] Built NavierStokes.SlowRecursion (27s)
✔ [9124/11251] Built NavierStokes.PrimaryPulseBounds (37s)
✔ [9125/11251] Built NavierStokes.MixedDiagonalSchedule (12s)
✔ [9126/11251] Built NavierStokes.R3SpaceTimePressure (37s)
✔ [9127/11251] Built NavierStokes.ActivationBounds (18s)
✔ [9128/11251] Built NavierStokes.HeatedOutgoing (16s)
✔ [9129/11251] Built Euler.GevreyFlowFinite (10s)
✔ [9130/11251] Built NavierStokes.CopyAngularInvariance (13s)
✔ [9131/11251] Built NavierStokes.OutgoingEntranceCone (41s)
✔ [9132/11251] Built NavierStokes.R3SpatialConvolution (18s)
✔ [9133/11251] Built NavierStokes.ActivationHolomorphic (20s)
✔ [9134/11251] Built NavierStokes.PrimaryFieldAssembly (16s)
✔ [9135/11251] Built NavierStokes.PrimaryCovarianceBounds (17s)
✔ [9136/11251] Built NavierStokes.ReservedPatches (10s)
✔ [9137/11251] Built NavierStokes.RenormalizedHeatMoment (12s)
✔ [9138/11251] Built NavierStokes.ExtendedHeatedOutgoing (17s)
✔ [9139/11251] Built NavierStokes.ActivationStocks (22s)
✔ [9140/11251] Built NavierStokes.ReferenceBounds (35s)
✔ [9141/11251] Built NavierStokes.HeatTailHistoryLimits (14s)
✔ [9142/11251] Built NavierStokes.R3WeakPressure (34s)
✔ [9143/11251] Built NavierStokes.R3PressureCutoff (43s)
✔ [9144/11251] Built NavierStokes.R3SpaceTimeApproximation (30s)
✔ [9145/11251] Built NavierStokes.ModulatedStockBounds (12s)
✔ [9146/11251] Built NavierStokes.SlowResidualMatching (24s)
✔ [9147/11251] Built NavierStokes.MeanRankUpdate (28s)
✔ [9148/11251] Built NavierStokes.AxisTailRegularity (10s)
✔ [9149/11251] Built NavierStokes.R3WeightedLp (19s)
✔ [9150/11251] Built NavierStokes.CorrectionState (12s)
✔ [9151/11251] Built NavierStokes.R3SmoothPressure (21s)
✔ [9152/11251] Built NavierStokes.ModulatedHistories (31s)
✔ [9153/11251] Built NavierStokes.ShapedWaitBounds (53s)
✔ [9154/11251] Built NavierStokes.TransitionRamp (36s)
✔ [9155/11251] Built NavierStokes.ParticularWaveBounds (61s)
✔ [9156/11251] Built NavierStokes.GlobalSlowProfiles (27s)
✔ [9157/11251] Built NavierStokes.ErrorHarmonics (16s)
✔ [9158/11251] Built NavierStokes.R3PressureFlux (19s)
✔ [9159/11251] Built NavierStokes.DefectIncrementBounds (21s)
✔ [9160/11251] Built NavierStokes.ActivationCone (52s)
✔ [9161/11251] Built NavierStokes.PhysicalMeanDomain (36s)
✔ [9162/11251] Built NavierStokes.SubcoverPeriodicity (11s)
✔ [9163/11251] Built NavierStokes.BasePhaseGeometry (68s)
✔ [9164/11251] Built NavierStokes.ActualSlowAxis (16s)
✔ [9165/11251] Built NavierStokes.R3CutoffSobolev (30s)
✔ [9166/11251] Built NavierStokes.R3LocalizedPressure (26s)
✔ [9167/11251] Built NavierStokes.MeanChartCompatibility (30s)
✔ [9168/11251] Built NavierStokes.LiftedMeanResidual (32s)
✔ [9169/11251] Built NavierStokes.HarmonicResidual (35s)
✔ [9170/11251] Built NavierStokes.ScaledTangentTransport (19s)
✔ [9171/11251] Built NavierStokes.ModulatedCone (32s)
✔ [9172/11251] Built NavierStokes.NaturalCoefficientBridge (14s)
✔ [9173/11251] Built NavierStokes.PrimaryMaterialDefect (15s)
✔ [9174/11251] Built NavierStokes.HarmonicCovariance (9.2s)
✔ [9175/11251] Built NavierStokes.AxisymmetricResidualGrouping (10s)
✔ [9176/11251] Built NavierStokes.StateMomentBalances (26s)
✔ [9177/11251] Built NavierStokes.R3PressurePairing (20s)
✔ [9178/11251] Built NavierStokes.SignedWaveUpdate (32s)
✔ [9179/11251] Built NavierStokes.R3SpaceTimeCalculus (22s)
✔ [9180/11251] Built NavierStokes.R3EnergyNorms (22s)
✔ [9181/11251] Built NavierStokes.IntervalCopyTransport (14s)
✔ [9182/11251] Built NavierStokes.StateReindex (18s)
✔ [9183/11251] Built NavierStokes.HarmonicMeanInteraction (19s)
✔ [9184/11251] Built NavierStokes.LocalResidualGrouping (10s)
✔ [9185/11251] Built NavierStokes.PulseCone (50s)
✔ [9186/11251] Built NavierStokes.PhysicalResidualBridge (28s)
✔ [9187/11251] Built NavierStokes.LabelSumBounds (23s)
✔ [9188/11251] Built NavierStokes.R3UniformBounds (19s)
✔ [9189/11251] Built NavierStokes.R3DifferenceStress (20s)
✔ [9190/11251] Built NavierStokes.ActivationContinuation (51s)
✔ [9191/11251] Built NavierStokes.R3EnergyBoundary (22s)
✔ [9192/11251] Built NavierStokes.R3LocalizedPressureTests (27s)
✔ [9193/11251] Built NavierStokes.R3CutoffTestFields (25s)
✔ [9194/11251] Built NavierStokes.HarmonicWaveInteraction (23s)
✔ [9195/11251] Built NavierStokes.R3StressPressureEstimate (30s)
✔ [9196/11251] Built NavierStokes.PhysicalResidualTZ (22s)
✔ [9197/11251] Built NavierStokes.UniformPrimaryWeights (17s)
✔ [9198/11251] Built NavierStokes.HarmonicStructurePreservation (8.1s)
✔ [9199/11251] Built NavierStokes.PhysicalCurlCovariance (25s)
✔ [9200/11251] Built NavierStokes.ModeSolenoidalReindex (8.8s)
✔ [9201/11251] Built NavierStokes.ParticularWaveAssembly (40s)
✔ [9202/11251] Built NavierStokes.R3PhysicalPressureBound (15s)
✔ [9203/11251] Built NavierStokes.PrimaryResidualClass (14s)
✔ [9204/11251] Built NavierStokes.SignedPhysicalSumCalculus (6.8s)
✔ [9205/11251] Built NavierStokes.LocalSignedRequest (16s)
✔ [9206/11251] Built NavierStokes.R3AbsorbedBoundary (22s)
✔ [9207/11251] Built NavierStokes.NominalProfile (25s)
✔ [9208/11251] Built NavierStokes.TailCone (44s)
✔ [9209/11251] Built NavierStokes.PeriodizedWaveBounds (27s)
✔ [9210/11251] Built NavierStokes.PhysicalParticularWave (27s)
✔ [9211/11251] Built NavierStokes.PhysicalClassBounds (24s)
✔ [9212/11251] Built NavierStokes.MatchingDebtBounds (24s)
✔ [9213/11251] Built NavierStokes.AssembledSlowBase (26s)
✔ [9214/11251] Built NavierStokes.UniformBlockBounds (12s)
✔ [9215/11251] Built NavierStokes.OutgoingCone (30s)
✔ [9216/11251] Built NavierStokes.TerminalPressure (31s)
✔ [9217/11251] Built NavierStokes.PeriodicPhaseAssembly (18s)
✔ [9218/11251] Built NavierStokes.HarmonicSourceSupport (19s)
✔ [9219/11251] Built NavierStokes.GlobalStressSupport (12s)
✔ [9220/11251] Built NavierStokes.ZerothStressIdentity (12s)
✔ [9221/11251] Built NavierStokes.PhysicalCopyBounds (19s)
✔ [9222/11251] Built NavierStokes.SignedCopyBounds (23s)
✔ [9223/11251] Built NavierStokes.LocalizedWaveBounds (27s)
✔ [9224/11251] Built NavierStokes.MatchingConeBounds (23s)
✔ [9225/11251] Built NavierStokes.TerminalEdgeFactor (14s)
✔ [9226/11251] Built NavierStokes.LocalizedMeanInteraction (6.0s)
✔ [9227/11251] Built NavierStokes.HeatSwitchCone (20s)
✔ [9228/11251] Built NavierStokes.LocalPhysicalCopyBounds (14s)
✔ [9229/11251] Built NavierStokes.PhysicalResidualNaturality (19s)
✔ [9230/11251] Built NavierStokes.LocalizedGaussianBounds (12s)
✔ [9231/11251] Built NavierStokes.VariableGaugeMean (61s)
✔ [9232/11251] Built NavierStokes.SlowFirstOrderEdge (9.7s)
✔ [9233/11251] Built NavierStokes.TerminalCone (10s)
✔ [9234/11251] Built NavierStokes.ParticularCopyBounds (18s)
✔ [9235/11251] Built NavierStokes.UniformHarmonicInteraction (9.4s)
✔ [9236/11251] Built NavierStokes.HeatSwitchHistoryDerivatives (8.7s)
✔ [9237/11251] Built NavierStokes.PositiveTimeCopyFamily (7.3s)
✔ [9238/11251] Built NavierStokes.ActiveAnnulusWeight (16s)
✔ [9239/11251] Built NavierStokes.ScheduledProfileChoice (7.2s)
✔ [9240/11251] Built NavierStokes.LocalizedCurlRealization (9.8s)
✔ [9241/11251] Built NavierStokes.NativePrincipalEquations (9.8s)
✔ [9242/11251] Built NavierStokes.MeanBoundsReindex (11s)
✔ [9243/11251] Built NavierStokes.GaugeStateCoherence (16s)
✔ [9244/11251] Built NavierStokes.PreparedOutgoing (8.4s)
✔ [9245/11251] Built NavierStokes.GaugeMomentBalances (17s)
✔ [9246/11251] Built NavierStokes.CartesianCopySource (21s)
✔ [9247/11251] Built NavierStokes.LocalRankDefect (18s)
✔ [9248/11251] Built NavierStokes.RepairConeBounds (23s)
✔ [9249/11251] Built NavierStokes.TerminalHistoryBridge (17s)
✔ [9250/11251] Built NavierStokes.PhysicalSignedWave (24s)
✔ [9251/11251] Built NavierStokes.PhysicalMeanJetBounds (23s)
✔ [9252/11251] Built NavierStokes.ClosedNativeWaveIdentities (16s)
✔ [9253/11251] Built NavierStokes.ActualParticularControl (26s)
✔ [9254/11251] Built NavierStokes.MovingMomentBounds (10s)
✔ [9255/11251] Built NavierStokes.RankStateBounds (10s)
✔ [9256/11251] Built NavierStokes.ResidualPolarGraph (6.2s)
✔ [9257/11251] Built NavierStokes.GaugeAliasDecay (12s)
✔ [9258/11251] Built NavierStokes.NominalConeAssembly (12s)
✔ [9259/11251] Built NavierStokes.GaugeMassPreservation (4.6s)
✔ [9260/11251] Built NavierStokes.ActualPeriodizedSignedRealization (11s)
✔ [9261/11251] Built NavierStokes.SignedMeanGain (17s)
✔ [9262/11251] Built NavierStokes.BaseResidual (31s)
✔ [9263/11251] Built NavierStokes.BandReindexedSignedMeanGain (3.6s)
✔ [9264/11251] Built Euler.EulerProof (362s)
✔ [9265/11251] Built NavierStokes.ModulatedProfileAssembly (7.5s)
✔ [9266/11251] Built NavierStokes.GaugeDebtIncrement (6.1s)
✔ [9267/11251] Built Euler.ResolventCalculus (6.8s)
✔ [9268/11251] Built Euler.PacketCoefficientMotion (7.4s)
✔ [9269/11251] Built Euler.PacketShiftArithmeticNoOptions (7.5s)
✔ [9270/11251] Built Euler.PacketShiftArithmetic (7.1s)
✔ [9271/11251] Built NavierStokes.BasePrefixIdentity (9.1s)
✔ [9272/11251] Built Euler.PacketReferenceRatio (7.7s)
✔ [9273/11251] Built Euler.PacketSourceScaleBounds (7.8s)
✔ [9274/11251] Built Euler.PacketIdealSize (8.3s)
✔ [9275/11251] Built Euler.BoundedLipschitzFlow (8.5s)
✔ [9276/11251] Built Euler.CylinderMeasureDescent (8.7s)
✔ [9277/11251] Built Euler.OrdinaryQuadraticStability (8.9s)
✔ [9278/11251] Built Euler.MetricHeatEnergy (9.8s)
✔ [9279/11251] Built NavierStokes.BaseExterior (11s)
✔ [9280/11251] Built Euler.GeneralCylinderAlgebra (8.6s)
✔ [9281/11251] Built Euler.PacketPhysicalEulerTransform (11s)
✔ [9282/11251] Built Euler.PacketCrossProduct (6.6s)
✔ [9283/11251] Built Euler.PacketMajorantShift (7.8s)
✔ [9284/11251] Built Euler.GaussianCylinderHeat (9.9s)
✔ [9285/11251] Built Euler.IntegralEnergyBootstrap (17s)
✔ [9286/11251] Built Euler.LpSupportedSubspace (10s)
✔ [9287/11251] Built Euler.PacketScalarUniqueness (8.7s)
✔ [9288/11251] Built Euler.DirichletEndpointReduction (11s)
✔ [9289/11251] Built Euler.ClosedTranslationGraph (10s)
✔ [9290/11251] Built Euler.MeanCutoffCurlBound (12s)
✔ [9291/11251] Built Euler.PacketPointJets (13s)
✔ [9292/11251] Built Euler.PacketScaledVelocityAlgebra (10s)
✔ [9293/11251] Built Euler.ClassicalPressureCurl (14s)
✔ [9294/11251] Built Euler.H6Pressure (14s)
✔ [9295/11251] Built Euler.CoerciveEndpointBounds (15s)
✔ [9296/11251] Built NavierStokes.FirstOrderBaseEdge (11s)
✔ [9297/11251] Built NavierStokes.WaveStateRegularity (8.1s)
✔ [9298/11251] Built Euler.MeanSolenoidalSpace (16s)
✔ [9299/11251] Built NavierStokes.MeanStateRegularity (9.2s)
✔ [9300/11251] Built Euler.BoundedFlowContinuity (7.3s)
✔ [9301/11251] Built Euler.CylinderCoverDescent (7.3s)
✔ [9302/11251] Built NavierStokes.LeadingStressWeights (12s)
✔ [9303/11251] Built Euler.PacketSourceScaleChoice (10s)
✔ [9304/11251] Built Euler.HilbertQuadraticFlow (9.9s)
✔ [9305/11251] Built Euler.GeneralRealCylinderAlgebra (7.0s)
✔ [9306/11251] Built Euler.EulerSpatialRescaling (8.1s)
✔ [9307/11251] Built Euler.PacketCoarseMajorant (7.2s)
✔ [9308/11251] Built Euler.PacketNormalizedPrimary (10s)
✔ [9309/11251] Built Euler.PacketPotentialMultiplier (10s)
✔ [9310/11251] Built Euler.PacketParentFlowDifferentiation (12s)
✔ [9311/11251] Built Euler.PacketJetAssembly (7.7s)
✔ [9312/11251] Built Euler.PacketMomentumExpansion (9.6s)
✔ [9313/11251] Built Euler.FiniteMetricEnergy (16s)
✔ [9314/11251] Built Euler.GaussianHeatDerivative (10s)
✔ [9315/11251] Built Euler.PacketFrameRenewalAlgebra (8.6s)
✔ [9316/11251] Built Euler.ClassicalDivergence (8.4s)
✔ [9317/11251] Built Euler.PacketTriangular (9.6s)
✔ [9318/11251] Built Euler.GraphPressurePotential (7.8s)
✔ [9319/11251] Built Euler.FiniteEnergyTruncation (14s)
✔ [9320/11251] Built Euler.PacketSlicedJets (11s)
✔ [9321/11251] Built Euler.CylinderSobolevSpace (15s)
✔ [9322/11251] Built Euler.H6PressureCommutator (9.6s)
✔ [9323/11251] Built Euler.CoefficientJetPressureBounds (9.2s)
✔ [9324/11251] Built Euler.LpSupportedMultiplier (20s)
✔ [9325/11251] Built Euler.LpOperatorField (19s)
✔ [9326/11251] Built Euler.MeanGradientTestSpace (10s)
✔ [9327/11251] Built Euler.MeanHarmonicEnergy (8.5s)
✔ [9328/11251] Built Euler.MeanWeakCurl (9.2s)
✔ [9329/11251] Built Euler.MeanSolenoidalTranslation (8.8s)
✔ [9330/11251] Built Euler.LpDerivativeMap (9.1s)
✔ [9331/11251] Built NavierStokes.ConstructedSlowBase (12s)
✔ [9332/11251] Built NavierStokes.GaugeExcludedBounds (8.8s)
✔ [9333/11251] Built NavierStokes.SignedCrossDefectClass (7.7s)
✔ [9334/11251] Built NavierStokes.TorusMeanRequestRebase (8.8s)
✔ [9335/11251] Built Euler.BoundedFlowPeriodicity (5.8s)
✔ [9336/11251] Built NavierStokes.MeanStageRegularity (7.1s)
✔ [9337/11251] Built Euler.FiniteIntervalFlow (6.8s)
✔ [9338/11251] Built Euler.GraphInvariantFlow (7.9s)
✔ [9339/11251] Built NavierStokes.GaugeRadialResidualBounds (12s)
✔ [9340/11251] Built Euler.H5CylinderAlgebra (7.8s)
✔ [9341/11251] Built Euler.CylinderDescentJets (8.7s)
✔ [9342/11251] Built Euler.PacketTailBound (7.3s)
✔ [9343/11251] Built Euler.PacketTailBase (7.4s)
✔ [9344/11251] Built Euler.PacketSourceScaleSequence (8.4s)
✔ [9345/11251] Built Euler.EulerTimeRescaling (8.1s)
✔ [9346/11251] Built Euler.PacketLowGrades (7.2s)
✔ [9347/11251] Built Euler.MeanCoefficientMultipliers (17s)
✔ [9348/11251] Built Euler.BaseWordMetric (7.4s)
✔ [9349/11251] Built Euler.GaussianHeatSmoothing (7.9s)
✔ [9350/11251] Built Euler.GraphDivergence (6.9s)
✔ [9351/11251] Built Euler.CylinderClassicalSolenoidal (7.6s)
✔ [9352/11251] Built Euler.PacketMovingFrame (10s)
✔ [9353/11251] Built Euler.CylinderViscousEnergy (10s)
✔ [9354/11251] Built Euler.CanonicalGraphPotential (6.6s)
✔ [9355/11251] Built Euler.H6PressureInverse (5.9s)
✔ [9356/11251] Built Euler.PacketPressureJet (7.6s)
✔ [9357/11251] Built Euler.TruncationFamilySmooth (8.1s)
✔ [9358/11251] Built Euler.LpDominatedConvergence (6.4s)
✔ [9359/11251] Built Euler.CompactPressurePairing (7.5s)
✔ [9360/11251] Built Euler.VolterraConvolution (8.2s)
✔ [9361/11251] Built Euler.MeanHarmonicLaplacian (9.4s)
✔ [9362/11251] Built Euler.MeanSolenoidalReflection (10s)
✔ [9363/11251] Built Euler.LpDerivativeBundling (11s)
✔ [9364/11251] Built Euler.CylinderPeriodicFlow (8.5s)
✔ [9365/11251] Built NavierStokes.ModulatedExterior (11s)
✔ [9366/11251] Built Euler.GraphVelocityTrace (9.5s)
✔ [9367/11251] Built Euler.CylinderSobolevOperators (15s)
✔ [9368/11251] Built Euler.PacketBaseGuardScales (8.9s)
✔ [9369/11251] Built Euler.H5RealCylinderAlgebra (10s)
✔ [9370/11251] Built NavierStokes.EntranceAlignedBase (13s)
✔ [9371/11251] Built Euler.PacketUniformFrequencyScales (9.9s)
✔ [9372/11251] Built Euler.PacketExponentialTail (8.7s)
✔ [9373/11251] Built Euler.MeanBoundaryOperator (18s)
✔ [9374/11251] Built NavierStokes.BaseChartJets (15s)
✔ [9375/11251] Built Euler.CylinderJetGraphTrace (11s)
✔ [9376/11251] Built Euler.PacketSourceScaleActual (11s)
✔ [9377/11251] Built Euler.PacketRecursionAlgebra (7.5s)
✔ [9378/11251] Built Euler.PacketMovingRay (8.0s)
✔ [9379/11251] Built Euler.GaussianHeatTotal (9.8s)
✔ [9380/11251] Built Euler.MetricRootLimit (8.5s)
✔ [9381/11251] Built Euler.H6PressureConstants (7.0s)
✔ [9382/11251] Built Euler.PacketSlicedAssembly (7.7s)
✔ [9383/11251] Built Euler.PacketFrameCoefficients (10s)
✔ [9384/11251] Built Euler.MeanScalarProductDerivatives (6.6s)
✔ [9385/11251] Built Euler.PacketSlicedResidual (7.9s)
✔ [9386/11251] Built Euler.IntegralPathLimit (7.3s)
✔ [9387/11251] Built Euler.TimeLp (7.2s)
✔ [9388/11251] Built Euler.MeanHarmonicDerivatives (6.7s)
✔ [9389/11251] Built Euler.MeanPressurePotential (11s)
✔ [9390/11251] Built Euler.LpPointwiseMultiplier (9.8s)
✔ [9391/11251] Built Euler.MeanScalarSobolev (8.8s)
✔ [9392/11251] Built Euler.VolterraFixedPoint (10s)
✔ [9393/11251] Built Euler.LpDominatedDerivative (8.3s)
✔ [9394/11251] Built Euler.CylinderSobolevDensity (7.0s)
✔ [9395/11251] Built Euler.LpMultilinearBundling (9.1s)
✔ [9396/11251] Built Euler.PacketLowBoundPropagation (6.8s)
✔ [9397/11251] Built Euler.PacketSourceParameterScales (6.7s)
✔ [9398/11251] Built Euler.PacketFiniteFrequencyBounds (7.1s)
✔ [9399/11251] Built Euler.CurlSupport (5.9s)
✔ [9400/11251] Built Euler.LpTranslation (30s)
✔ [9401/11251] Built Euler.CylinderAnglePrimitive (8.3s)
✔ [9402/11251] Built Euler.CurlMatrixSymmetry (7.5s)
✔ [9403/11251] Built Euler.MeanScaledCutoff (7.5s)
✔ [9404/11251] Built Euler.SobolevCoefficientPressure (13s)
✔ [9405/11251] Built Euler.PacketPiolaAlgebra (10s)
✔ [9406/11251] Built Euler.MeanCurlTensor (10s)
✔ [9407/11251] Built Euler.CylinderSobolevDerivatives (13s)
✔ [9408/11251] Built Euler.PacketSourceScaleFromCosts (8.2s)
✔ [9409/11251] Built Euler.CurlTimeDerivative (14s)
✔ [9410/11251] Built Euler.PacketScaledRay (8.7s)
✔ [9411/11251] Built Euler.WeightedRootLimit (8.7s)
✔ [9412/11251] Built Euler.PacketMovingVelocity (9.6s)
✔ [9413/11251] Built Euler.InjectivePathDerivative (8.5s)
✔ [9414/11251] Built Euler.UnshiftedPressure (11s)
✔ [9415/11251] Built Euler.H6NonlinearProduct (11s)
✔ [9416/11251] Built Euler.GaussianHeatGenerator (12s)
✔ [9417/11251] Built Euler.PacketSourceScaleGuards (14s)
✔ [9418/11251] Built Euler.TimeLpPairing (8.5s)
✔ [9419/11251] Built Euler.QuadraticCauchy (8.7s)
✔ [9420/11251] Built Euler.TimeLpMap (8.7s)
✔ [9421/11251] Built Euler.FamilyNormTime (10s)
✔ [9422/11251] Built Euler.PacketSourceScaleShift (6.5s)
✔ [9423/11251] Built Euler.MeanBoundaryMixed (17s)
✔ [9424/11251] Built Euler.MeanHarmonicCutoffEnergy (8.2s)
✔ [9425/11251] Built NavierStokes.ProfileSpectralCone (16s)
✔ [9426/11251] Built Euler.PacketInitialScaleSummability (8.5s)
✔ [9427/11251] Built Euler.MeanBoundaryPhysicalSupport (7.4s)
✔ [9428/11251] Built Euler.LpCompactTranslation (9.3s)
✔ [9429/11251] Built Euler.MeanVectorIdentities (9.3s)
✔ [9430/11251] Built Euler.PacketPropagationTime (6.5s)
✔ [9431/11251] Built Euler.LpSmoothFamily (14s)
✔ [9432/11251] Built Euler.SobolevTranslationDifferentiation (10s)
✔ [9433/11251] Built Euler.LpFiniteTensorReconstruction (16s)
✔ [9434/11251] Built Euler.PacketTangentInvariant (8.9s)
✔ [9435/11251] Built Euler.PacketPhysicalCoefficients (9.8s)
✔ [9436/11251] Built Euler.PacketVolumeDivergence (12s)
✔ [9437/11251] Built Euler.PacketScaledVelocity (7.4s)
✔ [9438/11251] Built Euler.CompactCurlBounds (11s)
✔ [9439/11251] Built Euler.SobolevPressureResolvent (14s)
✔ [9440/11251] Built Euler.PacketOrientedCoordinates (7.7s)
✔ [9441/11251] Built Euler.InjectivePathDerivativeWithin (5.7s)
✔ [9442/11251] Built Euler.SobolevOperatorCoordinates (14s)
✔ [9443/11251] Built Euler.PressureCommutatorWeights (6.8s)
✔ [9444/11251] Built Euler.CylinderSobolevEmbedding (5.9s)
✔ [9445/11251] Built Euler.WeightedCylinderEnergy (12s)
✔ [9446/11251] Built Euler.CylinderReflection (14s)
✔ [9447/11251] Built Euler.MixedH5Product (7.1s)
✔ [9448/11251] Built Euler.SobolevSmoothing (18s)
✔ [9449/11251] Built Euler.ParentRenewalPrefix (6.5s)
✔ [9450/11251] Built Euler.PacketNestedHorizons (7.1s)
✔ [9451/11251] Built Euler.FiniteQuadraticCauchy (6.1s)
✔ [9452/11251] Built Euler.StrongOperatorDerivative (7.8s)
✔ [9453/11251] Built Euler.TimeLpSubinterval (6.5s)
✔ [9454/11251] Built Euler.TimeLpObservation (6.8s)
✔ [9455/11251] Built Euler.TimeLpLinearity (6.5s)
✔ [9456/11251] Built Euler.TimeLpStrongOperators (7.5s)
✔ [9457/11251] Built Euler.H6TransportSource (11s)
✔ [9458/11251] Built Euler.TimeLpMultiplier (8.6s)
✔ [9459/11251] Built Euler.MeanInteriorCutoffs (8.1s)
✔ [9460/11251] Built Euler.MeanBoundaryReflection (11s)
✔ [9461/11251] Built NavierStokes.AlignedProfileSpectralCone (11s)
✔ [9462/11251] Built Euler.LpSmoothFamilyJets (9.6s)
✔ [9463/11251] Built Euler.PacketMatrixContinuity (8.7s)
✔ [9464/11251] Built Euler.MeanBoundaryTranslation (13s)
✔ [9465/11251] Built Euler.LpSpatialCutoff (10s)
✔ [9466/11251] Built Euler.TensorCoordinateEnergyBound (9.8s)
✔ [9467/11251] Built Euler.PacketPhysicalSize (8.9s)
✔ [9468/11251] Built Euler.CurlTransportAlgebra (11s)
✔ [9469/11251] Built Euler.PacketInitialGeometry (7.3s)
✔ [9470/11251] Built Euler.PacketShearMotion (10s)
✔ [9471/11251] Built Euler.SobolevRestriction (10s)
✔ [9472/11251] Built Euler.PacketScaledVelocitySystem (8.0s)
✔ [9473/11251] Built Euler.MeanCurlIntegration (15s)
✔ [9474/11251] Built Euler.WeightedForcingAlgebra (6.6s)
✔ [9475/11251] Built Euler.MetricPathConvergence (7.8s)
✔ [9476/11251] Built Euler.ParentHistoryFrequencyGuard (7.1s)
✔ [9477/11251] Built Euler.SobolevPointEvaluation (8.9s)
✔ [9478/11251] Built Euler.MixedWordProduct (7.6s)
✔ [9479/11251] Built Euler.GradientReflection (8.1s)
✔ [9480/11251] Built Euler.SobolevL2Product (13s)
✔ [9481/11251] Built Euler.H6NonlinearPressure (7.6s)
✔ [9482/11251] Built Euler.TimeForcingRepresentative (7.2s)
✔ [9483/11251] Built Euler.SobolevPressureTime (14s)
✔ [9484/11251] Built Euler.TimeFamily (8.2s)
✔ [9485/11251] Built Euler.TransverseVariationalOperator (9.2s)
✔ [9486/11251] Built Euler.SobolevHeat (9.9s)
✔ [9487/11251] Built Euler.CylinderHeatEquation (9.6s)
✔ [9488/11251] Built Euler.TerminalTimePrimitive (11s)
✔ [9489/11251] Built Euler.TimePathApply (6.9s)
✔ [9490/11251] Built Euler.MeanHarmonicInteriorEnergy (7.4s)
✔ [9491/11251] Built Euler.SobolevInterpolation (6.9s)
✔ [9492/11251] Built Euler.PacketPhysicalFrameRenewal (8.3s)
✔ [9493/11251] Built Euler.PacketPhysicalCompression (8.7s)
✔ [9494/11251] Built Euler.PacketWithinStage (8.2s)
✔ [9495/11251] Built Euler.SobolevPointMultiplication (6.0s)
✔ [9496/11251] Built Euler.WeightedForcingTime (7.4s)
✔ [9497/11251] Built Euler.MeanHarmonicDecomposition (8.7s)
✔ [9498/11251] Built NavierStokes.FinalSlowBase (11s)
✔ [9499/11251] Built Euler.DivCurlRecovery (11s)
✔ [9500/11251] Built Euler.LpSmoothApproximation (11s)
✔ [9501/11251] Built Euler.MeanBoundaryDifference (12s)
✔ [9502/11251] Built Euler.SobolevJointEvaluation (9.4s)
✔ [9503/11251] Built Euler.BaseTransportCommutator (8.4s)
✔ [9504/11251] Built Euler.HilbertCoerciveTransport (7.0s)
✔ [9505/11251] Built Euler.SobolevReflection (11s)
✔ [9506/11251] Built Euler.HilbertCoerciveParameter (7.7s)
✔ [9507/11251] Built Euler.TransverseFrameCoordinates (9.1s)
✔ [9508/11251] Built Euler.ScalarEulerVorticity (18s)
✔ [9509/11251] Built Euler.AngleMeanZeroPrimitive (7.8s)
✔ [9510/11251] Built Euler.MeanVariationalOperator (11s)
✔ [9511/11251] Built Euler.TimeH1PointwiseBounds (7.6s)
✔ [9512/11251] Built Euler.InitialTimePrimitive (9.2s)
✔ [9513/11251] Built Euler.CylinderHeatLaplacian (9.6s)
✔ [9514/11251] Built Euler.SobolevHeatKernel (10s)
✔ [9515/11251] Built Euler.SobolevWordBlocks (11s)
✔ [9516/11251] Built Euler.TimeLpBoundedMap (10s)
✔ [9517/11251] Built Euler.TransverseGramInverse (14s)
✔ [9518/11251] Built Euler.TimeWeakDerivative (10s)
✔ [9519/11251] Built Euler.PacketPhysicalNormBounds (7.2s)
✔ [9520/11251] Built Euler.TimeH1OperatorProduct (11s)
✔ [9521/11251] Built Euler.PacketWithinRay (7.6s)
✔ [9522/11251] Built Euler.PacketActualFrameEstimates (8.4s)
✔ [9523/11251] Built Euler.MeanHarmonicH2 (11s)
✔ [9524/11251] Built NavierStokes.BaseRankPatch (8.1s)
✔ [9525/11251] Built Euler.SobolevProductJet (23s)
✔ [9526/11251] Built NavierStokes.GlobalBaseError (6.9s)
✔ [9527/11251] Built Euler.SobolevSmoothApproximation (19s)
✔ [9528/11251] Built Euler.PacketNeighborStability (10s)
✔ [9529/11251] Built NavierStokes.SupportedParameterExtension (9.0s)
✔ [9530/11251] Built NavierStokes.SlowBaseEndpoint (10s)
✔ [9531/11251] Built Euler.SobolevPathInterpolation (15s)
✔ [9532/11251] Built Euler.CompactSpatialJets (8.2s)
✔ [9533/11251] Built NavierStokes.PrimaryGeometryAssembly (10s)
✔ [9534/11251] Built Euler.ExternalScalarCommutator (8.1s)
✔ [9535/11251] Built Euler.PeriodicDerivativeMean (6.4s)
✔ [9536/11251] Built Euler.AnglePrimitiveSpatialRegularity (7.2s)
✔ [9537/11251] Built NavierStokes.BaseRadialJets (16s)
✔ [9538/11251] Built Euler.AnglePrimitiveBounds (7.1s)
✔ [9539/11251] Built Euler.MeanCutoffDifferenceBound (9.3s)
✔ [9540/11251] Built Euler.AnglePrimitiveMap (6.8s)
✔ [9541/11251] Built Euler.AnglePrimitiveTranslation (6.1s)
✔ [9542/11251] Built Euler.OrdinarySobolevL4 (11s)
✔ [9543/11251] Built Euler.TimeH1ContinuousDerivative (7.3s)
✔ [9544/11251] Built Euler.TerminalLayerRamp (7.2s)
✔ [9545/11251] Built Euler.ReversedVorticityTransport (13s)
✔ [9546/11251] Built Euler.TimeLpStrongContinuity (6.4s)
✔ [9547/11251] Built Euler.VolterraUniqueness (7.8s)
✔ [9548/11251] Built Euler.SobolevWordBlockCoordinates (7.5s)
✔ [9549/11251] Built Euler.TransverseVariationalInverse (16s)
✔ [9550/11251] Built Euler.TimeWeakBoundary (7.4s)
✔ [9551/11251] Built Euler.SobolevHeatVolterra (10s)
✔ [9552/11251] Built Euler.PacketPotentialNormalMap (10s)
✔ [9553/11251] Built Euler.TimeH1WeakPairing (7.4s)
✔ [9554/11251] Built Euler.SobolevHeatGenerator (11s)
✔ [9555/11251] Built Euler.PacketTangentNorm (6.8s)
✔ [9556/11251] Built Euler.GramNaturality (12s)
✔ [9557/11251] Built Euler.PacketPiola (12s)
✔ [9558/11251] Built Euler.PacketTargetAmplification (8.4s)
✔ [9559/11251] Built Euler.LpSmoothField (24s)
✔ [9560/11251] Built Euler.HilbertCoerciveGevrey (25s)
✔ [9561/11251] Built Euler.ContinuousTimeIntegral (10s)
✔ [9562/11251] Built Euler.MeanHarmonicInterior (7.6s)
✔ [9563/11251] Built Euler.TimeH1FieldProduct (10s)
✔ [9564/11251] Built Euler.LinearDuhamel (13s)
✔ [9565/11251] Built Euler.PacketVelocityPropagator (10s)
✔ [9566/11251] Built Euler.PacketPhysicalStage (14s)
✔ [9567/11251] Built Euler.TimeLpCoefficientMap (17s)
✔ [9568/11251] Built Euler.PacketPhysicalSign (14s)
✔ [9569/11251] Built NavierStokes.TailGaugePotential (10s)
✔ [9570/11251] Built Euler.TransverseGramPath (19s)
✔ [9571/11251] Built Euler.PacketNeighborControlled (12s)
✔ [9572/11251] Built Euler.PacketKnownGrade (7.9s)
✔ [9573/11251] Built Euler.ExternalTransportCommutator (9.0s)
✔ [9574/11251] Built Euler.SobolevSmoothProduct (16s)
✔ [9575/11251] Built Euler.MeanCoefficientTime (24s)
✔ [9576/11251] Built Euler.PacketAngularPotential (7.2s)
✔ [9577/11251] Built Euler.AnglePrimitiveParity (7.1s)
✔ [9578/11251] Built Euler.ComparatorUniformSpatialJets (13s)
✔ [9579/11251] Built NavierStokes.AllBandBaseJets (9.1s)
✔ [9580/11251] Built Euler.TimeIntervalGlue (7.1s)
✔ [9581/11251] Built Euler.AnglePrimitiveKernel (7.7s)
✔ [9582/11251] Built Euler.MeanVariationalInverse (40s)
✔ [9583/11251] Built Euler.MeanCutoffTaylor (12s)
✔ [9584/11251] Built Euler.SobolevCauchyInterpolation (22s)
✔ [9585/11251] Built Euler.MeanTimeTranslation (12s)
✔ [9586/11251] Built Euler.PacketNormalTimeMap (10s)
✔ [9587/11251] Built Euler.PacketLiftedCurl (9.4s)
✔ [9588/11251] Built Euler.QuadraticSource (11s)
✔ [9589/11251] Built NavierStokes.PrimaryTargetBounds (24s)
✔ [9590/11251] Built Euler.ViscosityDefect (10s)
✔ [9591/11251] Built Euler.SobolevTopBlocks (14s)
✔ [9592/11251] Built Euler.TerminalProjectionTrial (18s)
✔ [9593/11251] Built Euler.TransverseMomentumRegularity (13s)
✔ [9594/11251] Built Euler.TransverseEndpointEnergy (15s)
✔ [9595/11251] Built Euler.DivergenceFreeHeat (13s)
✔ [9596/11251] Built Euler.PacketSizeComparison (34s)
✔ [9597/11251] Built Euler.DuhamelDifferentiation (12s)
✔ [9598/11251] Built Euler.DivCurlTensorRecovery (10s)
✔ [9599/11251] Built Euler.WholeSpaceGaussian (8.4s)
✔ [9600/11251] Built Euler.BoundedInverseGevrey (7.8s)
✔ [9601/11251] Built Euler.TimeContinuousPrimitive (6.8s)
✔ [9602/11251] Built Euler.IntervalPathConcatenation (7.5s)
✔ [9603/11251] Built Euler.DevelopmentBridge (12s)
✔ [9604/11251] Built Euler.SeparatingTimeDerivative (6.0s)
✔ [9605/11251] Built Euler.BoundedPathFamily (7.5s)
✔ [9606/11251] Built Euler.MeanHarmonicSmallBall (6.9s)
✔ [9607/11251] Built Euler.BoundedFieldTimeDerivative (7.2s)
✔ [9608/11251] Built Euler.ContinuousTimeWeight (7.3s)
✔ [9609/11251] Built Euler.ProjectedEulerPairing (17s)
✔ [9610/11251] Built Euler.OperatorGevreyCalculus (10s)
✔ [9611/11251] Built Euler.LpSmoothFieldJets (13s)
✔ [9612/11251] Built Euler.LinearDuhamelNaturality (7.3s)
✔ [9613/11251] Built Euler.LinearFundamentalExistence (7.5s)
✔ [9614/11251] Built Euler.LinearDuhamelOperator (9.8s)
✔ [9615/11251] Built Euler.PacketProfileRecursion (6.5s)
✔ [9616/11251] Built Euler.InitialH1OperatorProduct (13s)
✔ [9617/11251] Built Euler.PacketControlledPropagator (7.4s)
✔ [9618/11251] Built NavierStokes.AnnularEndpoint (9.4s)
✔ [9619/11251] Built Euler.LowerTransportSource (7.4s)
✔ [9620/11251] Built Euler.HeatAllOrders (7.3s)
✔ [9621/11251] Built Euler.TransverseInitialCoordinates (10s)
✔ [9622/11251] Built Euler.FinitePathTensor (19s)
✔ [9623/11251] Built NavierStokes.PhysicalStageBounds (12s)
✔ [9624/11251] Built Euler.PacketPotentialParity (6.0s)
✔ [9625/11251] Built Euler.PacketPhysicalNeighbor (13s)
✔ [9626/11251] Built Euler.FrozenEvolutionGevrey (24s)
✔ [9627/11251] Built Euler.TransverseStrongAlgebra (16s)
✔ [9628/11251] Built Euler.SobolevProductApproximation (13s)
✔ [9629/11251] Built Euler.CylinderAngleRepresentative (10s)
✔ [9630/11251] Built Euler.MeanCoefficientFrame (12s)
✔ [9631/11251] Built Euler.MeanOrdinaryLift (11s)
✔ [9632/11251] Built Euler.QuadraticCoefficients (10s)
✔ [9633/11251] Built Euler.MeanCoefficientSpatial (15s)
✔ [9634/11251] Built Euler.OrdinaryMollifier (15s)
✔ [9635/11251] Built Euler.DeformationTimeInverse (15s)
✔ [9636/11251] Built NavierStokes.BaseContextAssembly (14s)
✔ [9637/11251] Built Euler.SobolevWordConstraints (10s)
✔ [9638/11251] Built Euler.TopBlockTimeNorm (14s)
✔ [9639/11251] Built Euler.PacketLiftedPiola (18s)
✔ [9640/11251] Built Euler.TransverseEndpointUniqueness (10s)
✔ [9641/11251] Built Euler.PacketBeforeTargetSize (8.7s)
✔ [9642/11251] Built Euler.MeanBoundaryDerivative (22s)
✔ [9643/11251] Built Euler.TransverseCoordinateRegularity (18s)
✔ [9644/11251] Built Euler.WholeSpaceGaussianKernel (10s)
✔ [9645/11251] Built Euler.MovingNormalProjection (16s)
✔ [9646/11251] Built Euler.DuhamelEquation (12s)
✔ [9647/11251] Built Euler.MeanHarmonicScaling (8.3s)
✔ [9648/11251] Built Euler.MeanLocalL2Energy (9.7s)
✔ [9649/11251] Built Euler.TransverseEndpointMomentum (17s)
✔ [9650/11251] Built NavierStokes.PrimaryCopyBounds (22s)
✔ [9651/11251] Built Euler.TimeEndpointEnergyUniqueness (11s)
✔ [9652/11251] Built Euler.GevreyFixedShift (6.5s)
✔ [9653/11251] Built Euler.ParameterWordGevrey (6.6s)
✔ [9654/11251] Built Euler.MeanScalarMollification (14s)
✔ [9655/11251] Built Euler.ShortTimeLinearGrowth (7.2s)
✔ [9656/11251] Built Euler.TimeLpCoefficientGevrey (13s)
✔ [9657/11251] Built Euler.MeanDisplacementRegularity (35s)
✔ [9658/11251] Built Euler.LinearFundamentalPath (8.2s)
✔ [9659/11251] Built Euler.ContinuousPathCalculus (13s)
✔ [9660/11251] Built Euler.PacketRecursiveForcing (8.6s)
✔ [9661/11251] Built Euler.MeanFormGevrey (13s)
✔ [9662/11251] Built Euler.LinearDuhamelWeighted (10s)
✔ [9663/11251] Built NavierStokes.WaveDataReindex (8.2s)
✔ [9664/11251] Built Euler.SmoothInequalityTransfer (10s)
✔ [9665/11251] Built NavierStokes.ActualBaseVelocityBounds (13s)
✔ [9666/11251] Built NavierStokes.ActualIterationLedger (11s)
✔ [9667/11251] Built Euler.UnshiftedProducts (13s)
✔ [9668/11251] Built Euler.MeanForcingTranslation (21s)
✔ [9669/11251] Built Euler.FinitePathTensorIntegral (13s)
✔ [9670/11251] Built Euler.TransverseNormalResidual (11s)
✔ [9671/11251] Built Euler.PacketPhysicalPropagator (17s)
✔ [9672/11251] Built Euler.LpSupportedEvolution (29s)
✔ [9673/11251] Built Euler.PacketCofactorOperator (26s)
✔ [9674/11251] Built NavierStokes.OffplaneCorrectionExtensions (17s)
✔ [9675/11251] Built Euler.LpSmoothFieldAlgebra (25s)
✔ [9676/11251] Built Euler.QuadraticSourceLimit (7.3s)
✔ [9677/11251] Built Euler.MeanSmoothRepresentative (10s)
✔ [9678/11251] Built Euler.TopBlockCauchy (9.1s)
✔ [9679/11251] Built NavierStokes.BaseStressClasses (10s)
✔ [9680/11251] Built NavierStokes.PhysicalResidualJetBounds (26s)
✔ [9681/11251] Built Euler.QuadraticHeatLocal (12s)
✔ [9682/11251] Built Euler.WholeSpaceGaussianScale (7.7s)
✔ [9683/11251] Built Euler.PacketHorizonSize (10s)
✔ [9684/11251] Built Euler.SobolevProduct (16s)
✔ [9685/11251] Built Euler.ContinuousBoundedTensor (28s)
✔ [9686/11251] Built Euler.WholeSpaceGaussianTimeKernel (8.1s)
✔ [9687/11251] Built Euler.WholeSpaceGaussianIntegration (11s)
✔ [9688/11251] Built Euler.PacketPhysicalFamily (14s)
✔ [9689/11251] Built Euler.LpOperatorFieldPath (45s)
✔ [9690/11251] Built Euler.PacketPiolaPair (16s)
✔ [9691/11251] Built Euler.MeanLocalizedQuadraticBound (8.1s)
✔ [9692/11251] Built Euler.BoundedCoefficientSmooth (20s)
✔ [9693/11251] Built Euler.TransverseStrongEquation (17s)
✔ [9694/11251] Built Euler.ParameterWordCalculus (8.2s)
✔ [9695/11251] Built Euler.MeanMollifierLimit (8.4s)
✔ [9696/11251] Built Euler.TransverseEndpointGreen (13s)
✔ [9697/11251] Built Euler.FrameEndpointUniqueness (12s)
✔ [9698/11251] Built NavierStokes.WaveEdgeExtension (14s)
✔ [9699/11251] Built Euler.TransverseActivationTrial (16s)
✔ [9700/11251] Built Euler.MeanBoundaryFrechet (24s)
✔ [9701/11251] Built Euler.LinearEvolutionDeterminant (9.3s)
✔ [9702/11251] Built Euler.MildEquationBridge (20s)
✔ [9703/11251] Built Euler.TimeH1Reconstruction (13s)
✔ [9704/11251] Built NavierStokes.ActualSignedControl (19s)
✔ [9705/11251] Built Euler.MeanOperatorTranslation (16s)
✔ [9706/11251] Built Euler.PacketRecursiveCancellation (8.4s)
✔ [9707/11251] Built Euler.LinearDuhamelParameter (11s)
✔ [9708/11251] Built Euler.TimeLpGramInverse (14s)
✔ [9709/11251] Built Euler.LinearDuhamelSymmetry (7.8s)
✔ [9710/11251] Built Euler.LinearDuhamelWeightedNaturality (8.5s)
✔ [9711/11251] Built Euler.NonlinearPressureLower (7.7s)
✔ [9712/11251] Built Euler.MeanFrameCoefficients (16s)
✔ [9713/11251] Built Euler.MeanMomentumRegularity (19s)
✔ [9714/11251] Built NavierStokes.MixedDiagonalExtensions (6.3s)
✔ [9715/11251] Built Euler.SmoothPathTimeJets (12s)
✔ [9716/11251] Built Euler.MeanClassicalConstraints (7.8s)
✔ [9717/11251] Built Euler.LpSupportedConstructedEvolution (11s)
✔ [9718/11251] Built Euler.OrdinaryL2Integration (9.4s)
✔ [9719/11251] Built Euler.TransverseForwardInverse (14s)
✔ [9720/11251] Built Euler.QuadraticHeatConstraint (9.1s)
✔ [9721/11251] Built NavierStokes.CommonBaseContext (9.7s)
✔ [9722/11251] Built Euler.PacketAmplitudeBounds (8.8s)
✔ [9723/11251] Built Euler.SobolevGevreyProduct (9.6s)
✔ [9724/11251] Built NavierStokes.DirectAngularDiagonal (13s)
✔ [9725/11251] Built Euler.UniformHeatLocal (12s)
✔ [9726/11251] Built Euler.WholeSpaceGaussianLow (7.5s)
✔ [9727/11251] Built Euler.WholeSpaceGaussianEvolution (9.5s)
✔ [9728/11251] Built Euler.PacketCofactorGevrey (17s)
✔ [9729/11251] Built Euler.MeanOrbitSobolev (16s)
✔ [9730/11251] Built Euler.ContinuousPathComposition (26s)
✔ [9731/11251] Built Euler.PacketPotentialRegularity (10s)
✔ [9732/11251] Built Euler.ParameterWordLocal (6.9s)
✔ [9733/11251] Built Euler.PacketEarlyPhysical (11s)
✔ [9734/11251] Built Euler.ParameterWordHigher (6.4s)
✔ [9735/11251] Built Euler.PacketTimePathGluing (10s)
✔ [9736/11251] Built Euler.LpSmoothJetField (22s)
✔ [9737/11251] Built Euler.TransverseSourceFrame (12s)
✔ [9738/11251] Built Euler.ParameterWordProduct (8.9s)
✔ [9739/11251] Built Euler.MeanHarmonicComponents (8.3s)
✔ [9740/11251] Built Euler.MeanL2Scaling (8.6s)
✔ [9741/11251] Built Euler.BoundedCoefficientJets (15s)
✔ [9742/11251] Built Euler.MeanMollificationHarmonic (10s)
✔ [9743/11251] Built Euler.SobolevTransport (21s)
✔ [9744/11251] Built Euler.TransverseStrongEstimates (16s)
✔ [9745/11251] Built Euler.TimeH1ReconstructionNaturality (9.2s)
✔ [9746/11251] Built Euler.PacketResidualTailDecomposition (8.2s)
✔ [9747/11251] Built Euler.PacketRecursiveBase (8.4s)
✔ [9748/11251] Built NavierStokes.ValidDyadicBandCover (7.9s)
✔ [9749/11251] Built Euler.TransverseEndpointVelocity (14s)
✔ [9750/11251] Built Euler.TimeLpGramGevrey (12s)
✔ [9751/11251] Built Euler.GainedMildFormula (17s)
✔ [9752/11251] Built Euler.SmoothPathJoint (13s)
✔ [9753/11251] Built Euler.LinearDuhamelGevrey (17s)
✔ [9754/11251] Built Euler.MeanCoefficientPath (31s)
✔ [9755/11251] Built Euler.MeanBoundaryIterated (22s)
✔ [9756/11251] Built Euler.SobolevGevreyOperators (12s)
✔ [9757/11251] Built Euler.MildWordEquation (23s)
✔ [9758/11251] Built NavierStokes.ActualCorrectionModels (16s)
✔ [9759/11251] Built Euler.TimePathGluing (7.0s)
✔ [9760/11251] Built NavierStokes.MixedPeriodicAssembly (13s)
✔ [9761/11251] Built NavierStokes.MixedAxisPreservation (13s)
✔ [9762/11251] Built Euler.MeanSpatialEvaluation (9.6s)
✔ [9763/11251] Built Euler.PacketGeometryData (15s)
✔ [9764/11251] Built NavierStokes.ActualSignedGeometry (21s)
✔ [9765/11251] Built Euler.MeanMomentumBoundary (24s)
✔ [9766/11251] Built Euler.PacketPeriodicPotential (8.1s)
✔ [9767/11251] Built Euler.ParameterWordInverse (7.3s)
✔ [9768/11251] Built Euler.MeanWeakHarmonicInterior (6.5s)
✔ [9769/11251] Built Euler.ParameterSobolevBlocks (8.0s)
✔ [9770/11251] Built Euler.ContinuousAccelerationForcing (11s)
✔ [9771/11251] Built Euler.LiftedTransportComponents (7.2s)
✔ [9772/11251] Built Euler.PhysicalL2Scaling (9.3s)
✔ [9773/11251] Built NavierStokes.ActualBaseResidual (26s)
✔ [9774/11251] Built Euler.PacketRecursiveResidual (7.6s)
✔ [9775/11251] Built Euler.ContinuousGramAcceleration (12s)
✔ [9776/11251] Built Euler.MeanTimeReflection (10s)
✔ [9777/11251] Built Euler.MeanTimeContinuousTranslation (11s)
✔ [9778/11251] Built Euler.MeanConcreteTranslation (7.6s)
✔ [9779/11251] Built Euler.ContinuousGramPath (14s)
✔ [9780/11251] Built Euler.LinearDuhamelFrozenOperator (10s)
✔ [9781/11251] Built Euler.ContinuousSpatialFamily (24s)
✔ [9782/11251] Built Euler.TransverseEndpointDifferentiation (12s)
✔ [9783/11251] Built Euler.TimeH1FrameTransport (15s)
✔ [9784/11251] Built Euler.TransverseActivationSelection (15s)
✔ [9785/11251] Built Euler.LpSupportedTranslation (11s)
✔ [9786/11251] Built Euler.TimeLpAccelerationForcing (14s)
✔ [9787/11251] Built Euler.GevreyMetricComparison (7.7s)
✔ [9788/11251] Built Euler.SobolevWordLevel (8.0s)
✔ [9789/11251] Built NavierStokes.LocalAngularDiagonal (7.3s)
✔ [9790/11251] Built NavierStokes.CandidateConsequences (9.3s)
✔ [9791/11251] Built NavierStokes.MixedDiagonalResidual (9.6s)
✔ [9792/11251] Built Euler.MeanSpatialDerivative (9.1s)
✔ [9793/11251] Built Euler.PacketActivationScales (7.5s)
✔ [9794/11251] Built Euler.HeatRestart (17s)
✔ [9795/11251] Built NavierStokes.SignedRequestContinuation (15s)
✔ [9796/11251] Built Euler.PacketGeometryGuards (10s)
✔ [9797/11251] Built Euler.MeanSpatialTimeDerivative (14s)
✔ [9798/11251] Built Euler.MeanSobolevBoundedField (16s)
✔ [9799/11251] Built Euler.MeanBoundaryGevrey (24s)
✔ [9800/11251] Built Euler.CorrectionOperators (38s)
✔ [9801/11251] Built Euler.MildTopWord (24s)
✔ [9802/11251] Built Euler.SmoothCoefficientPath (27s)
✔ [9803/11251] Built Euler.PacketConstructedPiola (9.0s)
✔ [9804/11251] Built Euler.ParameterSobolevLocal (7.5s)
✔ [9805/11251] Built Euler.IsometricActionWords (8.6s)
✔ [9806/11251] Built Euler.MeanWeakHarmonicScaling (9.5s)
✔ [9807/11251] Built Euler.ParameterSobolevPair (7.7s)
✔ [9808/11251] Built Euler.ParameterSobolevLinear (6.5s)
✔ [9809/11251] Built NavierStokes.NativeBandExtension (18s)
✔ [9810/11251] Built Euler.ParameterSobolevCoefficient (7.1s)
✔ [9811/11251] Built Euler.FunctionalVelocity (6.0s)
✔ [9812/11251] Built Euler.ParameterSobolevCommutator (9.2s)
✔ [9813/11251] Built Euler.ParameterSobolevInverse (8.9s)
✔ [9814/11251] Built Euler.MeanPathSpatialRepresentative (8.0s)
✔ [9815/11251] Built NavierStokes.ScaledActualParticularControl (21s)
✔ [9816/11251] Built Euler.SobolevMetricTransport (10s)
✔ [9817/11251] Built Euler.TransverseForwardRegularity (11s)
✔ [9818/11251] Built NavierStokes.MixedCandidateAssembly (7.8s)
✔ [9819/11251] Built NavierStokes.ActualSignedPhysicalData (29s)
✔ [9820/11251] Built Euler.TransverseEndpointEquation (14s)
✔ [9821/11251] Built Euler.LpCylinderTranslation (11s)
✔ [9822/11251] Built NavierStokes.TemporalStateCoherence (78s)
✔ [9823/11251] Built Euler.ContinuousGramGevrey (18s)
✔ [9824/11251] Built Euler.HeatRegularizedPaths (10s)
✔ [9825/11251] Built Euler.PacketGeometryAssembly (11s)
✔ [9826/11251] Built NavierStokes.SupportedActualContext (10s)
✔ [9827/11251] Built Euler.MeanFixedFrameTransport (19s)
✔ [9828/11251] Built Euler.TransverseFixedSpaceInverse (19s)
✔ [9829/11251] Built Euler.MeanStrongEquation (34s)
✔ [9830/11251] Built Euler.ContinuousForcingTranslation (22s)
✔ [9831/11251] Built Euler.GevreyOrderZero (10s)
✔ [9832/11251] Built Euler.DuhamelPasting (16s)
✔ [9833/11251] Built Euler.MeanPathLpBlocks (8.0s)
✔ [9834/11251] Built Euler.MeanScaledBoundaryGevrey (16s)
✔ [9835/11251] Built Euler.MeanBoundaryLocalization (9.4s)
✔ [9836/11251] Built Euler.MeanClassicalWordBounds (10s)
✔ [9837/11251] Built Euler.SmoothPathSuperposition (12s)
✔ [9838/11251] Built Euler.CompactSolenoidalDensity (11s)
✔ [9839/11251] Built Euler.ParameterWordRestriction (7.4s)
✔ [9840/11251] Built Euler.ParameterSobolevProductGevrey (8.9s)
✔ [9841/11251] Built Euler.ParameterNestedWordSum (8.2s)
✔ [9842/11251] Built NavierStokes.FlatDyadicExtension (12s)
✔ [9843/11251] Built Euler.LinearDuhamelFrozenGevrey (14s)
✔ [9844/11251] Built Euler.ParameterSobolevGevrey (11s)
✔ [9845/11251] Built Euler.SobolevTransportCompatibility (11s)
✔ [9846/11251] Built NavierStokes.ScaledParticularFrameJets (14s)
✔ [9847/11251] Built Euler.MeanCoefficientPathJets (26s)
✔ [9848/11251] Built Euler.SobolevViscousEnergy (13s)
✔ [9849/11251] Built NavierStokes.MixedCandidateWitness (8.7s)
✔ [9850/11251] Built Euler.SobolevParityOperators (29s)
✔ [9851/11251] Built Euler.MeanPathTimeDerivative (18s)
✔ [9852/11251] Built Euler.TransportL2Time (15s)
✔ [9853/11251] Built NavierStokes.MixedFiniteBackground (8.9s)
✔ [9854/11251] Built NavierStokes.ActualGaussianCoverage (19s)
✔ [9855/11251] Built NavierStokes.CurrentPhysicalChartJets (11s)
✔ [9856/11251] Built Euler.CylinderPathIntegral (8.2s)
✔ [9857/11251] Built NavierStokes.DependentSignedPhysicalFamily (10s)
✔ [9858/11251] Built Euler.CylinderTranslationAdjoint (8.2s)
✔ [9859/11251] Built Euler.CylinderSpatialEmbedding (8.0s)
✔ [9860/11251] Built Euler.SobolevLaplacian (21s)
✔ [9861/11251] Built Euler.CylinderConstantMap (11s)
✔ [9862/11251] Built Euler.ContinuousAccelerationGevrey (10s)
✔ [9863/11251] Built Euler.CylinderCompactTranslation (15s)
✔ [9864/11251] Built Euler.CorrectionTime (44s)
✔ [9865/11251] Built NavierStokes.RankStateCoherence (15s)
✔ [9866/11251] Built Euler.SobolevDriftNorm (34s)
✔ [9867/11251] Built Euler.PacketTimeWordGluing (40s)
✔ [9868/11251] Built NavierStokes.MeanStageContinuation (13s)
✔ [9869/11251] Built Euler.ContinuousForcingTimeLp (6.8s)
✔ [9870/11251] Built Euler.MeanStrongInverse (7.9s)
✔ [9871/11251] Built Euler.TransverseFixedStrong (12s)
✔ [9872/11251] Built Euler.TransverseFixedEndpoint (16s)
✔ [9873/11251] Built Euler.BoundedFieldCalculus (116s)
✔ [9874/11251] Built Euler.FixedFrameNaturality (17s)
✔ [9875/11251] Built Euler.MeanBoundaryCoercivity (8.4s)
✔ [9876/11251] Built Euler.GainedMildPasting (10s)
✔ [9877/11251] Built Euler.MeanOrbitSmoothL2Field (8.9s)
✔ [9878/11251] Built Euler.TimeH1SobolevReconstruction (6.8s)
✔ [9879/11251] Built Euler.ParameterSobolevProductAt (6.2s)
✔ [9880/11251] Built Euler.PacketParentLabelBounds (10s)
✔ [9881/11251] Built Euler.ParameterSobolevOperations (7.5s)
✔ [9882/11251] Built Euler.ParameterSobolevTensorInverse (7.3s)
✔ [9883/11251] Built Euler.ParameterSobolevGevreyAt (8.3s)
✔ [9884/11251] Built Euler.SmoothTimeField (11s)
✔ [9885/11251] Built Euler.CoefficientPathOrbit (9.2s)
✔ [9886/11251] Built Euler.TransverseParameterRegularity (26s)
✔ [9887/11251] Built Euler.SobolevL2Stability (9.8s)
✔ [9888/11251] Built Euler.SmoothCoefficientTimeRestriction (9.9s)
✔ [9889/11251] Built Euler.AsymmetricTransport (20s)
✔ [9890/11251] Built Euler.SmoothCoefficientPathMap (8.0s)
✔ [9891/11251] Built NavierStokes.GermCandidateAssembly (7.8s)
✔ [9892/11251] Built NavierStokes.InitializedPhysicalBackground (7.0s)
✔ [9893/11251] Built NavierStokes.NativeCutoffJets (6.6s)
✔ [9894/11251] Built Euler.MeanFixedSpaceInverse (34s)
✔ [9895/11251] Built Euler.SobolevEnergyPaths (11s)
✔ [9896/11251] Built Euler.LpCylinderPaths (41s)
✔ [9897/11251] Built Euler.MeanCylinderSolenoidal (8.3s)
✔ [9898/11251] Built Euler.WeightedSobolevEnergy (11s)
✔ [9899/11251] Built Euler.TransverseForwardCoefficientGevrey (43s)
✔ [9900/11251] Built Euler.SquaredMetricStability (14s)
✔ [9901/11251] Built Euler.CylinderGradientEmbedding (9.5s)
✔ [9902/11251] Built NavierStokes.LabelSupportPreservation (11s)
✔ [9903/11251] Built Euler.SobolevTimeRegularization (43s)
✔ [9904/11251] Built Euler.TransverseSourceCoefficientPath (19s)
✔ [9905/11251] Built Euler.PacketTerminalDatum (6.0s)
✔ [9906/11251] Built Euler.CylinderConstantMapBounds (8.1s)
✔ [9907/11251] Built Euler.PacketShiftedTimeGluing (6.9s)
✔ [9908/11251] Built Euler.HeatGradientEnergy (14s)
✔ [9909/11251] Built Euler.SobolevHeatDerivativeCommutation (12s)
✔ [9910/11251] Built Euler.PacketMatchingFamily (9.1s)
✔ [9911/11251] Built Euler.EulerCorrectionLocal (10s)
✔ [9912/11251] Built Euler.CylinderScalarPrimitive (11s)
✔ [9913/11251] Built Euler.CylinderCompactBounds (11s)
✔ [9914/11251] Built Euler.BoundedFieldMultilinear (8.9s)
✔ [9915/11251] Built Euler.ParameterSobolevScaling (6.2s)
✔ [9916/11251] Built Euler.WindowSource (7.5s)
✔ [9917/11251] Built Euler.ParameterSobolevAcceleration (7.1s)
✔ [9918/11251] Built Euler.OrdinaryPressureCancellation (9.3s)
✔ [9919/11251] Built Euler.LpOperatorFieldAlgebra (13s)
✔ [9920/11251] Built Euler.ParameterSobolevCostMonotone (7.6s)
✔ [9921/11251] Built Euler.TransverseFixedEvolution (16s)
✔ [9922/11251] Built Euler.TimeLpGramSobolev (9.5s)
✔ [9923/11251] Built Euler.TruncationFamily (8.7s)
✔ [9924/11251] Built Euler.MeanSourceVariationalInverse (14s)
✔ [9925/11251] Built Euler.SmoothTimeFieldOrdinary (6.4s)
✔ [9926/11251] Built Euler.MeanVelocityPressure (18s)
✔ [9927/11251] Built Euler.BoundedFieldPullback (8.5s)
✔ [9928/11251] Built Euler.SmoothTimeFieldDerivativeBounds (11s)
✔ [9929/11251] Built Euler.SmoothTimeSuperposition (10s)
✔ [9930/11251] Built Euler.SmoothTimeFieldFromPaths (11s)
✔ [9931/11251] Built Euler.CompactSmoothTimeField (14s)
✔ [9932/11251] Built Euler.SmoothL2CoefficientPath (8.2s)
✔ [9933/11251] Built Euler.BoundedTensorCoordinates (18s)
✔ [9934/11251] Built Euler.LinearDuhamelSobolevGevrey (13s)
✔ [9935/11251] Built Euler.LpCylinderOrbit (10s)
✔ [9936/11251] Built Euler.MeanOperatorReflection (11s)
✔ [9937/11251] Built Euler.PDEEnergyLimit (9.2s)
✔ [9938/11251] Built NavierStokes.ScalarParticularSupport (7.0s)
✔ [9939/11251] Built Euler.TransverseEndpointParameter (19s)
✔ [9940/11251] Built Euler.WeightedSobolevMajorant (12s)
✔ [9941/11251] Built Euler.SobolevNonlinearCompatibility (18s)
✔ [9942/11251] Built Euler.BoundedFieldGramInverse (34s)
✔ [9943/11251] Built Euler.LpSmoothCoefficientProduct (20s)
✔ [9944/11251] Built Euler.TransverseBoundedFrame (12s)
✔ [9945/11251] Built Euler.PacketCoefficientLipschitz (12s)
✔ [9946/11251] Built Euler.MeanFixedTranslation (23s)
✔ [9947/11251] Built Euler.CorrectionTimeRestriction (10s)
✔ [9948/11251] Built Euler.HeatGradientIntegral (11s)
✔ [9949/11251] Built Euler.PacketTerminalDatumBounds (9.5s)
✔ [9950/11251] Built Euler.ElapsedTimePathGluing (10s)
✔ [9951/11251] Built Euler.ParameterSobolevFiniteSum (6.3s)
✔ [9952/11251] Built Euler.TransverseCoefficientGevrey (32s)
✔ [9953/11251] Built Euler.EulerCorrectionEquation (12s)
✔ [9954/11251] Built Euler.HeatHessianEnergy (16s)
✔ [9955/11251] Built Euler.CoefficientCostMonotone (7.4s)
✔ [9956/11251] Built Euler.QuadraticMildPasting (9.9s)
✔ [9957/11251] Built Euler.ContinuousGramSobolev (10s)
✔ [9958/11251] Built Euler.TimeSobolevTransport (30s)
✔ [9959/11251] Built Euler.SmoothBanachFlow (10s)
✔ [9960/11251] Built Euler.TimeLpAccelerationSobolev (13s)
✔ [9961/11251] Built Euler.MeanSourceStrongInverse (13s)
✔ [9962/11251] Built Euler.SmoothTimeFieldJoint (9.7s)
✔ [9963/11251] Built Euler.TransverseFixedClassical (17s)
✔ [9964/11251] Built Euler.MeanContinuousVelocity (14s)
✔ [9965/11251] Built Euler.SmoothTimeFieldComposition (17s)
✔ [9966/11251] Built Euler.FixedEvolutionNaturality (24s)
✔ [9967/11251] Built NavierStokes.WaveStageContinuation (46s)
✔ [9968/11251] Built Euler.CylinderAngleWordBounds (11s)
✔ [9969/11251] Built Euler.ComparatorTruncationFamily (13s)
✔ [9970/11251] Built Euler.MeanVelocityOperator (23s)
✔ [9971/11251] Built Euler.SmoothFieldSobolevTime (13s)
✔ [9972/11251] Built Euler.RegularizedMildEquation (37s)
✔ [9973/11251] Built Euler.CylinderSmoothOrbit (11s)
✔ [9974/11251] Built Euler.PDESubintervalEnergyLimit (11s)
✔ [9975/11251] Built Euler.LpCylinderCoefficients (56s)
✔ [9976/11251] Built Euler.CylinderActionWords (17s)
✔ [9977/11251] Built Euler.SobolevCorrectionCompatibility (13s)
✔ [9978/11251] Built Euler.SobolevEllipticBound (9.2s)
✔ [9979/11251] Built Euler.TransverseEndpointBounds (22s)
✔ [9980/11251] Built Euler.ElapsedTimePathNaturality (14s)
✔ [9981/11251] Built Euler.InviscidSobolevEvolution (14s)
✔ [9982/11251] Built Euler.CorrectionParity (16s)
✔ [9983/11251] Built Euler.MeanFixedReflection (27s)
✔ [9984/11251] Built Euler.TransverseBoundedGeometry (18s)
✔ [9985/11251] Built Euler.ContinuousAccelerationSobolev (11s)
✔ [9986/11251] Built Euler.SmoothFlowParity (7.5s)
✔ [9987/11251] Built Euler.BoundedMildContinuation (14s)
✔ [9988/11251] Built Euler.SmoothFlowJacobian (9.6s)
✔ [9989/11251] Built Euler.SmoothTimeFieldRestriction (7.7s)
✔ [9990/11251] Built Euler.LpSmoothCoefficientContinuity (26s)
✔ [9991/11251] Built Euler.SmoothFlowJets (10s)
✔ [9992/11251] Built Euler.SmoothTimeFieldLinear (9.9s)
✔ [9993/11251] Built Euler.SmoothTimeFieldTimeJets (9.1s)
✔ [9994/11251] Built Euler.TransverseGevreyInverse (27s)
✔ [9995/11251] Built Euler.GevreyCorrectionSplit (28s)
✔ [9996/11251] Built Euler.SmoothTimeFieldPrecomp (11s)
✔ [9997/11251] Built Euler.CylinderRawSupport (6.3s)
✔ [9998/11251] Built Euler.TimeLpSubintervalBound (6.7s)
✔ [9999/11251] Built Euler.FixedEvolutionRegularity (12s)
✔ [10000/11251] Built Euler.MeanTranslatedInverse (32s)
✔ [10001/11251] Built Euler.LpCylinderRectangular (84s)
✔ [10002/11251] Built Euler.PDEMajorantLimit (8.2s)
✔ [10003/11251] Built Euler.CylinderOrbitSobolev (11s)
✔ [10004/11251] Built Euler.BoundedFieldGramGevrey (39s)
✔ [10005/11251] Built Euler.CorrectionContinuation (8.6s)
✔ [10006/11251] Built Euler.TimeH1GeneratorBounds (13s)
✔ [10007/11251] Built Euler.SmoothFlowVolume (8.4s)
✔ [10008/11251] Built Euler.TransversePacketData (13s)
✔ [10009/11251] Built Euler.TransverseInitialInverse (14s)
✔ [10010/11251] Built Euler.TransverseGeneratorDifference (16s)
✔ [10011/11251] Built Euler.RegularizedTopBlocks (27s)
✔ [10012/11251] Built Euler.MeanStrongEstimates (29s)
✔ [10013/11251] Built Euler.SmoothFlowAcceleration (9.7s)
✔ [10014/11251] Built Euler.CorrectionResidualCancellation (20s)
✔ [10015/11251] Built Euler.SmoothEulerEvolution (15s)
✔ [10016/11251] Built Euler.LpCylinderSolutionTranslation (25s)
✔ [10017/11251] Built Euler.SmoothTimeAmplitudeScaling (8.6s)
✔ [10018/11251] Built Euler.LpCylinderRegularCoefficient (27s)
✔ [10019/11251] Built Euler.SmoothFlowGevrey (10s)
✔ [10020/11251] Built Euler.SmoothTimeFieldParity (6.8s)
✔ [10021/11251] Built Euler.TransverseEndpointDifference (23s)
✔ [10022/11251] Built Euler.SmoothTimeFieldAlgebra (8.5s)
✔ [10023/11251] Built Euler.SmoothTimeFieldSecondJoint (8.5s)
✔ [10024/11251] Built Euler.BasePressureCommutator (6.3s)
✔ [10025/11251] Built Euler.TimeCorrectionSource (34s)
✔ [10026/11251] Built Euler.CylinderClassicalWordBounds (9.1s)
✔ [10027/11251] Built Euler.HeatMaximalEstimate (36s)
✔ [10028/11251] Built Euler.SmoothTimeFieldBilinear (19s)
✔ [10029/11251] Built Euler.CylinderTimeRegularity (12s)
✔ [10030/11251] Built Euler.CorrectionMildEquation (8.7s)
✔ [10031/11251] Built Euler.CylinderAngleAverage (18s)
✔ [10032/11251] Built Euler.CylinderFieldReflection (20s)
✔ [10033/11251] Built Euler.SmoothGraphFlow (9.6s)
✔ [10034/11251] Built Euler.SmoothCylinderFlow (8.8s)
✔ [10035/11251] Built Euler.CorrectionDifference (27s)
✔ [10036/11251] Built Euler.LpCylinderTimeWeight (23s)
✔ [10037/11251] Built Euler.TruncatedBackwardFlow (11s)
✔ [10038/11251] Built Euler.LpCylinderRectangularRegularity (27s)
✔ [10039/11251] Built Euler.SobolevTransportCommutator (30s)
✔ [10040/11251] Built Euler.PacketParentCoefficientBounds (15s)
✔ [10041/11251] Built Euler.LpCylinderCoefficientTimeInvestigation (32s)
✔ [10042/11251] Built Euler.TransverseFixedSobolev (32s)
✔ [10043/11251] Built Euler.MeanStrongCoordinates (11s)
✔ [10044/11251] Built Euler.RegularizedWordEquation (15s)
✔ [10045/11251] Built Euler.SmoothFlowJoint (11s)
✔ [10046/11251] Built Euler.SmoothFlowTimeGevrey (10s)
✔ [10047/11251] Built Euler.LpCylinderCoefficientTime (32s)
✔ [10048/11251] Built Euler.BoundedFieldForwardGenerator (31s)
✔ [10049/11251] Built Euler.SmoothTimeFieldChain (8.4s)
✔ [10050/11251] Built Euler.MeanClassicalTime (19s)
✔ [10051/11251] Built Euler.CylinderScalarClassical (7.8s)
✔ [10052/11251] Built Euler.TransverseEndpointCoordinates (15s)
✔ [10053/11251] Built Euler.CylinderScalarTime (8.9s)
✔ [10054/11251] Built Euler.CylinderCoveringDerivative (7.7s)
✔ [10055/11251] Built NavierStokes.CorrectionStep (140s)
✔ [10056/11251] Built Euler.CylinderAngleEvolution (11s)
✔ [10057/11251] Built Euler.TimeCorrectionRestriction (14s)
✔ [10058/11251] Built Euler.CylinderTimeWords (12s)
✔ [10059/11251] Built Euler.CylinderRetractRepresentative (14s)
✔ [10060/11251] Built Euler.ParentPacketFrames (16s)
✔ [10061/11251] Built Euler.CylinderAngleAverageRepresentative (12s)
✔ [10062/11251] Built Euler.CorrectionStabilityConstants (13s)
✔ [10063/11251] Built Euler.ComparatorLocalCompactVorticity (13s)
✔ [10064/11251] Built Euler.GevreyTransportCommutator (10s)
✔ [10065/11251] Built Euler.BaseTransportL2 (8.3s)
✔ [10066/11251] Built Euler.LpCylinderRegularForward (31s)
✔ [10067/11251] Built Euler.CylinderSpatialMean (19s)
✔ [10068/11251] Built Euler.SmoothCylinderJets (16s)
✔ [10069/11251] Built Euler.PacketParentLabelCoefficients (9.6s)
✔ [10070/11251] Built Euler.TransportL2Bilinear (12s)
✔ [10071/11251] Built Euler.CorrectionDifferencePDE (20s)
✔ [10072/11251] Built Euler.PacketInverseFlowGevrey (9.9s)
✔ [10073/11251] Built Euler.SmoothScaledFlow (8.1s)
✔ [10074/11251] Built Euler.LpCylinderPathBounds (21s)
✔ [10075/11251] Built Euler.MeanFixedCoefficientRegularity (45s)
✔ [10076/11251] Built Euler.SmoothFlowCoefficientPaths (10s)
✔ [10077/11251] Built Euler.PacketCurlCoordinates (26s)
✔ [10078/11251] Built Euler.CylinderForwardParity (13s)
✔ [10079/11251] Built Euler.RegularizedWordConvergence (15s)
✔ [10080/11251] Built Euler.CylinderScalarParity (7.2s)
✔ [10081/11251] Built Euler.LpCylinderNormalBounds (28s)
✔ [10082/11251] Built Euler.ChildParticleTime (9.8s)
✔ [10083/11251] Built Euler.CylinderScalarRepresentative (9.4s)
✔ [10084/11251] Built Euler.PacketGraphFlowFrequency (16s)
✔ [10085/11251] Built Euler.FixedEvolutionSobolev (21s)
✔ [10086/11251] Built Euler.CylinderSliceRepresentatives (8.5s)
✔ [10087/11251] Built Euler.CylinderCoverTensor (8.6s)
✔ [10088/11251] Built Euler.MeanGramTranslation (25s)
✔ [10089/11251] Built Euler.TransverseHistoryBounds (15s)
✔ [10090/11251] Built Euler.PacketCylinderField (10s)
✔ [10091/11251] Built Euler.CylinderTimePrecomposition (11s)
✔ [10092/11251] Built Euler.FixedEndpointStrong (15s)
✔ [10093/11251] Built NavierStokes.CycleContinuationInvariant (11s)
✔ [10094/11251] Built Euler.LpCylinderFullTime (26s)
✔ [10095/11251] Built Euler.SourceForwardCoefficient (24s)
✔ [10096/11251] Built NavierStokes.GaussianErrorNaturality (11s)
✔ [10097/11251] Built Euler.CylinderAngleAverageEvolution (30s)
✔ [10098/11251] Built NavierStokes.ActualCycleExcluded (8.7s)
✔ [10099/11251] Built NavierStokes.CyclePhysicalPrefixes (11s)
✔ [10100/11251] Built Euler.HeatMaximalCauchy (62s)
✔ [10101/11251] Built NavierStokes.CycleStateCoherence (13s)
✔ [10102/11251] Built Euler.PacketTerminalAdmissible (8.7s)
✔ [10103/11251] Built Euler.CylinderAngleAverageTime (10s)
✔ [10104/11251] Built Euler.CylinderTimeGradient (12s)
✔ [10105/11251] Built Euler.TimeCorrectionStrongIdentity (16s)
✔ [10106/11251] Built Euler.GevreyLowNorms (9.4s)
✔ [10107/11251] Built NavierStokes.ActualWaveRegularity (21s)
✔ [10108/11251] Built Euler.GevreyPressureTransport (10s)
✔ [10109/11251] Built Euler.CylinderSpatialMeanRepresentative (8.4s)
✔ [10110/11251] Built Euler.CylinderPathWords (19s)
✔ [10111/11251] Built NavierStokes.CrossBasedMeanComposition (28s)
✔ [10112/11251] Built Euler.SobolevDifferenceEnergy (15s)
✔ [10113/11251] Built Euler.PacketInverseFlowContinuity (6.7s)
✔ [10114/11251] Built Euler.InviscidDifferencePDE (8.1s)
✔ [10115/11251] Built Euler.CylinderPotentialPath (23s)
✔ [10116/11251] Built Euler.LpCylinderUnweightedForward (15s)
✔ [10117/11251] Built Euler.PacketInverseFlowSobolevBound (8.5s)
✔ [10118/11251] Built Euler.SmoothPhysicalGraphFlow (9.4s)
✔ [10119/11251] Built Euler.ChildParticleJacobian (8.8s)
✔ [10120/11251] Built Euler.CylinderScalarAverage (9.9s)
✔ [10121/11251] Built Euler.PacketCylinderParity (10s)
✔ [10122/11251] Built Euler.SobolevBaseCommutator (21s)
✔ [10123/11251] Built Euler.CylinderJetLp (13s)
✔ [10124/11251] Built Euler.CylinderSpatialMeanPath (25s)
✔ [10125/11251] Built Euler.MeanSourceOperatorRegularity (20s)
✔ [10126/11251] Built Euler.TransverseHistoryLipschitz (14s)
✔ [10127/11251] Built Euler.SmoothFlowDeformation (19s)
✔ [10128/11251] Built Euler.MeanPointwiseGramTranslation (18s)
✔ [10129/11251] Built Euler.ElapsedTimePathWeight (15s)
✔ [10130/11251] Built Euler.PacketCylinderFieldAlgebra (17s)
✔ [10131/11251] Built Euler.LpCylinderRegularSobolev (35s)
✔ [10132/11251] Built Euler.FixedEndpointForcing (17s)
✔ [10133/11251] Built Euler.FixedEndpointClassical (21s)
✔ [10134/11251] Built Euler.SourceNormalCoefficient (14s)
✔ [10135/11251] Built Euler.CylinderGraphRealization (8.9s)
✔ [10136/11251] Built Euler.PacketCurlTime (12s)
✔ [10137/11251] Built Euler.GevreyPressureShifted (13s)
✔ [10138/11251] Built Euler.PacketSourcePropagator (19s)
✔ [10139/11251] Built Euler.PacketCylinderTimeParity (7.0s)
✔ [10140/11251] Built Euler.PacketContinuousInverse (9.4s)
✔ [10141/11251] Built Euler.HeatMaximalRegularity (21s)
✔ [10142/11251] Built NavierStokes.ActualParticularRealization (22s)
✔ [10143/11251] Built Euler.CylinderSobolevOrbit (20s)
✔ [10144/11251] Built Euler.CylinderSpatialMeanTime (11s)
✔ [10145/11251] Built Euler.CorrectionDifferenceMetric (18s)
✔ [10146/11251] Built Euler.CylinderDirichletData (31s)
✔ [10147/11251] Built Euler.PacketCylinderFieldUnique (6.9s)
✔ [10148/11251] Built Euler.GevreyBaseTransport (15s)
✔ [10149/11251] Built Euler.PacketCylinderConvolution (6.9s)
✔ [10150/11251] Built Euler.SourceCylinderForcing (30s)
✔ [10151/11251] Built Euler.MeanFixedCoefficientGevrey (48s)
✔ [10152/11251] Built Euler.PacketTimeAlgebra (8.7s)
✔ [10153/11251] Built Euler.CylinderSlowCurl (24s)
✔ [10154/11251] Built Euler.PacketNeighborInitial (12s)
✔ [10155/11251] Built Euler.PacketCylinderSpatialJet (6.8s)
✔ [10156/11251] Built Euler.CylinderGraphAffine (7.5s)
✔ [10157/11251] Built Euler.CylinderPhysicalTensor (6.9s)
✔ [10158/11251] Built Euler.GevreyPressureEnergy (6.8s)
✔ [10159/11251] Built Euler.DriftPreservingTransport (7.1s)
✔ [10160/11251] Built Euler.CylinderGraphPath (8.1s)
✔ [10161/11251] Built Euler.SourceNormalResidualBounds (12s)
✔ [10162/11251] Built Euler.SourceCylinderForward (12s)
✔ [10163/11251] Built Euler.PacketGeometrySourceGrowth (9.9s)
✔ [10164/11251] Built Euler.CylinderPotentialWeight (29s)
✔ [10165/11251] Built Euler.MaximalTopCauchy (11s)
✔ [10166/11251] Built Euler.CorrectionStabilityBudget (8.8s)
✔ [10167/11251] Built Euler.MeanSourceFixedInverse (28s)
✔ [10168/11251] Built Euler.CylinderSobolevWordBounds (13s)
✔ [10169/11251] Built Euler.PacketFiniteFieldAlgebra (7.7s)
✔ [10170/11251] Built Euler.TransversePacketHistoryData (16s)
✔ [10171/11251] Built Euler.CylinderEndpointData (21s)
✔ [10172/11251] Built Euler.PacketCylinderKnownJets (7.5s)
✔ [10173/11251] Built Euler.CylinderPotentialTime (29s)
✔ [10174/11251] Built Euler.CylinderLocalSupport (14s)
✔ [10175/11251] Built NavierStokes.CorrectionInitialization (108s)
✔ [10176/11251] Built Euler.CylinderGraphDerivative (8.6s)
✔ [10177/11251] Built NavierStokes.CorrectionInitializationNoOptions (109s)
✔ [10178/11251] Built Euler.CylinderCorrectorMeanZero (17s)
✔ [10179/11251] Built Euler.CylinderPathProduct (27s)
✔ [10180/11251] Built Euler.CylinderSlowCurlBounds (19s)
✔ [10181/11251] Built Euler.SourcePotentialCoefficient (38s)
✔ [10182/11251] Built Euler.GevreyPressureComplete (7.9s)
✔ [10183/11251] Built Euler.MeanAccelerationGevrey (28s)
✔ [10184/11251] Built Euler.GevreyForcingComponents (9.7s)
✔ [10185/11251] Built Euler.CylinderPhysicalTensorLp (10s)
✔ [10186/11251] Built Euler.PacketPhysicalGevrey (11s)
✔ [10187/11251] Built Euler.CylinderGraphGevrey (11s)
✔ [10188/11251] Built Euler.SobolevDriftTransport (8.0s)
✔ [10189/11251] Built Euler.CylinderDirichletNaturality (36s)
✔ [10190/11251] Built Euler.SobolevMaximalRegularity (11s)
✔ [10191/11251] Built Euler.SourceCylinderForwardSobolev (15s)
✔ [10192/11251] Built Euler.PacketParentJacobiCoefficient (9.1s)
✔ [10193/11251] Built Euler.CylinderEndpointLabels (8.8s)
✔ [10194/11251] Built Euler.MeanTranslatedGevrey (36s)
✔ [10195/11251] Built Euler.SourceCylinderTimeBounds (39s)
✔ [10196/11251] Built Euler.InviscidCorrectionUniqueness (15s)
✔ [10197/11251] Built Euler.MeanPhysicalTranslation (39s)
✔ [10198/11251] Built NavierStokes.ActualMeanPotentialRealization (12s)
✔ [10199/11251] Built Euler.CylinderBoundedCover (15s)
✔ [10200/11251] Built Euler.TransversePacketIntervalData (15s)
✔ [10201/11251] Built Euler.CorrectionViscosityStability (20s)
✔ [10202/11251] Built Euler.CylinderEndpointForcing (20s)
✔ [10203/11251] Built Euler.CylinderPhysicalTensorDifference (11s)
✔ [10204/11251] Built Euler.CylinderPathBilinear (17s)
✔ [10205/11251] Built Euler.GevreyCorrectionForcing (14s)
✔ [10206/11251] Built Euler.SourceCylinderEquation (38s)
✔ [10207/11251] Built Euler.CylinderPotentialTimeWeight (35s)
✔ [10208/11251] Built Euler.CylinderDirichletParity (24s)
✔ [10209/11251] Built Euler.MeanAccelerationSobolev (29s)
✔ [10210/11251] Built NavierStokes.ActualPrimaryCovariance (36s)
✔ [10211/11251] Built NavierStokes.ActualPrimaryCoherence (33s)
✔ [10212/11251] Built Euler.CylinderDirichletSupport (28s)
✔ [10213/11251] Built Euler.CylinderPathProductBounds (35s)
✔ [10214/11251] Built Euler.InviscidCorrectionParity (16s)
✔ [10215/11251] Built Euler.MeanSourceGevrey (21s)
✔ [10216/11251] Built Euler.CylinderDirichletTranslation (31s)
✔ [10217/11251] Built Euler.GevreyUniformConstants (7.5s)
✔ [10218/11251] Built NavierStokes.ActualPhaseDefect (47s)
✔ [10219/11251] Built Euler.ViscosityCauchy (10s)
✔ [10220/11251] Built Euler.CylinderSlowCurlTime (43s)
✔ [10221/11251] Built Euler.CylinderDirichletMean (32s)
✔ [10222/11251] Built Euler.CylinderSmoothTimeField (15s)
✔ [10223/11251] Built Euler.MeanStrongGevrey (22s)
✔ [10224/11251] Built Euler.SourceCylinderMeanZero (18s)
✔ [10225/11251] Built Euler.RegularizedWordTime (37s)
✔ [10226/11251] Built NavierStokes.ActualInitialCoherence (14s)
✔ [10227/11251] Built Euler.CylinderEndpointParity (16s)
✔ [10228/11251] Built Euler.SourceCylinderWeight (18s)
✔ [10229/11251] Built Euler.GevreyDifferentiatedEquation (24s)
✔ [10230/11251] Built Euler.CylinderPathDerivativeProduct (14s)
✔ [10231/11251] Built Euler.ViscousPathDerivative (8.3s)
✔ [10232/11251] Built Euler.CylinderPathBilinearBounds (16s)
✔ [10233/11251] Built Euler.SourceCylinderParity (22s)
✔ [10234/11251] Built Euler.SourceCylinderRegularity (22s)
✔ [10235/11251] Built Euler.MeanFixedSobolevGevrey (48s)
✔ [10236/11251] Built Euler.SobolevPathLimits (13s)
✔ [10237/11251] Built Euler.TransverseSolutionHomogeneity (32s)
✔ [10238/11251] Built Euler.CylinderEndpointSupport (15s)
✔ [10239/11251] Built NavierStokes.ActualInitialMeanEquation (14s)
✔ [10240/11251] Built Euler.GevreyRestriction (12s)
✔ [10241/11251] Built NavierStokes.ActualPrimaryDynamics (21s)
✔ [10242/11251] Built Euler.MeanCoordinatePath (19s)
✔ [10243/11251] Built Euler.CylinderSlowCurlWeight (22s)
✔ [10244/11251] Built Euler.SourcePotentialTimeCoefficient (77s)
✔ [10245/11251] Built Euler.SourceCylinderDerivativeWeight (18s)
✔ [10246/11251] Built Euler.CylinderPathAdvection (14s)
✔ [10247/11251] Built Euler.RegularizedForcingWord (22s)
✔ [10248/11251] Built Euler.MeanSourceSpatialRegularity (40s)
✔ [10249/11251] Built Euler.CylinderDirichletRegularity (40s)
✔ [10250/11251] Built NavierStokes.ActualPrimaryBounds (29s)
✔ [10251/11251] Built Euler.GevreyCorrectionBound (9.1s)
✔ [10252/11251] Built Euler.MeanSourceSobolev (14s)
✔ [10253/11251] Built Euler.CylinderDirichletEquation (29s)
✔ [10254/11251] Built Euler.GevreyRadiusReduction (8.2s)
✔ [10255/11251] Built NavierStokes.ActualSignedDynamics (10s)
✔ [10256/11251] Built Euler.SourcePotentialTime (10s)
✔ [10257/11251] Built Euler.SourceCylinderPressureSource (28s)
✔ [10258/11251] Built Euler.CorrectionFamilyCompactness (22s)
✔ [10259/11251] Built Euler.PacketCylinderFieldProducts (13s)
✔ [10260/11251] Built Euler.CylinderPathProductSupport (12s)
✔ [10261/11251] Built NavierStokes.ActualInitialMean (11s)
✔ [10262/11251] Built NavierStokes.InitialNativeRegularity (9.2s)
✔ [10263/11251] Built Euler.SourceCylinderClassical (32s)
✔ [10264/11251] Built NavierStokes.ActualParticularBackground (8.8s)
✔ [10265/11251] Built NavierStokes.CycleMeanEquation (26s)
✔ [10266/11251] Built Euler.SourceCylinderDerivativeBounds (23s)
✔ [10267/11251] Built Euler.DriftCorrectionForcing (10s)
✔ [10268/11251] Built Euler.RegularizedEnergyFamily (21s)
✔ [10269/11251] Built Euler.CylinderEndpointRegularity (22s)
✔ [10270/11251] Built Euler.MeanContinuousAcceleration (29s)
✔ [10271/11251] Built Euler.GevreyNonlinearEstimate (11s)
✔ [10272/11251] Built Euler.PacketCylinderFieldSupport (6.9s)
✔ [10273/11251] Built NavierStokes.ActualPhaseJetBounds (16s)
✔ [10274/11251] Built Euler.MeanSourceStrongSobolev (17s)
✔ [10275/11251] Built Euler.ViscousSourcePathLimit (40s)
✔ [10276/11251] Built Euler.PacketCylinderFieldAdvection (13s)
✔ [10277/11251] Built Euler.PacketCylinderCoefficientData (18s)
✔ [10278/11251] Built Euler.RegularizedMetricPaths (10s)
✔ [10279/11251] Built Euler.EnergyWordCoordinates (10s)
✔ [10280/11251] Built NavierStokes.InitialHarmonicContinuation (33s)
✔ [10281/11251] Built Euler.CylinderEndpointEquation (23s)
✔ [10282/11251] Built Euler.CylinderTerminalAmplitude (11s)
✔ [10283/11251] Built Euler.CylinderDirichletSobolev (35s)
✔ [10284/11251] Built Euler.DriftNonlinearEstimate (11s)
✔ [10285/11251] Built Euler.GevreyMetricEstimate (9.3s)
✔ [10286/11251] Built Euler.PacketCylinderSpatialInvariance (7.3s)
✔ [10287/11251] Built Euler.RegularizedForcingRepresentative (16s)
✔ [10288/11251] Built Euler.SourcePotentialTimePath (27s)
✔ [10289/11251] Built Euler.PacketCylinderJetOperations (7.2s)
✔ [10290/11251] Built Euler.LiftedVelocitySplit (10s)
✔ [10291/11251] Built Euler.SourceCylinderClassicalEquation (24s)
✔ [10292/11251] Built NavierStokes.CorrectionAnalyticStep (23s)
✔ [10293/11251] Built Euler.SobolevWordValueIdentity (8.8s)
✔ [10294/11251] Built Euler.GevreyEnergyLimit (8.1s)
✔ [10295/11251] Built Euler.GevreyContinuationNorm (7.1s)
✔ [10296/11251] Built Euler.PacketCylinderCoefficientBounds (13s)
✔ [10297/11251] Built Euler.EnergyForcingIdentity (12s)
✔ [10298/11251] Built NavierStokes.ActualInitialExcluded (18s)
✔ [10299/11251] Built Euler.GevreyGrowthCoefficient (7.6s)
✔ [10300/11251] Built Euler.MildMajorantEnergy (14s)
✔ [10301/11251] Built Euler.PacketCylinderPrefixLocality (6.8s)
✔ [10302/11251] Built Euler.GevreyMetricForcing (8.9s)
✔ [10303/11251] Built Euler.MeanContinuousSobolev (23s)
✔ [10304/11251] Built Euler.PacketCylinderJetParity (8.4s)
✔ [10305/11251] Built Euler.GevreyEnergyCutoff (6.5s)
✔ [10306/11251] Built Euler.PacketCylinderScalarGradient (11s)
✔ [10307/11251] Built Euler.PacketMatrixCoefficientAlgebra (25s)
✔ [10308/11251] Built Euler.PacketCylinderFieldBounds (12s)
✔ [10309/11251] Built Euler.GevreyGrowthBudget (9.3s)
✔ [10310/11251] Built NavierStokes.ActualCarrierGeometry (10s)
✔ [10311/11251] Built Euler.MeanContinuousPhysical (34s)
✔ [10312/11251] Built Euler.EnergyMetricPaths (15s)
✔ [10313/11251] Built Euler.ProjectedEnergyForcing (17s)
✔ [10314/11251] Built NavierStokes.ActualInitialization (17s)
✔ [10315/11251] Built NavierStokes.ActualSignedStageControls (56s)
✔ [10316/11251] Built Euler.PacketGradeAbsorption (7.4s)
✔ [10317/11251] Built Euler.SourceCylinderPressureMean (19s)
✔ [10318/11251] Built Euler.PacketCylinderPressureLocality (9.0s)
✔ [10319/11251] Built Euler.GevreyEnergyPathLimit (13s)
✔ [10320/11251] Built Euler.PacketCylinderFieldWeight (9.0s)
✔ [10321/11251] Built Euler.CylinderDirichletTimeBounds (32s)
✔ [10322/11251] Built Euler.TransversePacketTimeData (26s)
✔ [10323/11251] Built Euler.MeanClassicalSpatialTime (10s)
✔ [10324/11251] Built Euler.CylinderEndpointPointwise (37s)
✔ [10325/11251] Built Euler.PacketCylinderScalarGradientBounds (15s)
✔ [10326/11251] Built Euler.GevreyPathNorm (7.5s)
✔ [10327/11251] Built NavierStokes.BaseWitnessClosure (8.3s)
✔ [10328/11251] Built NavierStokes.ActualPolarCoverage (10s)
✔ [10329/11251] Built Euler.ProjectedForcingFields (12s)
✔ [10330/11251] Built NavierStokes.PhysicalStageSupport (13s)
✔ [10331/11251] Built Euler.PacketLinearCostAbsorption (8.0s)
✔ [10332/11251] Built NavierStokes.ParticularPaddedBackground (17s)
✔ [10333/11251] Built NavierStokes.ActualCycleGeometry (13s)
✔ [10334/11251] Built Euler.PacketMatrixCoefficientGevrey (25s)
✔ [10335/11251] Built Euler.MeanStrongContinuousGevrey (24s)
✔ [10336/11251] Built NavierStokes.ActualCarrierTransportBase (18s)
✔ [10337/11251] Built Euler.PacketCylinderWeightedProduct (10s)
✔ [10338/11251] Built NavierStokes.ActualSignedCoherence (17s)
✔ [10339/11251] Built NavierStokes.ActualCoreSupport (19s)
✔ [10340/11251] Built Euler.PacketCylinderScalarGradientWeight (12s)
✔ [10341/11251] Built Euler.MeanTimeSobolev (28s)
✔ [10342/11251] Built NavierStokes.LocalMeanPhysicalBounds (9.6s)
✔ [10343/11251] Built NavierStokes.ActualCycleResidualBounds (13s)
✔ [10344/11251] Built Euler.PacketTimeProfileArithmetic (7.4s)
✔ [10345/11251] Built NavierStokes.ActualSignedGaussianCoherence (7.3s)
✔ [10346/11251] Built Euler.PacketGraphHessian (21s)
✔ [10347/11251] Built NavierStokes.ActualSignedPotentialCoherence (8.2s)
✔ [10348/11251] Built NavierStokes.ActualParticularStageControls (14s)
✔ [10349/11251] Built NavierStokes.ActualExteriorPrefix (5.5s)
✔ [10350/11251] Built NavierStokes.ActualSignedPhysicalGeometry (8.1s)
✔ [10351/11251] Built Euler.MeanStrongSobolev (14s)
✔ [10352/11251] Built Euler.CylinderDirichletPhysicalBounds (30s)
✔ [10353/11251] Built NavierStokes.ActualCurrentCarrierJets (14s)
✔ [10354/11251] Built Euler.CorrectionEnergyTime (32s)
✔ [10355/11251] Built NavierStokes.InitialPhysicalData (49s)
✔ [10356/11251] Built Euler.MeanContinuousPressure (24s)
✔ [10357/11251] Built NavierStokes.ActualPhysicalPrefixFields (16s)
✔ [10358/11251] Built NavierStokes.ActualCopySliceRegularity (17s)
✔ [10359/11251] Built Euler.SourceCylinderPressureField (43s)
✔ [10360/11251] Built NavierStokes.ActualCycleParameters (19s)
✔ [10361/11251] Built NavierStokes.ActualCarrierTransport (8.6s)
✔ [10362/11251] Built NavierStokes.ActualParticularMeanGain (8.6s)
✔ [10363/11251] Built Euler.CylinderEndpointBudget (18s)
✔ [10364/11251] Built Euler.CorrectionEnergyBound (16s)
✔ [10365/11251] Built Euler.MeanPressureSobolev (17s)
✔ [10366/11251] Built Euler.SourceCylinderPressureRegularity (18s)
✔ [10367/11251] Built Euler.NonlinearEnergyConstants (7.5s)
✔ [10368/11251] Built Euler.MeanPressureRepresentative (26s)
✔ [10369/11251] Built Euler.CylinderEndpointUnitBounds (15s)
✔ [10370/11251] Built Euler.SourceCylinderPressureWeight (25s)
✔ [10371/11251] Built Euler.DriftEnergyConstants (6.6s)
✔ [10372/11251] Built NavierStokes.ActualWaveRegularityData (45s)
✔ [10373/11251] Built Euler.MeanSourceTimeSobolev (41s)
✔ [10374/11251] Built Euler.CorrectionLowerData (34s)
✔ [10375/11251] Built NavierStokes.ActualMeanPhysicalData (55s)
✔ [10376/11251] Built NavierStokes.ActualParticularGaussian (49s)
✔ [10377/11251] Built NavierStokes.ActualSignedMeanBinding (30s)
✔ [10378/11251] Built NavierStokes.ActualIntermediateDebtBounds (23s)
✔ [10379/11251] Built Euler.CylinderEndpointBounds (8.1s)
✔ [10380/11251] Built Euler.CorrectionEnergyData (13s)
✔ [10381/11251] Built NavierStokes.ActualSignedOutputBounds (8.9s)
✔ [10382/11251] Built NavierStokes.ActualSeedPeriodicity (7.6s)
✔ [10383/11251] Built NavierStokes.ActualSignedGaussian (7.0s)
✔ [10384/11251] Built Euler.DriftMetricForcing (11s)
✔ [10385/11251] Built Euler.TransversePacketForcing (21s)
✔ [10386/11251] Built NavierStokes.ActualWaveCoefficientPeriodicity (9.0s)
✔ [10387/11251] Built NavierStokes.ActualReferenceRebase (61s)
✔ [10388/11251] Built Euler.MeanPacketData (18s)
✔ [10389/11251] Built Euler.CorrectionEnergyRestriction (13s)
✔ [10390/11251] Built Euler.GevreyStabilityBudget (9.9s)
✔ [10391/11251] Built Euler.PacketTerminalInitialData (9.4s)
✔ [10392/11251] Built Euler.GevreyCorrectionSourceBounds (15s)
✔ [10393/11251] Built Euler.CorrectionEnergyMajorants (11s)
✔ [10394/11251] Built Euler.CorrectionBudgetRestriction (12s)
✔ [10395/11251] Built NavierStokes.ActualParticularDynamics (70s)
✔ [10396/11251] Built Euler.MeanSourcePressureSobolev (36s)
✔ [10397/11251] Built NavierStokes.ActualPhysicalStageBounds (19s)
✔ [10398/11251] Built NavierStokes.ActualMeanStageData (20s)
✔ [10399/11251] Built Euler.CorrectionSourceRestriction (22s)
✔ [10400/11251] Built NavierStokes.ActualCyclePeriodicity (12s)
✔ [10401/11251] Built NavierStokes.ActualSignedCommonDynamics (17s)
✔ [10402/11251] Built NavierStokes.ActualCycleAssembly (31s)
✔ [10403/11251] Built Euler.TransversePacketHistory (20s)
✔ [10404/11251] Built Euler.TransversePacketProvider (17s)
✔ [10405/11251] Built Euler.PacketTerminalEnvelope (10s)
✔ [10406/11251] Built Euler.GevreyFamilyCompactness (13s)
✔ [10407/11251] Built Euler.CorrectionMildEnergy (13s)
✔ [10408/11251] Built Euler.MeanPacketForcing (17s)
✔ [10409/11251] Built Euler.DriftCorrectionBudget (13s)
✔ [10410/11251] Built NavierStokes.OffplaneJetExtensions (16s)
✔ [10411/11251] Built NavierStokes.ActualMeanExterior (15s)
✔ [10412/11251] Built Euler.CorrectionLimitDerivative (16s)
✔ [10413/11251] Built NavierStokes.CurrentSignedCurl (15s)
✔ [10414/11251] Built Euler.TransversePacketPressureGradient (12s)
✔ [10415/11251] Built Euler.TransversePacketJets (12s)
✔ [10416/11251] Built Euler.TransversePacketRegularity (13s)
✔ [10417/11251] Built NavierStokes.ActualParticularPhysicalData (33s)
✔ [10418/11251] Built Euler.PacketParentMeanCoercivity (33s)
✔ [10419/11251] Built NavierStokes.NativeDyadicRegularity (40s)
✔ [10420/11251] Built Euler.InviscidCorrectionRestriction (27s)
✔ [10421/11251] Built Euler.TransversePacketInitial (16s)
✔ [10422/11251] Built Euler.TransversePacketIntervalForcing (15s)
✔ [10423/11251] Built Euler.MeanPacketForcingAlgebra (10s)
✔ [10424/11251] Built Euler.MeanPacketProvider (12s)
✔ [10425/11251] Built Euler.CorrectionEnergyScalar (13s)
✔ [10426/11251] Built Euler.TransversePacketCorrector (27s)
✔ [10427/11251] Built Euler.TransversePacketHistoryPressure (18s)
✔ [10428/11251] Built Euler.TransversePacketEndpoint (19s)
✔ [10429/11251] Built Euler.TransversePacketPressureGradientBounds (15s)
✔ [10430/11251] Built NavierStokes.InitialDyadicSource (12s)
✔ [10431/11251] Built Euler.TransversePacketLocalHistory (9.1s)
✔ [10432/11251] Built Euler.MeanPacketForcingProduct (7.2s)
✔ [10433/11251] Built Euler.DriftEnergyMajorants (8.5s)
✔ [10434/11251] Built Euler.CorrectionEnergyBootstrap (10s)
✔ [10435/11251] Built NavierStokes.ActualParticularDynamicsNoOptions (49s)
✔ [10436/11251] Built NavierStokes.ActualParticularCoherence (56s)
✔ [10437/11251] Built Euler.TransversePacketHistoryBounds (16s)
✔ [10438/11251] Built Euler.MeanPacketConstraints (11s)
✔ [10439/11251] Built Euler.TransversePacketCorrectorSupport (6.9s)
✔ [10440/11251] Built Euler.TransversePacketCorrectorNoOptions (8.9s)
✔ [10441/11251] Built Euler.TransversePacketEndpointPointwise (7.9s)
✔ [10442/11251] Built Euler.TransversePacketCorrectorMean (8.8s)
✔ [10443/11251] Built NavierStokes.ActualSignedPhysicalBinding (63s)
✔ [10444/11251] Built Euler.MeanPacketNonlinearForcing (6.6s)
✔ [10445/11251] Built Euler.TransverseHistoryPolynomialCost (25s)
✔ [10446/11251] Built NavierStokes.ActualCandidateConstruction (55s)
✔ [10447/11251] Built Euler.CorrectionLimitPathDerivative (34s)
✔ [10448/11251] Built Euler.DriftCorrectionEnergyBound (11s)
✔ [10449/11251] Built NavierStokes.PositiveTimeSignedLocalization (7.2s)
✔ [10450/11251] Built Euler.TransversePacketCylinderFields (8.6s)
✔ [10451/11251] Built Euler.InviscidCorrectionCompatibility (29s)
✔ [10452/11251] Built Euler.MeanPacketJets (10s)
✔ [10453/11251] Built NavierStokes.ActualSignedExterior (7.6s)
✔ [10454/11251] Built Euler.TransversePacketCoefficientBounds (20s)
✔ [10455/11251] Built NavierStokes.ActualSignedUnmaskedBounds (9.7s)
✔ [10456/11251] Built Euler.TransversePacketMatching (17s)
✔ [10457/11251] Built Euler.TransversePacketCorrectorBounds (22s)
✔ [10458/11251] Built Euler.MeanPacketReflection (12s)
✔ [10459/11251] Built NavierStokes.ActualParticularPotentialCoherence (15s)
✔ [10460/11251] Built Euler.PartialCorrectionBootstrap (18s)
✔ [10461/11251] Built Euler.MeanPacketOrbitForcing (9.2s)
✔ [10462/11251] Built Euler.TransverseHistoryParentCost (7.7s)
✔ [10463/11251] Built NavierStokes.ActualSignedReferenceGeometry (6.3s)
✔ [10464/11251] Built NavierStokes.ActualSignedNativeProfiles (7.2s)
✔ [10465/11251] Built Euler.TransversePacketCorrectorOperator (7.0s)
✔ [10466/11251] Built Euler.DriftCorrectionMildEnergy (8.9s)
✔ [10467/11251] Built Euler.TransversePacketInitialRepresentative (10s)
✔ [10468/11251] Built Euler.MeanPacketParity (10s)
✔ [10469/11251] Built NavierStokes.ActualCycleCoherence (28s)
✔ [10470/11251] Built Euler.MeanPacketPressureForcing (9.9s)
✔ [10471/11251] Built Euler.ParentHistoryCostPolynomial (10s)
✔ [10472/11251] Built Euler.GlobalGevreyCorrection (14s)
✔ [10473/11251] Built Euler.PacketSourceOperators (10s)
✔ [10474/11251] Built NavierStokes.PositiveTimeSignedData (12s)
✔ [10475/11251] Built Euler.MeanPacketCylinderFields (14s)
✔ [10476/11251] Built Euler.TransversePacketPiolaData (8.7s)
✔ [10477/11251] Built Euler.MeanPacketAngularForcing (13s)
✔ [10478/11251] Built Euler.MeanPacketSobolevData (15s)
✔ [10479/11251] Built Euler.MeanPacketHomogeneity (16s)
✔ [10480/11251] Built Euler.TransverseHighSolveFields (9.6s)
✔ [10481/11251] Built Euler.TransversePacketCorrectorParity (9.0s)
✔ [10482/11251] Built Euler.MeanPacketContract (6.1s)
✔ [10483/11251] Built Euler.DriftCorrectionBootstrap (8.3s)
✔ [10484/11251] Built NavierStokes.ActualSignedFamilySupport (6.2s)
✔ [10485/11251] Built Euler.ViscousCorrectionFamily (6.0s)
✔ [10486/11251] Built Euler.TransversePacketForwardBounds (39s)
✔ [10487/11251] Built NavierStokes.ActualSignedUnmaskedBinding (27s)
✔ [10488/11251] Built Euler.PacketCylinderFieldAverage (8.1s)
✔ [10489/11251] Built Euler.CorrectionLimitEquation (30s)
✔ [10490/11251] Built Euler.MeanPacketZeroForcing (7.0s)
✔ [10491/11251] Built Euler.PacketCylinderPiolaCorrector (8.4s)
✔ [10492/11251] Built Euler.TransversePacketTraceMatching (30s)
✔ [10493/11251] Built NavierStokes.ActualSignedNativeBounds (30s)
✔ [10494/11251] Built Euler.MeanPacketInitialZero (7.3s)
✔ [10495/11251] Built Euler.MeanCylinderWordBounds (12s)
✔ [10496/11251] Built Euler.PacketCylinderKnownForce (6.2s)
✔ [10497/11251] Built Euler.PacketCylinderAngularRegularity (7.1s)
✔ [10498/11251] Built Euler.TransversePacketParity (11s)
✔ [10499/11251] Built Euler.PacketCylinderPiolaPair (8.0s)
✔ [10500/11251] Built Euler.PacketCylinderWeightedLinear (9.5s)
✔ [10501/11251] Built Euler.MeanPacketEnvelopeBoundsNoOptions (12s)
✔ [10502/11251] Built Euler.MeanPacketEnvelopeBounds (11s)
✔ [10503/11251] Built Euler.TransversePacketBudget (15s)
✔ [10504/11251] Built Euler.TransversePacketForwardBudget (16s)
✔ [10505/11251] Built Euler.PacketCylinderHighMean (7.2s)
✔ [10506/11251] Built Euler.PacketCylinderHighSupport (8.2s)
✔ [10507/11251] Built Euler.PacketCylinderMeanParity (7.3s)
✔ [10508/11251] Built Euler.PacketKnownPieces (8.9s)
✔ [10509/11251] Built Euler.DriftPartialCorrectionBootstrap (19s)
✔ [10510/11251] Built NavierStokes.ActualSignedNativeRegularity (17s)
✔ [10511/11251] Built Euler.GevreyInviscidEnergyCompactness (20s)
✔ [10512/11251] Built Euler.TransversePacketPressureParity (10s)
✔ [10513/11251] Built Euler.PacketCylinderHighPartBounds (7.8s)
✔ [10514/11251] Built Euler.PacketCylinderProfileChange (7.5s)
✔ [10515/11251] Built Euler.PacketCylinderBoundTransfer (7.6s)
✔ [10516/11251] Built Euler.PacketCylinderWeightedAdvection (11s)
✔ [10517/11251] Built Euler.TransversePacketJoinedPaths (17s)
✔ [10518/11251] Built Euler.MeanPacketPathEnvelope (7.5s)
✔ [10519/11251] Built Euler.TransversePacketPrimaryMatching (20s)
✔ [10520/11251] Built Euler.PacketCylinderMeanStep (6.4s)
✔ [10521/11251] Built Euler.PacketCylinderHighForcing (8.0s)
✔ [10522/11251] Built Euler.TransversePacketPrimaryBudget (9.5s)
✔ [10523/11251] Built Euler.PacketCylinderForcingParity (7.6s)
✔ [10524/11251] Built Euler.PacketParentTransverseCosts (11s)
✔ [10525/11251] Built Euler.TransversePacketNormalBudget (12s)
✔ [10526/11251] Built NavierStokes.ActualParticularCycleData (36s)
✔ [10527/11251] Built Euler.TransversePacketPressureGradientProperties (7.1s)
✔ [10528/11251] Built Euler.PacketFiniteSumBounds (6.6s)
✔ [10529/11251] Built Euler.PacketCylinderTimeUnique (6.0s)
✔ [10530/11251] Built Euler.PacketConvolutionBounds (6.0s)
✔ [10531/11251] Built Euler.PacketTimeProfiles (6.4s)
✔ [10532/11251] Built Euler.DriftGlobalGevreyCorrection (9.6s)
✔ [10533/11251] Built Euler.TransversePacketHistoryParity (9.8s)
✔ [10534/11251] Built NavierStokes.ActualSignedPhysicalZeros (12s)
✔ [10535/11251] Built Euler.PacketCylinderRecursiveAdmissibility (6.3s)
✔ [10536/11251] Built Euler.TransversePacketJoinedField (8.5s)
✔ [10537/11251] Built Euler.PacketCylinderHighParity (6.5s)
✔ [10538/11251] Built Euler.PacketKnownDecomposition (16s)
✔ [10539/11251] Built Euler.PacketCylinderTermBudget (13s)
✔ [10540/11251] Built Euler.GlobalInviscidGevrey (15s)
✔ [10541/11251] Built Euler.PacketParentForwardBudget (9.9s)
✔ [10542/11251] Built Euler.PacketParentNormalBudget (9.9s)
✔ [10543/11251] Built Euler.PacketFiniteRemainderBounds (7.8s)
✔ [10544/11251] Built Euler.MeanPacketBudget (11s)
✔ [10545/11251] Built Euler.PacketKnownPieceScales (8.2s)
✔ [10546/11251] Built NavierStokes.ActualCurrentParticularPhysical (12s)
✔ [10547/11251] Built Euler.PacketProfileRegularity (7.7s)
✔ [10548/11251] Built Euler.PacketParentJoinedBudget (14s)
✔ [10549/11251] Built Euler.DriftViscousCorrectionFamily (8.9s)
✔ [10550/11251] Built Euler.TransversePacketJoinedUnitBounds (19s)
✔ [10551/11251] Built Euler.TransversePacketJoinedEquation (9.7s)
✔ [10552/11251] Built Euler.PacketCylinderLinearTermBudget (7.3s)
✔ [10553/11251] Built Euler.PacketKnownTermFields (9.4s)
✔ [10554/11251] Built Euler.PacketSourceCoefficientBudget (10s)
✔ [10555/11251] Built Euler.PacketMeanGradeBounds (8.9s)
✔ [10556/11251] Built NavierStokes.CurrentPhysicalModeGerms (6.9s)
✔ [10557/11251] Built Euler.PacketKnownPieceBounds (8.4s)
✔ [10558/11251] Built Euler.PacketKnownTermScales (9.1s)
✔ [10559/11251] Built Euler.AllOrderCorrectionData (14s)
✔ [10560/11251] Built Euler.ParentCoefficientPolynomial (11s)
✔ [10561/11251] Built Euler.PacketShortTimePropagator (14s)
✔ [10562/11251] Built NavierStokes.CurrentParticularPhysicalCoherence (7.0s)
✔ [10563/11251] Built NavierStokes.ActualCurrentParticularAssembly (7.7s)
✔ [10564/11251] Built Euler.TransversePacketJoinedSupport (17s)
✔ [10565/11251] Built Euler.TransversePacketHomogeneity (30s)
✔ [10566/11251] Built NavierStokes.ActualCurrentWaveSupport (12s)
✔ [10567/11251] Built Euler.PacketProfileParity (6.6s)
✔ [10568/11251] Built NavierStokes.ActualCyclePreservation (27s)
✔ [10569/11251] Built Euler.TransversePacketJoinedPressure (21s)
✔ [10570/11251] Built Euler.PacketPrimaryRegularity (5.7s)
✔ [10571/11251] Built Euler.PacketParentMeanBudget (16s)
✔ [10572/11251] Built Euler.PacketProfileStepRegularity (6.4s)
✔ [10573/11251] Built Euler.PacketResidualTailFields (6.9s)
✔ [10574/11251] Built Euler.PacketTailNormalization (5.7s)
✔ [10575/11251] Built Euler.PacketProfileBudget (5.6s)
✔ [10576/11251] Built Euler.PacketUnweightedAdvection (5.8s)
✔ [10577/11251] Built Euler.PacketFiniteProfileFields (8.1s)
✔ [10578/11251] Built Euler.PacketKnownTermProfiles (5.6s)
✔ [10579/11251] Built Euler.PacketMaskedProductBounds (6.9s)
✔ [10580/11251] Built Euler.PacketKnownTermSums (8.2s)
✔ [10581/11251] Built Euler.PacketFieldTower (6.5s)
✔ [10582/11251] Built Euler.FieldTowerGraph (8.2s)
✔ [10583/11251] Built Euler.FieldTowerRepresentative (8.5s)
✔ [10584/11251] Built NavierStokes.CurrentModeGeometry (7.9s)
✔ [10585/11251] Built Euler.PacketShortTimePhysicalGrowth (9.5s)
✔ [10586/11251] Built Euler.CorrectionAssemblyData (10s)
✔ [10587/11251] Built NavierStokes.CurrentParticularLabelBounds (9.4s)
✔ [10588/11251] Built Euler.PacketProfileStepParity (8.6s)
✔ [10589/11251] Built NavierStokes.ActualSignedCurrentSupport (7.1s)
✔ [10590/11251] Built Euler.AllOrderCorrectionCoherence (11s)
✔ [10591/11251] Built NavierStokes.ActualValidBandWaves (8.8s)
✔ [10592/11251] Built Euler.TransversePacketJoinedCorrector (11s)
✔ [10593/11251] Built NavierStokes.ActualStageEstimates (9.6s)
✔ [10594/11251] Built Euler.PacketPrimaryParity (8.1s)
✔ [10595/11251] Built Euler.DriftGevreyInviscidEnergyCompactness (20s)
✔ [10596/11251] Built Euler.PacketProfilesRegularity (6.7s)
✔ [10597/11251] Built Euler.PacketTailSumBounds (6.5s)
✔ [10598/11251] Built Euler.PacketProfileBudgetTransport (5.0s)
✔ [10599/11251] Built Euler.CoefficientPathSmooth (18s)
✔ [10600/11251] Built Euler.PacketApproximationNormalization (6.9s)
✔ [10601/11251] Built Euler.PacketBudgetTimeChange (6.4s)
✔ [10602/11251] Built Euler.TransversePacketPrimaryPaths (17s)
✔ [10603/11251] Built Euler.PacketProfileCoarseBounds (7.0s)
✔ [10604/11251] Built Euler.PacketParentLabelBudgets (9.9s)
✔ [10605/11251] Built Euler.PacketKnownTermBounds (6.9s)
✔ [10606/11251] Built Euler.PacketFiniteParity (7.9s)
✔ [10607/11251] Built Euler.PacketFieldTimeFreeze (10s)
✔ [10608/11251] Built Euler.TransversePacketAmplitude (21s)
✔ [10609/11251] Built Euler.LiftedTransportTrace (7.3s)
✔ [10610/11251] Built Euler.FieldTowerPointwiseGevrey (6.9s)
✔ [10611/11251] Built Euler.FieldTowerGraphDerivative (9.0s)
✔ [10612/11251] Built Euler.AllOrderDriftBudget (6.9s)
✔ [10613/11251] Built Euler.PacketFieldSobolev (13s)
✔ [10614/11251] Built NavierStokes.ActualEndpointInputs (7.4s)
✔ [10615/11251] Built Euler.FieldTowerAlgebra (12s)
✔ [10616/11251] Built Euler.AllOrderCorrectionBudget (11s)
✔ [10617/11251] Built Euler.PacketConstructedProfiles (6.6s)
✔ [10618/11251] Built Euler.PacketForwardPrimary (9.2s)
✔ [10619/11251] Built Euler.PacketProfilesParity (8.3s)
✔ [10620/11251] Built Euler.FieldTowerTimeRestriction (14s)
✔ [10621/11251] Built NavierStokes.ActualCurrentParticularBounds (14s)
✔ [10622/11251] Built Euler.TransversePacketJoinedCorrectorSupport (14s)
✔ [10623/11251] Built Euler.PacketProfileBudgetTimeChange (6.1s)
✔ [10624/11251] Built Euler.PacketMatrixNormalization (7.8s)
✔ [10625/11251] Built Euler.PacketGevreyProfileChoice (5.9s)
✔ [10626/11251] Built Euler.PacketFiniteVelocityBounds (6.6s)
✔ [10627/11251] Built Euler.PacketFiniteAssemblyBounds (6.3s)
✔ [10628/11251] Built Euler.CorrectionAssemblyCompatibility (18s)
✔ [10629/11251] Built Euler.DriftGlobalInviscidGevrey (14s)
✔ [10630/11251] Built NavierStokes.ActualSignedPhysicalCoherence (20s)
✔ [10631/11251] Built Euler.CoefficientPathBounds (15s)
✔ [10632/11251] Built Euler.SmoothL2Gevrey (8.5s)
✔ [10633/11251] Built Euler.TransversePacketJoinedCorrectorBounds (22s)
✔ [10634/11251] Built Euler.PacketFieldParityAlgebra (8.8s)
✔ [10635/11251] Built Euler.PacketParentPhysicalBudgets (11s)
✔ [10636/11251] Built Euler.TransversePacketPrimaryEquation (12s)
✔ [10637/11251] Built Euler.PacketForcingBounds (10s)
✔ [10638/11251] Built Euler.PacketFieldGraphBounds (9.2s)
✔ [10639/11251] Built Euler.TransversePacketPrimaryParity (14s)
✔ [10640/11251] Built Euler.CoefficientPathSobolev (21s)
✔ [10641/11251] Built Euler.TransversePacketJoinedBounds (11s)
✔ [10642/11251] Built Euler.PacketFieldMap (9.1s)
✔ [10643/11251] Built Euler.PacketSourceProfiles (6.4s)
✔ [10644/11251] Built Euler.TransversePacketPrimaryUnitBounds (19s)
✔ [10645/11251] Built Euler.PacketFieldSobolevBudget (11s)
✔ [10646/11251] Built Euler.AllOrderCorrectionStability (8.3s)
✔ [10647/11251] Built NavierStokes.GermEndpointInputs (9.9s)
✔ [10648/11251] Built Euler.TransversePacketPrimaryHomogeneity (20s)
✔ [10649/11251] Built Euler.FieldTowerCanonicalGraph (8.3s)
✔ [10650/11251] Built Euler.PacketProfileEnvelope (6.4s)
✔ [10651/11251] Built Euler.FieldTowerSmoothTimeField (17s)
✔ [10652/11251] Built Euler.PacketTailLinearBounds (7.4s)
✔ [10653/11251] Built Euler.PacketTailProductBounds (7.8s)
✔ [10654/11251] Built Euler.PacketFiniteProfileBounds (6.8s)
✔ [10655/11251] Built Euler.ConstantCorrectionData (20s)
✔ [10656/11251] Built Euler.TransversePacketJoinedParity (12s)
✔ [10657/11251] Built NavierStokes.GluedStageEstimates (13s)
✔ [10658/11251] Built Euler.CorrectionAssemblyCommon (10s)
✔ [10659/11251] Built Euler.PacketInitialFields (12s)
✔ [10660/11251] Built Euler.OrdinarySmoothWords (8.6s)
✔ [10661/11251] Built Euler.SobolevSourceExponent (7.8s)
✔ [10662/11251] Built Euler.PacketFieldTensorBounds (7.8s)
✔ [10663/11251] Built Euler.PhysicalGraphGevrey (9.9s)
✔ [10664/11251] Built Euler.PacketCoefficientTower (7.5s)
✔ [10665/11251] Built Euler.AllOrderDriftFinite (11s)
✔ [10666/11251] Built Euler.StaticCylinderField (11s)
✔ [10667/11251] Built Euler.CoefficientPathWeightedBounds (12s)
✔ [10668/11251] Built Euler.PacketSourceParity (7.6s)
✔ [10669/11251] Built Euler.TransversePacketPrimaryField (9.7s)
✔ [10670/11251] Built Euler.PacketSourceRegularity (7.1s)
✔ [10671/11251] Built Euler.PacketSourceEquations (7.7s)
✔ [10672/11251] Built Euler.PacketFieldDrift (7.7s)
✔ [10673/11251] Built Euler.PacketTailNonlinearBounds (6.9s)
✔ [10674/11251] Built Euler.FieldTowerPhysicalL2 (7.9s)
✔ [10675/11251] Built Euler.PacketFiniteCoarseBounds (6.0s)
✔ [10676/11251] Built Euler.FieldTowerJetLp (8.5s)
✔ [10677/11251] Built Euler.SmallCorrectionScales (8.2s)
✔ [10678/11251] Built Euler.TransversePacketJoinedFullBounds (15s)
✔ [10679/11251] Built Euler.OrdinaryWordConstraints (8.4s)
✔ [10680/11251] Built Euler.TransversePacketJoinedProvider (10s)
✔ [10681/11251] Built Euler.PacketInitialSupport (7.2s)
✔ [10682/11251] Built NavierStokes.ActualSignedWaveData (11s)
✔ [10683/11251] Built Euler.OrdinaryFieldAlgebra (9.2s)
✔ [10684/11251] Built Euler.PacketInitialAmplitude (13s)
✔ [10685/11251] Built Euler.CorrectionAssemblyPressure (11s)
✔ [10686/11251] Built Euler.SmoothTimeAmplitudeBounds (7.7s)
✔ [10687/11251] Built Euler.PacketFieldSmoothTimeField (8.3s)
✔ [10688/11251] Built Euler.AllOrderCorrectionFamily (16s)
✔ [10689/11251] Built Euler.SmoothL2ScalingContinuity (8.6s)
✔ [10690/11251] Built Euler.TransversePacketPrimaryHistory (8.2s)
✔ [10691/11251] Built Euler.PacketPressureFastHessian (12s)
✔ [10692/11251] Built Euler.PacketSourceMeanZero (6.5s)
✔ [10693/11251] Built Euler.CoefficientPathPressureBounds (10s)
✔ [10694/11251] Built Euler.PacketSourceResidual (7.3s)
✔ [10695/11251] Built Euler.PacketCylinderMeanSolenoidal (7.9s)
✔ [10696/11251] Built Euler.PacketTailGradeBounds (7.3s)
✔ [10697/11251] Built Euler.PacketSourceCorrectionCoefficients (15s)
✔ [10698/11251] Built Euler.PacketPhysicalFrequencyBounds (8.6s)
✔ [10699/11251] Built Euler.FieldTowerPhysicalContinuity (8.7s)
✔ [10700/11251] Built Euler.PacketFieldPhysicalSobolev (9.4s)
✔ [10701/11251] Built Euler.PacketCorrectionConstants (7.2s)
✔ [10702/11251] Built Euler.TransversePacketPairAmplitude (26s)
✔ [10703/11251] Built Euler.TransversePacketPrimaryPressure (15s)
✔ [10704/11251] Built Euler.PacketFiniteApproximationBounds (7.1s)
✔ [10705/11251] Built Euler.PacketFieldJetLp (6.8s)
✔ [10706/11251] Built Euler.TransversePacketPrimaryCorrector (14s)
✔ [10707/11251] Built Euler.PacketInitialBounds (8.5s)
✔ [10708/11251] Built Euler.SmallCorrectionBounds (7.2s)
✔ [10709/11251] Built Euler.ParentPacketSourceData (14s)
✔ [10710/11251] Built Euler.PacketJoinedGradeBounds (8.7s)
✔ [10711/11251] Built Euler.PacketJoinedSourceOperators (5.9s)
✔ [10712/11251] Built Euler.PacketJoinedStepParity (8.2s)
✔ [10713/11251] Built Euler.PacketJoinedStepRegularity (7.9s)
✔ [10714/11251] Built Euler.OrdinaryTransportCancellation (7.6s)
✔ [10715/11251] Built Euler.OrdinaryGradientInterpolation (8.0s)
✔ [10716/11251] Built Euler.TransversePacketPrimaryBounds (8.3s)
✔ [10717/11251] Built Euler.PacketSourcePiola (7.9s)
✔ [10718/11251] Built Euler.AllOrderLiftedCorrection (9.4s)
✔ [10719/11251] Built Euler.CorrectionAssemblyRealizations (10s)
✔ [10720/11251] Built Euler.OrdinaryWordTime (14s)
✔ [10721/11251] Built Euler.PacketPrimaryShearIdentity (11s)
✔ [10722/11251] Built Euler.PacketCoordinateJets (10s)
✔ [10723/11251] Built Euler.PacketCoefficientTowerBounds (12s)
✔ [10724/11251] Built Euler.FlowL2Transport (8.0s)
✔ [10725/11251] Built Euler.PacketApproximationBounds (7.2s)
✔ [10726/11251] Built Euler.PacketPrimarySourceRegularity (6.1s)
✔ [10727/11251] Built Euler.PacketCorrectionScalar (8.9s)
✔ [10728/11251] Built Euler.PacketCorrectionMetric (12s)
✔ [10729/11251] Built Euler.PacketInitialPhysical (9.2s)
✔ [10730/11251] Built Euler.SmallCorrectionBudget (8.7s)
✔ [10731/11251] Built Euler.PacketPhysicalPressureGevrey (14s)
✔ [10732/11251] Built NavierStokes.ActualCandidateAssembly (21s)
✔ [10733/11251] Built Euler.TransversePacketForwardNorms (13s)
✔ [10734/11251] Built Euler.PacketPrimaryFactorization (12s)
✔ [10735/11251] Built Euler.PacketJoinedStepBudget (8.7s)
✔ [10736/11251] Built Euler.ParentPacketPhysicalCoefficients (9.3s)
✔ [10737/11251] Built Euler.PacketJoinedProfilesRegularity (7.5s)
✔ [10738/11251] Built Euler.PacketCommonRadius (8.8s)
✔ [10739/11251] Built Euler.PacketSourceCoefficientGevrey (18s)
✔ [10740/11251] Built Euler.PacketSourceSolenoidal (8.5s)
✔ [10741/11251] Built Euler.CorrectionAssemblyParity (8.0s)
✔ [10742/11251] Built Euler.AllOrderPressureCoherence (10s)
✔ [10743/11251] Built Euler.PacketTerminalPrimaryFields (6.9s)
✔ [10744/11251] Built Euler.PacketRemainderBounds (7.7s)
✔ [10745/11251] Built Euler.PacketSourceFrequency (6.0s)
✔ [10746/11251] Built Euler.PacketPrimarySourceParity (8.1s)
✔ [10747/11251] Built Euler.PacketPhysicalFieldTower (9.9s)
✔ [10748/11251] Built Euler.PacketCoordinateResidual (11s)
✔ [10749/11251] Built Euler.PacketCorrectionSourceData (9.2s)
✔ [10750/11251] Built Euler.VolumeSobolevComposition (11s)
✔ [10751/11251] Built NavierStokes.R3ActualCandidate (9.8s)
✔ [10752/11251] Built Euler.PacketPressureFastBounds (11s)
✔ [10753/11251] Built NavierStokes.ComparatorTheorem (11s)
✔ [10754/11251] Built Euler.PacketCorrectionMetricTime (14s)
✔ [10755/11251] Built Euler.ParentLagrangianEuler (7.6s)
✔ [10756/11251] Built Euler.PacketMeanPressureStepBound (8.9s)
✔ [10757/11251] Built Euler.PacketJoinedProfilesParity (8.2s)
✔ [10758/11251] Built Euler.PacketPrimaryFullShear (10s)
✔ [10759/11251] Built Euler.TransversePacketPrimaryRadius (7.0s)
✔ [10760/11251] Built Euler.ParentPacketHessianSymmetry (11s)
✔ [10761/11251] Built Euler.TransversePacketForwardFullBounds (14s)
✔ [10762/11251] Built Euler.AllOrderSmoothPressure (9.3s)
✔ [10763/11251] Built Euler.PacketCorrectionRapidDecay (8.1s)
✔ [10764/11251] Built Euler.PacketNormalDriftBounds (8.5s)
✔ [10765/11251] Built Euler.PacketCorrectionCoefficientBudget (12s)
✔ [10766/11251] Built Euler.GevreyCompositionLp (7.7s)
✔ [10767/11251] Built Euler.PacketScalarPressureGradient (10s)
✔ [10768/11251] Built Euler.PacketCorrectionCoefficientParity (10s)
✔ [10769/11251] Built Euler.PacketJoinedSourceProfiles (7.9s)
✔ [10770/11251] Built Euler.PacketPrimaryScaling (8.0s)
✔ [10771/11251] Built Euler.TransversePacketPrimaryFullBounds (32s)
✔ [10772/11251] Built Euler.PacketCoordinateSobolev (12s)
✔ [10773/11251] Built NavierStokes.ComparatorR3Theorem (10s)
✔ [10774/11251] Built Euler.CommonPressureRepresentative (9.4s)
✔ [10775/11251] Built Euler.PacketLiftedSmallness (7.8s)
✔ [10776/11251] Built Euler.TransversePacketForwardGradeBounds (9.9s)
✔ [10777/11251] Built Euler.PacketForwardCoefficientBudgets (6.3s)
✔ [10778/11251] Built Euler.PacketCorrectionPrimitivePolynomial (9.5s)
✔ [10779/11251] Built Euler.PacketJoinedCoefficientBudgets (7.8s)
✔ [10780/11251] Built Euler.GevreyProductLp (7.9s)
✔ [10781/11251] Built Euler.ParentPacketStrainEvolution (27s)
✔ [10782/11251] Built Euler.LiftedSmoothTimeField (12s)
✔ [10783/11251] Built Euler.GevreyJetCompositionLp (7.9s)
✔ [10784/11251] Built Euler.PacketCorrectionMetricBudget (17s)
✔ [10785/11251] Built Euler.PacketSourceInitialMean (7.2s)
✔ [10786/11251] Built Euler.VolumeSobolevPath (18s)
✔ [10787/11251] Built Euler.PacketJoinedSourceEquations (8.0s)
✔ [10788/11251] Built Euler.PacketPressureWitness (10s)
✔ [10789/11251] Built Euler.PacketPrimaryDynamics (10s)
✔ [10790/11251] Built Euler.PacketPrimaryGradeBounds (9.7s)
✔ [10791/11251] Built Euler.PacketPrimaryPressureShear (10s)
✔ [10792/11251] Built Euler.PacketUniformFrequencyMargin (7.4s)
✔ [10793/11251] Built Euler.PacketPrimaryGlobalShear (11s)
✔ [10794/11251] Built Euler.PacketForwardCommonRadius (7.7s)
✔ [10795/11251] Built Euler.PacketForwardForcedBounds (7.0s)
✔ [10796/11251] Built Euler.CorrectionAssemblyReconstruction (8.5s)
✔ [10797/11251] Built NavierStokes.R3 (10s)
ℹ [10798/11251] Built NavierStokes.ComparatorSolution (9.0s)
info: NavierStokes/ComparatorSolution.lean:31:0: 'NavierStokes.Comparator.navier_stokes_breakdown_R3' depends on axioms: [propext, Classical.choice, Quot.sound]
info: NavierStokes/ComparatorSolution.lean:32:0: 'NavierStokes.Comparator.navier_stokes_breakdown_periodic' depends on axioms: [propext, Classical.choice, Quot.sound]
✔ [10799/11251] Built Euler.OrdinaryWordBounds (8.8s)
✔ [10800/11251] Built Euler.SmoothL2ClassicalBounds (9.9s)
✔ [10801/11251] Built Euler.PacketForwardPrimaryBounds (12s)
✔ [10802/11251] Built Euler.PacketCorrectionGrowth (5.8s)
✔ [10803/11251] Built Euler.SmoothL2GevreyCalculus (13s)
✔ [10804/11251] Built Euler.GevreyFlowLpIntegration (7.2s)
✔ [10805/11251] Built Euler.FieldTowerGraphGevrey (10s)
✔ [10806/11251] Built Euler.PacketJoinedSourceRegularity (6.8s)
✔ [10807/11251] Built Euler.PacketJoinedSourceConstraints (7.4s)
✔ [10808/11251] Built Euler.LiftedSmoothTimeFieldBounds (10s)
✔ [10809/11251] Built Euler.PacketPressureCovector (9.0s)
✔ [10810/11251] Built Euler.PacketMeanPressureGradient (9.8s)
✔ [10811/11251] Built Euler.PacketTerminalPrimaryBudget (6.2s)
✔ [10812/11251] Built Euler.PacketActivationRay (9.7s)
✔ [10813/11251] Built Euler.PacketCorrectionMetricBounds (12s)
✔ [10814/11251] Built Euler.PacketPrimaryCommonRadius (6.6s)
✔ [10815/11251] Built Euler.CylinderJetLpMap (15s)
✔ [10816/11251] Built Euler.CorrectionAssemblyPressureParity (7.2s)
✔ [10817/11251] Built Euler.PacketForwardStepBudget (8.1s)
✔ [10818/11251] Built Euler.PacketScalarPressureGrade (12s)
✔ [10819/11251] Built Euler.OrdinaryH3Norms (8.1s)
✔ [10820/11251] Built Euler.CorrectionAssemblyTime (10s)
✔ [10821/11251] Built Euler.PacketPhysicalLowBounds (14s)
✔ [10822/11251] Built NavierStokes (10s)
✔ [10824/11251] Built Euler.GevreyCompactProduct (7.3s)
✔ [10825/11251] Built Euler.OrdinaryWordInterpolation (8.3s)
✔ [10826/11251] Built Euler.CompactSmoothL2Bounds (7.9s)
✔ [10827/11251] Built Euler.OrdinaryH3Products (9.8s)
✔ [10828/11251] Built Euler.PacketPrimaryUncut (17s)
✔ [10829/11251] Built Euler.PacketJoinedUniformProfiles (7.1s)
✔ [10830/11251] Built Euler.PacketResidualTailActual (99s)
✔ [10831/11251] Built Euler.PacketJoinedSourceResidual (7.6s)
✔ [10832/11251] Built Euler.ChildParticleFieldBounds (12s)
✔ [10833/11251] Built Euler.PacketSourcePressureAssembly (6.3s)
✔ [10834/11251] Built Euler.FieldTowerVolumeSobolev (24s)
✔ [10835/11251] Built Euler.PacketInitializedRadius (6.1s)
✔ [10836/11251] Built Euler.PacketJoinedSourcePiola (7.1s)
✔ [10837/11251] Built Euler.SmoothCylinderGevrey (13s)
✔ [10838/11251] Built Euler.PacketForwardUniformProfiles (6.6s)
✔ [10839/11251] Built Euler.AllOrderDriftPressure (7.5s)
✔ [10840/11251] Built Euler.PacketAngularPressureStepBound (6.9s)
✔ [10841/11251] Built Euler.CylinderJetLpAlgebra (9.2s)
✔ [10842/11251] Built Euler.PacketActivationSourceData (10s)
✔ [10843/11251] Built Euler.OrdinaryFieldScaling (8.1s)
✔ [10844/11251] Built Euler.PacketCorrectionPrimitiveBounds (12s)
✔ [10845/11251] Built Euler.WholeSpaceGaussianFields (9.8s)
✔ [10846/11251] Built Euler.OrdinaryTameProduct (7.9s)
✔ [10847/11251] Built Euler.BaseEulerDatum (9.1s)
✔ [10848/11251] Built Euler.PacketForwardScalarPressureGrade (12s)
✔ [10849/11251] Built Euler.OrdinaryH3Commutator (7.7s)
✔ [10850/11251] Built Euler.OrdinaryGradientProducts (9.0s)
✔ [10851/11251] Built Euler.PacketProfileTailGrade (6.8s)
✔ [10852/11251] Built Euler.PacketInitializedProfiles (6.7s)
✔ [10853/11251] Built Euler.PacketForwardFactorization (10s)
✔ [10854/11251] Built Euler.ChildParticleFieldTime (9.2s)
✔ [10855/11251] Built Euler.PacketInitializedCanonicalRadius (7.1s)
✔ [10856/11251] Built Euler.ChildParticleSourceBound (8.2s)
✔ [10857/11251] Built Euler.PacketForwardInitializedProfiles (6.3s)
✔ [10858/11251] Built Euler.PacketForwardApproximationBounds (7.6s)
✔ [10859/11251] Built Euler.PacketSourceVolumeSobolev (9.7s)
✔ [10860/11251] Built Euler.ParentCorrectionCostEnvelope (6.1s)
✔ [10861/11251] Built Euler.PacketJoinedSourceSolenoidal (8.8s)
✔ [10862/11251] Built Euler.PacketSourcePrimitiveBounds (5.9s)
✔ [10863/11251] Built Euler.AllOrderDriftCorrection (19s)
✔ [10864/11251] Built Euler.PacketPhysicalCorrectionPotential (8.4s)
✔ [10865/11251] Built Euler.PacketActivationHistory (15s)
✔ [10866/11251] Built Euler.SmoothCylinderComposition (11s)
✔ [10867/11251] Built Euler.PacketProfileTailEstimates (7.2s)
✔ [10868/11251] Built Euler.WholeSpaceGaussianHigh (8.4s)
✔ [10869/11251] Built Euler.PacketInitializedProfilesParity (6.6s)
✔ [10870/11251] Built Euler.OrdinaryH3Energy (9.0s)
✔ [10871/11251] Built Euler.PacketForwardInitializedPressure (6.0s)
✔ [10872/11251] Built Euler.PacketForwardInitializedProfilesParity (7.1s)
✔ [10873/11251] Built Euler.PacketJoinedPressureAssembly (8.8s)
✔ [10874/11251] Built Euler.PacketInitializedPressureBudgets (9.9s)
✔ [10875/11251] Built Euler.PacketRadiusCostPolynomial (8.5s)
✔ [10876/11251] Built Euler.BaseEulerGevrey (10s)
✔ [10877/11251] Built Euler.PacketSourceSmoothField (9.0s)
✔ [10878/11251] Built Euler.PacketFirstPressureSign (12s)
✔ [10879/11251] Built Euler.PacketJoinedApproximationBounds (8.1s)
✔ [10880/11251] Built Euler.PacketForwardPrimaryShear (13s)
✔ [10881/11251] Built Euler.AllOrderDriftRadiusBounds (7.3s)
✔ [10882/11251] Built Euler.WholeSpaceGaussianElliptic (7.2s)
✔ [10883/11251] Built Euler.OrdinaryTameEnergy (8.1s)
✔ [10884/11251] Built Euler.PacketActivationLipschitz (33s)
✔ [10885/11251] Built Euler.OrdinaryEulerDifference (10s)
✔ [10886/11251] Built Euler.PacketForwardPressureBudgets (11s)
✔ [10887/11251] Built Euler.PacketPressureRemainder (9.6s)
✔ [10888/11251] Built Euler.BaseEulerUniform (8.5s)
✔ [10889/11251] Built Euler.AllOrderDriftEquation (17s)
✔ [10890/11251] Built Euler.WholeSpaceLogarithmic (7.9s)
✔ [10891/11251] Built Euler.CorrectionAssemblySourceTower (17s)
✔ [10892/11251] Built Euler.OrdinaryGradientEnergy (8.1s)
✔ [10893/11251] Built Euler.SmoothCylinderAccelerationLp (17s)
✔ [10894/11251] Built Euler.EvolutionTimeShift (6.6s)
✔ [10895/11251] Built Euler.PacketEulerianRegularity (13s)
✔ [10896/11251] Built Euler.PacketInitializedRadiusPolynomial (13s)
✔ [10897/11251] Built Euler.OrdinaryH3Envelope (7.8s)
✔ [10898/11251] Built Euler.AllOrderDriftPressureBounds (5.3s)
✔ [10899/11251] Built Euler.AllOrderDriftGraph (5.8s)
✔ [10900/11251] Built Euler.PacketActivationData (23s)
✔ [10901/11251] Built Euler.SmoothCylinderAccelerationComposition (6.5s)
✔ [10902/11251] Built Euler.OrdinaryEulerStability (7.7s)
✔ [10903/11251] Built Euler.AllOrderDriftResidualBounds (5.9s)
✔ [10904/11251] Built Euler.CorrectionSmoothTimeField (6.1s)
✔ [10905/11251] Built Euler.PacketSourceRadiusPolynomial (8.8s)
✔ [10906/11251] Built Euler.AllOrderDriftPointwiseBounds (6.4s)
✔ [10907/11251] Built Euler.PacketActivationFrame (7.8s)
✔ [10908/11251] Built Euler.OrdinaryEulerRestriction (4.5s)
✔ [10909/11251] Built Euler.H3CurlConvergence (5.2s)
✔ [10910/11251] Built Euler.OrdinaryEulerL2Stability (6.0s)
✔ [10911/11251] Built Euler.PhysicalGraphFlowBounds (9.1s)
✔ [10912/11251] Built Euler.PacketForwardRadiusPolynomial (7.5s)
✔ [10913/11251] Built Euler.OrdinaryEulerVaryingHorizon (5.7s)
✔ [10914/11251] Built Euler.OrdinaryEulerHigherEnergy (4.9s)
✔ [10915/11251] Built Euler.OrdinaryVariableGronwall (5.1s)
✔ [10916/11251] Built Euler.OrdinaryQuadraticControl (5.2s)
✔ [10917/11251] Built Euler.PacketActivationInitial (6.9s)
✔ [10918/11251] Built Euler.PhysicalGraphFlowSupBounds (5.7s)
✔ [10919/11251] Built Euler.PacketGraphFlowFieldBounds (6.4s)
✔ [10920/11251] Built Euler.PacketForwardCanonicalRadius (4.7s)
✔ [10921/11251] Built Euler.PhysicalGraphTimeFields (6.5s)
✔ [10922/11251] Built Euler.PacketActivationNeighbor (5.1s)
✔ [10923/11251] Built Euler.OrdinaryEulerGradientControl (6.0s)
✔ [10924/11251] Built Euler.PacketActivationConstructed (5.0s)
✔ [10925/11251] Built Euler.PhysicalChildFields (5.6s)
✔ [10926/11251] Built Euler.PhysicalChildStructure (5.0s)
✔ [10927/11251] Built Euler.OrdinaryGradientStability (5.1s)
✔ [10928/11251] Built Euler.PacketGraphFlowSupBounds (10s)
✔ [10929/11251] Built Euler.OrdinaryEulerRescaling (5.8s)
✔ [10930/11251] Built Euler.PhysicalChildSourceBound (5.2s)
✔ [10931/11251] Built Euler.OrdinaryCauchyInterpolation (12s)
✔ [10932/11251] Built Euler.OrdinaryEulerVorticity (7.6s)
✔ [10933/11251] Built Euler.PhysicalChildParent (5.0s)
✔ [10934/11251] Built Euler.PacketSourceResidualFields (74s)
✔ [10935/11251] Built Euler.PacketUniversalFrequency (4.2s)
✔ [10936/11251] Built Euler.PacketSourceGeometryData (10s)
✔ [10937/11251] Built Euler.PacketJoinedResidualFields (75s)
✔ [10938/11251] Built Euler.PhysicalChildVelocity (6.1s)
✔ [10939/11251] Built Euler.ParentPacketLabelData (6.3s)
✔ [10940/11251] Built Euler.OrdinaryVorticityCoordinates (6.6s)
✔ [10941/11251] Built Euler.PacketForwardResidualBounds (5.9s)
✔ [10942/11251] Built Euler.OrdinarySobolevTower (8.7s)
✔ [10943/11251] Built Euler.PacketJoinedResidualBounds (6.7s)
✔ [10944/11251] Built Euler.ParentFrameReframe (8.6s)
✔ [10945/11251] Built Euler.PacketGraphFlowExplicitBounds (14s)
✔ [10946/11251] Built Euler.OrdinaryLogarithmicGradient (6.4s)
✔ [10947/11251] Built Euler.PacketForwardInitializedBounds (6.0s)
✔ [10948/11251] Built Euler.ParentPacketRestriction (7.7s)
✔ [10949/11251] Built Euler.ParentPacketScaledBounds (7.9s)
✔ [10950/11251] Built Euler.PacketSourceGeometryAssembly (11s)
✔ [10951/11251] Built Euler.OrdinaryStrongTime (9.5s)
✔ [10952/11251] Built Euler.ParentPacketGeometryFrame (14s)
✔ [10953/11251] Built Euler.PacketInitializedBounds (6.7s)
✔ [10954/11251] Built Euler.OrdinaryHelmholtzField (10s)
✔ [10955/11251] Built Euler.PacketForwardInitializedCorrectionData (6.3s)
✔ [10956/11251] Built Euler.PacketSourceGeometryGrowth (6.9s)
✔ [10957/11251] Built Euler.ParentPacketForwardInput (7.5s)
✔ [10958/11251] Built Euler.BaseEulerGuards (7.7s)
✔ [10959/11251] Built Euler.ParentPacketJoinedInput (8.7s)
✔ [10960/11251] Built Euler.PacketInitializedCorrectionData (7.3s)
✔ [10961/11251] Built Euler.OrdinaryEulerUniqueness (6.9s)
✔ [10962/11251] Built Euler.CompactProjectedPairing (6.0s)
✔ [10963/11251] Built Euler.OrdinaryEulerKineticEnergy (7.1s)
✔ [10964/11251] Built Euler.ParentStageHorizon (11s)
✔ [10965/11251] Built Euler.ParentPacketPhysicalFrame (9.5s)
✔ [10966/11251] Built Euler.PacketForwardInitializedSolenoidal (7.4s)
✔ [10967/11251] Built Euler.PacketForwardGeometryData (13s)
✔ [10968/11251] Built Euler.PacketForwardInitializedCorrectionNorms (8.4s)
✔ [10969/11251] Built Euler.PacketForwardInitializedResidualEquation (8.6s)
✔ [10970/11251] Built Euler.OrdinarySmoothLimit (21s)
✔ [10971/11251] Built Euler.ParentPacketNeighborBounds (15s)
✔ [10972/11251] Built Euler.PacketForwardInitializedFieldParity (8.4s)
✔ [10973/11251] Built Euler.PacketInitializedSolenoidal (7.6s)
✔ [10974/11251] Built Euler.PacketInitializedFieldParity (8.7s)
✔ [10975/11251] Built Euler.PacketGeometryLowBounds (12s)
✔ [10976/11251] Built Euler.PacketInitializedCorrectionNorms (8.2s)
✔ [10977/11251] Built Euler.PacketInitializedResidualEquation (9.5s)
✔ [10978/11251] Built Euler.ParentPacketHistoryLowBounds (9.8s)
✔ [10979/11251] Built Euler.OrdinaryEulerLogarithmicControl (7.0s)
✔ [10980/11251] Built Euler.BaseEulerSign (14s)
✔ [10981/11251] Built Euler.ParentInitializedRadiusPolynomial (14s)
✔ [10982/11251] Built Euler.PacketForwardInitializedSpatialBudget (7.9s)
✔ [10983/11251] Built Euler.PacketForwardGeometryAssembly (8.8s)
✔ [10984/11251] Built Euler.CompactProjectedEulerLaw (10s)
✔ [10985/11251] Built Euler.ComparatorEvolutionIdentification (12s)
✔ [10986/11251] Built Euler.ParentPacketPrimaryCenter (12s)
✔ [10987/11251] Built Euler.PacketForwardInitializedTimeBounds (8.4s)
✔ [10988/11251] Built Euler.ParentStageDirection (13s)
✔ [10989/11251] Built Euler.PacketForwardInitializedCorrectionParity (7.0s)
✔ [10990/11251] Built Euler.PacketInitializedCorrectionParity (8.4s)
✔ [10991/11251] Built Euler.PacketForwardRemainder (11s)
✔ [10992/11251] Built Euler.SmoothL2Series (11s)
✔ [10993/11251] Built Euler.PacketInitializedSpatialBudget (8.2s)
✔ [10994/11251] Built Euler.PacketInitializedTimeBounds (8.2s)
✔ [10995/11251] Built Euler.ParentForwardGeometryGuards (11s)
✔ [10996/11251] Built Euler.OrdinarySmoothingOperator (19s)
✔ [10997/11251] Built Euler.OrdinaryAdvectionLimit (12s)
✔ [10998/11251] Built Euler.ParentPacketHistoryNeighbor (12s)
✔ [10999/11251] Built Euler.PacketParameterEnvelope (8.9s)
✔ [11000/11251] Built Euler.PacketForwardGeometryLowBounds (7.5s)
✔ [11001/11251] Built Euler.PacketForwardInitializedAllOrderBudget (11s)
✔ [11002/11251] Built Euler.PacketInitializedRemainder (12s)
✔ [11003/11251] Built Euler.ParentShortForwardRadius (12s)
✔ [11004/11251] Built Euler.OrdinaryRegularizer (7.4s)
✔ [11005/11251] Built Euler.PacketForwardPressureRemainder (8.8s)
✔ [11006/11251] Built Euler.PacketGeometryControlledGrowth (6.2s)
✔ [11007/11251] Built Euler.OrdinaryEulerLimit (8.0s)
✔ [11008/11251] Built Euler.OrdinaryRegularizedEquation (9.1s)
✔ [11009/11251] Built Euler.PacketFirstLowBounds (7.4s)
✔ [11010/11251] Built Euler.PacketInitializedAllOrderBudget (10s)
✔ [11011/11251] Built Euler.PacketInitializedInitial (6.7s)
✔ [11012/11251] Built Euler.PacketForwardInitializedCorrectionChoice (7.6s)
✔ [11013/11251] Built Euler.ParentPacketHistoryPolynomial (10s)
✔ [11014/11251] Built Euler.PacketInitializedPressureRemainder (8.1s)
✔ [11015/11251] Built Euler.ParentForwardGeometryInput (5.9s)
✔ [11016/11251] Built Euler.PacketGeometryJoinedBudget (6.1s)
✔ [11017/11251] Built Euler.PacketInitializedCorrectionBounds (4.3s)
✔ [11018/11251] Built Euler.OrdinaryEulerCauchy (6.3s)
✔ [11019/11251] Built Euler.ParentPacketGeometryGuards (14s)
✔ [11020/11251] Built Euler.PacketInitializedCorrectionChoice (6.8s)
✔ [11021/11251] Built Euler.PacketForwardHessianError (10s)
✔ [11022/11251] Built Euler.ParentPacketGeometryInput (5.9s)
✔ [11023/11251] Built Euler.PacketGeometryProfileEnvelope (6.0s)
✔ [11024/11251] Built Euler.ParentPacketNeighborPolynomial (8.7s)
✔ [11025/11251] Built Euler.OrdinaryRegularizedFlow (11s)
✔ [11026/11251] Built Euler.OrdinaryEulerLocalCauchy (5.8s)
✔ [11027/11251] Built Euler.OrdinaryGradientLimit (6.5s)
✔ [11028/11251] Built Euler.PacketInitializedHessianError (9.8s)
✔ [11029/11251] Built Euler.ParentForwardRadiusPolynomial (8.0s)
✔ [11030/11251] Built Euler.PacketFiveCostPolynomial (15s)
✔ [11031/11251] Built Euler.ParentPacketNeighborScaleGuard (6.1s)
✔ [11032/11251] Built Euler.PacketForwardInitializedCorrectionEstimates (12s)
✔ [11033/11251] Built Euler.ParentPacketParameterCaps (6.8s)
✔ [11034/11251] Built Euler.PacketInitializedExactLifted (10s)
✔ [11035/11251] Built Euler.OrdinaryEulerEndpoint (5.7s)
✔ [11036/11251] Built Euler.OrdinaryRegularizationError (6.6s)
✔ [11037/11251] Built Euler.OrdinaryRegularizedEnergy (6.6s)
✔ [11038/11251] Built Euler.ParentPacketBadRatioPolynomial (8.3s)
✔ [11039/11251] Built Euler.PacketInitializedCorrectionEstimateChoice (12s)
✔ [11040/11251] Built Euler.ParentNeighborThreshold (4.0s)
✔ [11041/11251] Built Euler.OrdinaryEulerLifespan (4.7s)
✔ [11042/11251] Built Euler.AllOrderDriftFieldDecomposition (4.9s)
✔ [11043/11251] Built Euler.PacketForwardInitializedExactLifted (5.2s)
✔ [11044/11251] Built Euler.OrdinaryPerturbedEnergy (6.7s)
✔ [11045/11251] Built Euler.PacketCorrectionOutputPolynomial (9.1s)
✔ [11046/11251] Built Euler.PacketFiveCostGuards (9.1s)
✔ [11047/11251] Built Euler.PacketInitializedPointwiseChoice (6.5s)
✔ [11048/11251] Built Euler.PacketPressureScaleCosts (8.7s)
✔ [11049/11251] Built Euler.PacketLiftedCoefficient (5.6s)
✔ [11050/11251] Built Euler.OrdinaryEulerConcatenation (6.0s)
✔ [11051/11251] Built Euler.OrdinaryEulerMaximal (6.3s)
✔ [11052/11251] Built Euler.PacketExactShearError (6.7s)
✔ [11053/11251] Built Euler.ExactLiftedPointwise (11s)
✔ [11054/11251] Built Euler.PacketInitializedUniformCosts (5.1s)
✔ [11055/11251] Built Euler.OrdinaryRegularizedCauchy (7.4s)
✔ [11056/11251] Built Euler.PacketInitializedPhysicalChoice (7.7s)
✔ [11057/11251] Built Euler.PacketLiftedParity (5.5s)
✔ [11058/11251] Built Euler.PacketGeometryPressureCosts (6.4s)
✔ [11059/11251] Built Euler.PacketInitializedInitialExact (6.2s)
✔ [11060/11251] Built Euler.PacketInitializedParameterBounds (5.7s)
✔ [11061/11251] Built Euler.OrdinaryEulerSobolevClass (7.6s)
✔ [11062/11251] Built Euler.PacketInitializedUniformBudget (6.9s)
✔ [11063/11251] Built Euler.ComparatorIdentification (8.9s)
✔ [11064/11251] Built Euler.PacketExactGlobalShear (9.0s)
✔ [11065/11251] Built Euler.PacketLiftedCoefficientBounds (11s)
✔ [11066/11251] Built Euler.SmallCorrectionResidual (10s)
✔ [11067/11251] Built Euler.ExactLiftedJointDifferentiability (10s)
✔ [11068/11251] Built Euler.PacketPressureSeries (5.6s)
✔ [11069/11251] Built Euler.OrdinaryEulerLocalExistence (8.2s)
✔ [11070/11251] Built Euler.PacketForwardUniformCosts (4.7s)
✔ [11071/11251] Built Euler.PacketInitialSmoothFields (5.3s)
✔ [11072/11251] Built Euler.StaticEulerCorrection (4.0s)
✔ [11073/11251] Built Euler.ExactLiftedGraphPressure (5.6s)
✔ [11074/11251] Built Euler.SmallCorrectionParity (5.5s)
✔ [11075/11251] Built Euler.PacketCommonScaleChoice (5.6s)
✔ [11076/11251] Built Euler.PhysicalChildPacketMatch (6.5s)
✔ [11077/11251] Built Euler.PacketInitializedUniformBounds (9.7s)
✔ [11078/11251] Built Euler.OrdinaryEulerContinuation (6.6s)
✔ [11079/11251] Built Euler.PacketInitializedPhysicalFieldsChoice (13s)
✔ [11080/11251] Built Euler.PacketExactSourceEquation (8.0s)
✔ [11081/11251] Built Euler.OrdinaryEulerClassicalClass (15s)
✔ [11082/11251] Built Euler.StaticEulerWeightedBounds (6.9s)
✔ [11083/11251] Built Euler.PacketLiftedTimeBounds (12s)
✔ [11084/11251] Built Euler.OrdinaryBKMReduction (6.1s)
✔ [11085/11251] Built Euler.OrdinaryMaximalVorticity (6.8s)
✔ [11086/11251] Built Euler.OrdinaryEulerNontriviality (6.7s)
✔ [11087/11251] Built Euler.PacketExactPressureError (9.7s)
✔ [11088/11251] Built Euler.PacketInitializedHessianChoice (7.8s)
✔ [11089/11251] Built Euler.PacketForwardExactFields (10s)
✔ [11090/11251] Built Euler.ParentNormalizedGeometry (9.6s)
✔ [11091/11251] Built Euler.PacketExactPhysicalMomentum (7.0s)
✔ [11092/11251] Built Euler.PacketWeightedPhysicalErrors (10s)
✔ [11093/11251] Built Euler.PacketForwardUniformBudget (11s)
✔ [11094/11251] Built Euler.PacketLiftedFlowData (6.6s)
✔ [11095/11251] Built Euler.OrdinaryMaximalVorticityIntegral (5.4s)
✔ [11096/11251] Built Euler.PacketForwardInitialSupport (5.8s)
✔ [11097/11251] Built Euler.ParentParticleInverse (6.1s)
✔ [11098/11251] Built Euler.ParentNormalizedEuler (6.1s)
✔ [11099/11251] Built Euler.PacketExactPhysicalDivergence (6.6s)
✔ [11100/11251] Built Euler.PacketForwardExactPressureError (7.1s)
✔ [11101/11251] Built Euler.PacketExactGlobalChoice (8.9s)
✔ [11102/11251] Built Euler.OrdinaryEulerBKM (5.3s)
✔ [11103/11251] Built Euler.PacketForwardGlobalShear (9.7s)
✔ [11104/11251] Built Euler.CompactVorticityTimeUpgrade (14s)
✔ [11105/11251] Built Euler.PacketPhysicalCostPolynomial (7.9s)
✔ [11106/11251] Built Euler.ParentParticleRegularity (6.4s)
✔ [11107/11251] Built Euler.PacketForwardInitializedFlowBounds (9.8s)
✔ [11108/11251] Built Euler.ParentPacketSobolevFields (7.1s)
✔ [11109/11251] Built Euler.PacketExactPhysicalEuler (7.0s)
✔ [11110/11251] Built Euler.ParentPacketParity (7.5s)
✔ [11111/11251] Built Euler.BaseEulerParent (8.4s)
✔ [11112/11251] Built Euler.CompactVorticityContradiction (7.8s)
✔ [11113/11251] Built Euler.ConstantEulerGraph (28s)
✔ [11114/11251] Built Euler.ComparatorLocalEvolution (8.2s)
✔ [11115/11251] Built Euler.ParentEulerState (5.8s)
✔ [11116/11251] Built Euler.PacketInitializedOutputCosts (8.6s)
✔ [11117/11251] Built Euler.ParentPacketCorrectionParity (6.1s)
✔ [11118/11251] Built Euler.PacketInitializedFlowAndShear (11s)
✔ [11119/11251] Built Euler.PacketExactEulerianField (6.3s)
✔ [11120/11251] Built Euler.BaseEulerParity (5.4s)
✔ [11121/11251] Built Euler.PacketForwardInitializedFlowAndShear (8.8s)
✔ [11122/11251] Built Euler.ParentEulerParity (5.7s)
✔ [11123/11251] Built Euler.PacketPressureSymmetry (5.9s)
✔ [11124/11251] Built Euler.StaticEulerTime (6.7s)
✔ [11125/11251] Built Euler.ParentEulerLowBounds (6.5s)
✔ [11126/11251] Built Euler.BaseEulerFlowL2 (10s)
✔ [11127/11251] Built Euler.StaticEulerSolution (7.3s)
✔ [11128/11251] Built Euler.PacketSourceUniformEnvelope (5.9s)
✔ [11129/11251] Built Euler.ParentEulerSobolev (6.0s)
✔ [11130/11251] Built Euler.PacketForwardOutputCosts (8.4s)
✔ [11131/11251] Built Euler.PacketInitializedChildBounds (8.8s)
✔ [11132/11251] Built Euler.ParentPacketExactEuler (9.4s)
✔ [11133/11251] Built Euler.BaseEulerLabelData (6.1s)
✔ [11134/11251] Built Euler.StaticEulerRegularity (6.0s)
✔ [11135/11251] Built Euler.PacketForwardInitializedChildShear (9.9s)
✔ [11136/11251] Built Euler.StaticEulerParity (7.3s)
✔ [11137/11251] Built Euler.ParentOrdinaryEvolution (6.9s)
✔ [11138/11251] Built Euler.PacketGeometryInitialAmplitude (7.2s)
✔ [11139/11251] Built Euler.PacketInitialCostPolynomial (7.3s)
✔ [11140/11251] Built Euler.PacketCurlTransport (9.0s)
✔ [11141/11251] Built Euler.ParentEulerEndpoints (8.6s)
✔ [11142/11251] Built Euler.ParentForwardUniformCosts (9.1s)
✔ [11143/11251] Built Euler.PacketInitializedUniformFlow (15s)
✔ [11144/11251] Built Euler.ParentInitializedUniformCosts (10s)
✔ [11145/11251] Built Euler.ParentPacketExactDivergence (6.4s)
✔ [11146/11251] Built Euler.StaticEulerForceField (5.4s)
✔ [11147/11251] Built Euler.ParentPacketChildChoice (7.9s)
✔ [11148/11251] Built Euler.ParentPacketForwardChildChoice (7.4s)
✔ [11149/11251] Built Euler.ParentPacketExactPressure (9.6s)
✔ [11150/11251] Built Euler.StaticEulerGevrey (7.9s)
✔ [11151/11251] Built Euler.PacketForwardUniformFlow (12s)
✔ [11152/11251] Built Euler.PacketUniformInitialBounds (8.7s)
✔ [11153/11251] Built Euler.PacketInitializedUniformChild (6.8s)
✔ [11154/11251] Built Euler.ParentChildEulerMatch (4.8s)
✔ [11155/11251] Built Euler.PacketChildFieldMatch (5.7s)
✔ [11156/11251] Built Euler.BaseStaticEuler (6.0s)
✔ [11157/11251] Built Euler.PacketInitialPolynomialBounds (4.3s)
✔ [11158/11251] Built Euler.ParentUniformJoinedChild (5.4s)
✔ [11159/11251] Built Euler.PacketForwardUniformChild (6.8s)
✔ [11160/11251] Built Euler.ParentEulerChild (4.7s)
✔ [11161/11251] Built Euler.BaseEulerInput (4.3s)
✔ [11162/11251] Built Euler.ParentForwardInitialSupport (4.8s)
✔ [11163/11251] Built Euler.ParentUniformForwardChild (5.3s)
✔ [11164/11251] Built Euler.ParentGeometryInitialBounds (7.4s)
✔ [11165/11251] Built Euler.BaseEulerSobolev (3.8s)
✔ [11166/11251] Built Euler.ParentEulerSobolevChild (5.1s)
✔ [11167/11251] Built Euler.PacketChildLowBounds (9.4s)
✔ [11168/11251] Built Euler.ParentState (4.1s)
✔ [11169/11251] Built Euler.PacketInitialInput (4.6s)
✔ [11170/11251] Built Euler.BaseEulerState (5.1s)
✔ [11171/11251] Built Euler.PacketInitialSummability (3.9s)
✔ [11172/11251] Built Euler.ParentInitializedState (4.1s)
✔ [11173/11251] Built Euler.BaseSmoothState (3.4s)
✔ [11174/11251] Built Euler.ParentStateGeometry (5.0s)
✔ [11175/11251] Built Euler.PacketForwardChildLowBounds (8.5s)
✔ [11176/11251] Built Euler.PacketInitialSmoothLimit (6.1s)
✔ [11177/11251] Built Euler.ParentPacketStateGeometry (5.2s)
✔ [11178/11251] Built Euler.BasePacketSetup (6.9s)
✔ [11179/11251] Built Euler.ParentPacketInitialLowBounds (6.0s)
✔ [11180/11251] Built Euler.ParentRenewalParameters (7.3s)
✔ [11181/11251] Built Euler.ParentHomogeneousPacketLowBounds (8.6s)
✔ [11182/11251] Built Euler.PacketLowConstants (5.8s)
✔ [11183/11251] Built Euler.BasePacketFrameValues (5.8s)
✔ [11184/11251] Built Euler.PacketInitialExactLimit (6.9s)
✔ [11185/11251] Built Euler.ParentPacketChildLowGuards (6.3s)
✔ [11186/11251] Built Euler.ParentRenewalScaleCosts (6.0s)
✔ [11187/11251] Built Euler.BasePacketUniformCosts (8.4s)
✔ [11188/11251] Built Euler.BasePacketLowBounds (7.4s)
✔ [11189/11251] Built Euler.ParentFirstPacketLowGuards (7.7s)
✔ [11190/11251] Built Euler.ParentNormalPacketParameters (5.5s)
✔ [11191/11251] Built Euler.ParentRenewalScaleApplication (5.0s)
✔ [11192/11251] Built Euler.BasePacketFrequencyCost (5.5s)
✔ [11193/11251] Built Euler.NormalPacketFrequencyGuards (4.7s)
✔ [11194/11251] Built Euler.ParentForwardNormalParameters (5.2s)
✔ [11195/11251] Built Euler.BaseFirstPacketScales (4.8s)
✔ [11196/11251] Built Euler.ParentGeometryForwardChoice (24s)
✔ [11197/11251] Built Euler.ParentGeometryForwardChoiceNoOptions (25s)
✔ [11198/11251] Built Euler.PacketInductionScales (4.7s)
✔ [11199/11251] Built Euler.ParentGeometryJoinedChoice (20s)
✔ [11200/11251] Built Euler.PacketInductionScaleBounds (4.1s)
✔ [11201/11251] Built Euler.ParentGeometryJoinedChoiceInvestigation (22s)
✔ [11202/11251] Built Euler.ParentTargetRenewal (29s)
✔ [11203/11251] Built Euler.BaseFirstPacket (21s)
✔ [11204/11251] Built Euler.ParentGeometryChoiceLow (16s)
✔ [11205/11251] Built Euler.ParentGeometryChoiceCenter (23s)
✔ [11206/11251] Built Euler.BaseFirstPacketChoice (24s)
✔ [11207/11251] Built Euler.BaseFirstPacketChoiceNoOptions (24s)
✔ [11208/11251] Built Euler.ParentGeometryChoiceRenewal (8.2s)
✔ [11209/11251] Built Euler.BaseLiteralFirstPacket (3.0s)
✔ [11210/11251] Built Euler.ParentGeometryChoiceInitial (17s)
✔ [11211/11251] Built Euler.ParentChoiceInitialSupport (3.0s)
✔ [11212/11251] Built Euler.BaseFirstPacketEvolution (19s)
✔ [11213/11251] Built Euler.BaseFirstPacketEvolutionNoOptions (19s)
✔ [11214/11251] Built Euler.BaseFirstPacketFrame (8.9s)
✔ [11215/11251] Built Euler.PacketInductionStage (5.1s)
✔ [11216/11251] Built Euler.PacketStageLocalExistence (4.7s)
✔ [11217/11251] Built Euler.PacketStageLowPropagation (4.9s)
✔ [11218/11251] Built Euler.PacketStageRestriction (6.1s)
✔ [11219/11251] Built Euler.PacketStageGrowth (6.1s)
✔ [11220/11251] Built Euler.PacketStagePhysicalBounds (3.9s)
✔ [11221/11251] Built Euler.PacketStageContradiction (4.1s)
✔ [11222/11251] Built Euler.PacketStageGeometry (6.5s)
✔ [11223/11251] Built Euler.PacketStageGuards (7.2s)
✔ [11224/11251] Built Euler.BaseInductionStage (20s)
✔ [11225/11251] Built Euler.BaseInductionStageNoOptions (20s)
✔ [11226/11251] Built Euler.PacketStageInputs (5.8s)
✔ [11227/11251] Built Euler.PacketStageEstimates (6.1s)
✔ [11228/11251] Built Euler.PacketStageInitialLimit (5.8s)
✔ [11229/11251] Built Euler.PacketForwardSuccessor (8.1s)
✔ [11230/11251] Built Euler.PacketInitialDatumSupport (4.0s)
✔ [11231/11251] Built Euler.PacketJoinedSuccessor (17s)
✔ [11232/11251] Built Euler.BaseFirstPacketSupport (25s)
✔ [11233/11251] Built Euler.PacketInfiniteConstruction (3.0s)
✔ [11234/11251] Built Euler.PacketFiniteLifespan (4.0s)
✔ [11235/11251] Built Euler.StageDisplacementConfinement (4.6s)
✔ [11236/11251] Built Euler.CanonicalPacketHorizons (3.8s)
✔ [11237/11251] Built Euler.PacketFirstStageSupport (20s)
✔ [11238/11251] Built Euler.StageInitialSupport (16s)
✔ [11239/11251] Built Euler.StageVorticityConfinement (3.5s)
✔ [11240/11251] Built Euler.EulerFiniteLifespan (20s)
✔ [11241/11251] Built Euler.CanonicalVorticityConfinement (3.8s)
✔ [11242/11251] Built Euler.EulerC1Breakdown (4.8s)
✔ [11243/11251] Built Euler.EulerC1Limsup (3.9s)
✔ [11244/11251] Built Euler.EulerSingularity (3.0s)
✔ [11245/11251] Built Euler (3.3s)
✔ [11246/11251] Built Euler.ComparatorSingularityNorms (6.7s)
✔ [11247/11251] Built Euler.ComparatorSobolevEvolution (8.2s)
✔ [11248/11251] Built Euler.ComparatorMaximalFields (6.7s)
✔ [11249/11251] Built Euler.ComparatorMaximalSolution (6.9s)
ℹ [11250/11251] Built Euler.Solution (6.4s)
info: Euler/Solution.lean:73:0: 'Euler.euler_breakdown_R3' depends on axioms: [propext, Classical.choice, Quot.sound]
info: Euler/Solution.lean:75:0: 'Euler.exists_compact_smooth_euler_singularity' depends on axioms: [propext, Classical.choice, Quot.sound]
Build completed successfully (11251 jobs).
	Command being timed: "lake build"
	User time (seconds): 32549.85
	System time (seconds): 3524.59
	Percent of CPU this job got: 1433%
	Elapsed (wall clock) time (h:mm:ss or m:ss): 41:56.88
	Average shared text size (kbytes): 0
	Average unshared data size (kbytes): 0
	Average stack size (kbytes): 0
	Average total size (kbytes): 0
	Maximum resident set size (kbytes): 7424052
	Average resident set size (kbytes): 0
	Major (requiring I/O) page faults: 37
	Minor (reclaiming a frame) page faults: 272917679
	Voluntary context switches: 9513902
	Involuntary context switches: 12685689
	Swaps: 0
	File system inputs: 0
	File system outputs: 16257472
	Socket messages sent: 0
	Socket messages received: 0
	Signals delivered: 0
	Page size (bytes): 4096
	Exit status: 0
