⚠ [8658/10108] Replayed BoussinesqBlowup.Kit.ODE
warning: BoussinesqBlowup/Kit/ODE.lean:118:47: Variable name `hd` is not explicitly referenced.

The binding can be removed (if unused) or named `_` (if used implicitly).

Note: This linter can be disabled with `set_option linter.unusedVariables false`
warning: BoussinesqBlowup/Kit/ODE.lean:118:86: Variable name `hx` is not explicitly referenced.

The binding can be removed (if unused) or named `_` (if used implicitly).

Note: This linter can be disabled with `set_option linter.unusedVariables false`
warning: BoussinesqBlowup/Kit/ODE.lean:155:19: This simp argument is unused:
  NNReal.coe_mk

Hint: Omit it from the simp argument list.
  simp only [NNReal.coe_m̵k̵,̵ ̵N̵N̵R̵e̵a̵l̵.̵c̵o̵e̵_̵zero, sub_zero, sub_self]

Note: This linter can be disabled with `set_option linter.unusedSimpArgs false`
warning: BoussinesqBlowup/Kit/ODE.lean:210:41: Variable name `hx₀` is not explicitly referenced.

The binding can be removed (if unused) or named `_` (if used implicitly).

Note: This linter can be disabled with `set_option linter.unusedVariables false`
⚠ [8661/10108] Replayed BoussinesqBlowup.S2.Prufer
warning: BoussinesqBlowup/S2/Prufer.lean:623:5: Variable name `hD` is not explicitly referenced.

The binding can be removed (if unused) or named `_` (if used implicitly).

Note: This linter can be disabled with `set_option linter.unusedVariables false`
warning: BoussinesqBlowup/S2/Prufer.lean:701:19: Variable name `hD` is not explicitly referenced.

The binding can be removed (if unused) or named `_` (if used implicitly).

Note: This linter can be disabled with `set_option linter.unusedVariables false`
warning: BoussinesqBlowup/S2/Prufer.lean:701:32: Variable name `hy` is not explicitly referenced.

The binding can be removed (if unused) or named `_` (if used implicitly).

Note: This linter can be disabled with `set_option linter.unusedVariables false`
warning: BoussinesqBlowup/S2/Prufer.lean:742:48: Variable name `hV` is not explicitly referenced.

The binding can be removed (if unused) or named `_` (if used implicitly).

Note: This linter can be disabled with `set_option linter.unusedVariables false`
⚠ [8663/10108] Replayed BoussinesqBlowup.Hypotheses
warning: BoussinesqBlowup/Hypotheses.lean:1256:71: `ContinuousLinearMap.coe_comp'` has been deprecated: Use `ContinuousLinearMap.coe_comp` instead
warning: BoussinesqBlowup/Hypotheses.lean:1261:23: `ContinuousLinearMap.coe_comp'` has been deprecated: Use `ContinuousLinearMap.coe_comp` instead
warning: BoussinesqBlowup/Hypotheses.lean:1272:16: This simp argument is unused:
  ZeroMemClass.coe_zero

Hint: Omit it from the simp argument list.
  simp only [lerayQ, ContinuousLinearMap.coe_coe, ContinuousLinearMap.coe_comp,
  ̲  ̲ ̲ ̲ ̲ ̲Function.comp_apply, Submodule.subtypeL_apply, map_sub,
  ̲  ̲ ̲ ̲ ̲ ̲Submodule.orthogonalProjectionOnto_mem_subspace_eq_self, s̵u̵b̵_̵s̵e̵l̵f̵,̵ ̵Z̵e̵r̵o̵M̵e̵m̵C̵l̵a̵s̵s̵.̵c̵o̵e̵_̵z̵e̵r̵o̵]̵s̲u̲b̲_̲s̲e̲l̲f̲]̲

Note: This linter can be disabled with `set_option linter.unusedSimpArgs false`
warning: BoussinesqBlowup/Hypotheses.lean:1550:36: `ContinuousLinearMap.coe_comp'` has been deprecated: Use `ContinuousLinearMap.coe_comp` instead
⚠ [8664/10108] Replayed BoussinesqBlowup.S1.Pinned
warning: BoussinesqBlowup/S1/Pinned.lean:20:48: `EuclideanSpace.single_apply` has been deprecated: Use `PiLp.single_apply` instead

Note: The updated constant has a different type:
  ∀ (p : ENNReal) (𝕜 : Type u_1) {ι : Type u_2} [inst : DecidableEq ι] [inst_1 : Zero 𝕜] (i : ι) (a : 𝕜) (j : ι),
    (PiLp.single p i a).ofLp j = if j = i then a else 0
instead of
  ∀ {ι : Type u_1} {𝕜 : Type u_3} [inst : RCLike 𝕜] [inst_1 : DecidableEq ι] (i : ι) (a : 𝕜) (j : ι),
    (EuclideanSpace.single i a).ofLp j = if j = i then a else 0

Note: The updated constant is in a different namespace. Dot notation may need to be changed (e.g., from `x.single_apply` to `PiLp.single_apply x`).
warning: BoussinesqBlowup/S1/Pinned.lean:20:48: `EuclideanSpace.single_apply` has been deprecated: Use `PiLp.single_apply` instead

Note: The updated constant has a different type:
  ∀ (p : ENNReal) (𝕜 : Type u_1) {ι : Type u_2} [inst : DecidableEq ι] [inst_1 : Zero 𝕜] (i : ι) (a : 𝕜) (j : ι),
    (PiLp.single p i a).ofLp j = if j = i then a else 0
instead of
  ∀ {ι : Type u_1} {𝕜 : Type u_3} [inst : RCLike 𝕜] [inst_1 : DecidableEq ι] (i : ι) (a : 𝕜) (j : ι),
    (EuclideanSpace.single i a).ofLp j = if j = i then a else 0

Note: The updated constant is in a different namespace. Dot notation may need to be changed (e.g., from `x.single_apply` to `PiLp.single_apply x`).
warning: BoussinesqBlowup/S1/Pinned.lean:20:48: This simp argument is unused:
  EuclideanSpace.single_apply

Hint: Omit it from the simp argument list.
  simp [Jrot, rotJ, e,̵ ̵E̵u̵c̵l̵i̵d̵e̵a̵n̵S̵p̵a̵c̵e̵.̵s̵i̵n̵g̵l̵e̵_̵a̵p̵p̵l̵y̵]

Note: This linter can be disabled with `set_option linter.unusedSimpArgs false`
warning: BoussinesqBlowup/S1/Pinned.lean:114:45: Variable name `hξ` is not explicitly referenced.

The binding can be removed (if unused) or named `_` (if used implicitly).

Note: This linter can be disabled with `set_option linter.unusedVariables false`
warning: BoussinesqBlowup/S1/Pinned.lean:240:5: Variable name `htr` is not explicitly referenced.

The binding can be removed (if unused) or named `_` (if used implicitly).

Note: This linter can be disabled with `set_option linter.unusedVariables false`
warning: BoussinesqBlowup/S1/Pinned.lean:354:70: Variable name `hab` is not explicitly referenced.

The binding can be removed (if unused) or named `_` (if used implicitly).

Note: This linter can be disabled with `set_option linter.unusedVariables false`
warning: BoussinesqBlowup/S1/Pinned.lean:492:82: This simp argument is unused:
  Matrix.mulVec

Hint: Omit it from the simp argument list.
  simp [bgMatrix, Jmat, rotJ, e1r, e2r, childXi, linVel, Matrix.toEuclideanLin, M̵a̵d̲o̲tP̲ri̵x̵.̵m̵o̲d̲ul̵V̵e̵ct̲,
       ̵ ̵d̵o̵t̵P̵r̵o̵d̵u̵c̵t̵,̵ ̵Matrix.vecMulVec, Fin.sum_univ_two, Matrix.transpose_apply, Matrix.vecHead,
  ̵  ̵ ̵ ̵ ̵ ̵Matrix.vecTail]

Note: This linter can be disabled with `set_option linter.unusedSimpArgs false`
warning: BoussinesqBlowup/S1/Pinned.lean:493:6: This simp argument is unused:
  dotProduct

Hint: Omit it from the simp argument list.
  simp [bgMatrix, Jmat, rotJ, e1r, e2r, childXi, linVel, Matrix.toEuclideanLin, Matrix.mulVec,
       ̵ ̵d̵o̵t̵P̵r̵o̵d̵u̵c̵t̵,̵ ̵Matrix.vecMulVec, Fin.sum_univ_two, Matrix.transpose_apply, Matrix.vecHead,
  ̵  ̵ ̵ ̵ ̵ ̵Matrix.vecTail]

Note: This linter can be disabled with `set_option linter.unusedSimpArgs false`
warning: BoussinesqBlowup/S1/Pinned.lean:493:36: This simp argument is unused:
  Fin.sum_univ_two

Hint: Omit it from the simp argument list.
  simp [bgMatrix, Jmat, rotJ, e1r, e2r, childXi, linVel, Matrix.toEuclideanLin, Matrix.mulVec,
       ̵ ̵dotProduct, Matrix.vecMulVec, F̵i̵n̵.̵s̵u̵m̵_̵u̵n̵i̵v̵_̵t̵w̵o̵,̵ ̵Matrix.transpose_apply, Matrix.vecHead,
  ̵  ̵ ̵ ̵ ̵ ̵Matrix.vecTail]

Note: This linter can be disabled with `set_option linter.unusedSimpArgs false`
warning: BoussinesqBlowup/S1/Pinned.lean:498:82: This simp argument is unused:
  Matrix.mulVec

Hint: Omit it from the simp argument list.
  simp [bgMatrix, Jmat, rotJ, e1r, e2r, childXi, linVel, Matrix.toEuclideanLin, M̵a̵d̲o̲tP̲ri̵x̵.̵m̵o̲d̲ul̵V̵e̵ct̲,
       ̵ ̵d̵o̵t̵P̵r̵o̵d̵u̵c̵t̵,̵ ̵Matrix.vecMulVec, Fin.sum_univ_two, Matrix.transpose_apply, Matrix.vecHead,
  ̵  ̵ ̵ ̵ ̵ ̵Matrix.vecTail]

Note: This linter can be disabled with `set_option linter.unusedSimpArgs false`
warning: BoussinesqBlowup/S1/Pinned.lean:499:6: This simp argument is unused:
  dotProduct

Hint: Omit it from the simp argument list.
  simp [bgMatrix, Jmat, rotJ, e1r, e2r, childXi, linVel, Matrix.toEuclideanLin, Matrix.mulVec,
       ̵ ̵d̵o̵t̵P̵r̵o̵d̵u̵c̵t̵,̵ ̵Matrix.vecMulVec, Fin.sum_univ_two, Matrix.transpose_apply, Matrix.vecHead,
  ̵  ̵ ̵ ̵ ̵ ̵Matrix.vecTail]

Note: This linter can be disabled with `set_option linter.unusedSimpArgs false`
warning: BoussinesqBlowup/S1/Pinned.lean:499:36: This simp argument is unused:
  Fin.sum_univ_two

Hint: Omit it from the simp argument list.
  simp [bgMatrix, Jmat, rotJ, e1r, e2r, childXi, linVel, Matrix.toEuclideanLin, Matrix.mulVec,
       ̵ ̵dotProduct, Matrix.vecMulVec, F̵i̵n̵.̵s̵u̵m̵_̵u̵n̵i̵v̵_̵t̵w̵o̵,̵ ̵Matrix.transpose_apply, Matrix.vecHead,
  ̵  ̵ ̵ ̵ ̵ ̵Matrix.vecTail]

Note: This linter can be disabled with `set_option linter.unusedSimpArgs false`
warning: BoussinesqBlowup/S1/Pinned.lean:497:8: this tactic is never executed

Note: This linter can be disabled with `set_option linter.unreachableTactic false`
warning: BoussinesqBlowup/S1/Pinned.lean:503:8: this tactic is never executed

Note: This linter can be disabled with `set_option linter.unreachableTactic false`
warning: BoussinesqBlowup/S1/Pinned.lean:497:8: 'linear_combination (-(Ωo * (-Real.sin ψ) * k)) * hsc' tactic does nothing

Note: This linter can be disabled with `set_option linter.unusedTactic false`
warning: BoussinesqBlowup/S1/Pinned.lean:503:8: 'linear_combination (-(Ωo * Real.cos ψ * k)) * hsc' tactic does nothing

Note: This linter can be disabled with `set_option linter.unusedTactic false`
warning: BoussinesqBlowup/S1/Pinned.lean:514:8: this tactic is never executed

Note: This linter can be disabled with `set_option linter.unreachableTactic false`
warning: BoussinesqBlowup/S1/Pinned.lean:515:8: this tactic is never executed

Note: This linter can be disabled with `set_option linter.unreachableTactic false`
warning: BoussinesqBlowup/S1/Pinned.lean:518:8: this tactic is never executed

Note: This linter can be disabled with `set_option linter.unreachableTactic false`
warning: BoussinesqBlowup/S1/Pinned.lean:519:8: this tactic is never executed

Note: This linter can be disabled with `set_option linter.unreachableTactic false`
warning: BoussinesqBlowup/S1/Pinned.lean:514:8: 'linear_combination (-Real.cos ψ) * h0 + (-Real.sin ψ) * h1 + (-(a - a')) * hsc' tactic does nothing

Note: This linter can be disabled with `set_option linter.unusedTactic false`
warning: BoussinesqBlowup/S1/Pinned.lean:515:8: 'nlinarith [h0, h1, hsc, sq_nonneg (Real.sin ψ), sq_nonneg (Real.cos ψ)]' tactic does nothing

Note: This linter can be disabled with `set_option linter.unusedTactic false`
warning: BoussinesqBlowup/S1/Pinned.lean:518:8: 'linear_combination (Real.sin ψ) * h0 + (-Real.cos ψ) * h1 + (-(b - b')) * hsc' tactic does nothing

Note: This linter can be disabled with `set_option linter.unusedTactic false`
warning: BoussinesqBlowup/S1/Pinned.lean:519:8: 'nlinarith [h0, h1, hsc, sq_nonneg (Real.sin ψ), sq_nonneg (Real.cos ψ)]' tactic does nothing

Note: This linter can be disabled with `set_option linter.unusedTactic false`
warning: BoussinesqBlowup/S1/Pinned.lean:621:42: This simp argument is unused:
  Matrix.vecHead

Hint: Omit it from the simp argument list.
  simp [Jmat, Matrix.mul_apply, Fin.sum_univ_two, Matrix.trace, Matrix.diag, Matrix.vecMul,
        dotProduct, Matrix.transpose_apply, Matrix.vecH̵e̵a̵d̵,̵ ̵M̵a̵t̵r̵i̵x̵.̵v̵e̵c̵Tail]

Note: This linter can be disabled with `set_option linter.unusedSimpArgs false`
warning: BoussinesqBlowup/S1/Pinned.lean:621:58: This simp argument is unused:
  Matrix.vecTail

Hint: Omit it from the simp argument list.
  simp [Jmat, Matrix.mul_apply, Fin.sum_univ_two, Matrix.trace, Matrix.diag, Matrix.vecMul,
        dotProduct, Matrix.transpose_apply, Matrix.vecHead,̵ ̵M̵a̵t̵r̵i̵x̵.̵v̵e̵c̵T̵a̵i̵l̵]

Note: This linter can be disabled with `set_option linter.unusedSimpArgs false`
warning: BoussinesqBlowup/S1/Pinned.lean:648:6: this tactic is never executed

Note: This linter can be disabled with `set_option linter.unreachableTactic false`
warning: BoussinesqBlowup/S1/Pinned.lean:648:6: 'linear_combination (-(ξ t 0 * G t 1 - ξ t 1 * G t 0)) * htr'' tactic does nothing

Note: This linter can be disabled with `set_option linter.unusedTactic false`
warning: BoussinesqBlowup/S1/Pinned.lean:667:45: This simp argument is unused:
  e2r

Hint: Omit it from the simp argument list.
  simp [e1r,̵ ̵e̵2̵r̵]

Note: This linter can be disabled with `set_option linter.unusedSimpArgs false`
warning: BoussinesqBlowup/S1/Pinned.lean:670:75: This simp argument is unused:
  Matrix.mulVec

Hint: Omit it from the simp argument list.
  simp [bgMatrix, Jmat, rotJ, e1r, e2r, linVel, Matrix.toEuclideanLin, M̵a̵d̲o̲tP̲ri̵x̵.̵m̵o̲d̲ul̵V̵e̵ct̲,
          d̵o̵t̵P̵r̵o̵d̵u̵c̵t̵,̵ ̵Matrix.vecMulVec, Fin.sum_univ_two, Matrix.transpose_apply, Matrix.vecHead,
  ̵  ̵ ̵ ̵ ̵ ̵ ̵ ̵Matrix.vecTail]

Note: This linter can be disabled with `set_option linter.unusedSimpArgs false`
warning: BoussinesqBlowup/S1/Pinned.lean:671:8: This simp argument is unused:
  dotProduct

Hint: Omit it from the simp argument list.
  simp [bgMatrix, Jmat, rotJ, e1r, e2r, linVel, Matrix.toEuclideanLin, Matrix.mulVec,
          d̵o̵t̵P̵r̵o̵d̵u̵c̵t̵,̵ ̵Matrix.vecMulVec, Fin.sum_univ_two, Matrix.transpose_apply, Matrix.vecHead,
  ̵  ̵ ̵ ̵ ̵ ̵ ̵ ̵Matrix.vecTail]

Note: This linter can be disabled with `set_option linter.unusedSimpArgs false`
warning: BoussinesqBlowup/S1/Pinned.lean:671:38: This simp argument is unused:
  Fin.sum_univ_two

Hint: Omit it from the simp argument list.
  simp [bgMatrix, Jmat, rotJ, e1r, e2r, linVel, Matrix.toEuclideanLin, Matrix.mulVec,
          dotProduct, Matrix.vecMulVec, F̵i̵n̵.̵s̵u̵m̵_̵u̵n̵i̵v̵_̵t̵w̵o̵,̵ ̵Matrix.transpose_apply, Matrix.vecHead,
  ̵  ̵ ̵ ̵ ̵ ̵ ̵ ̵Matrix.vecTail]

Note: This linter can be disabled with `set_option linter.unusedSimpArgs false`
warning: BoussinesqBlowup/S1/Pinned.lean:718:66: Variable name `hε0` is not explicitly referenced.

The binding can be removed (if unused) or named `_` (if used implicitly).

Note: This linter can be disabled with `set_option linter.unusedVariables false`
warning: BoussinesqBlowup/S1/Pinned.lean:960:53: Variable name `hlt` is not explicitly referenced.

The binding can be removed (if unused) or named `_` (if used implicitly).

Note: This linter can be disabled with `set_option linter.unusedVariables false`
⚠ [8668/10108] Replayed Cm24.Kit
warning: vendor/cm24-r2/Cm24/Kit.lean:132:38: Variable name `hg` is not explicitly referenced.

The binding can be removed (if unused) or named `_` (if used implicitly).

Note: This linter can be disabled with `set_option linter.unusedVariables false`
warning: vendor/cm24-r2/Cm24/Kit.lean:392:58: Variable name `hS` is not explicitly referenced.

The binding can be removed (if unused) or named `_` (if used implicitly).

Note: This linter can be disabled with `set_option linter.unusedVariables false`
warning: vendor/cm24-r2/Cm24/Kit.lean:393:5: Variable name `hg` is not explicitly referenced.

The binding can be removed (if unused) or named `_` (if used implicitly).

Note: This linter can be disabled with `set_option linter.unusedVariables false`
⚠ [8670/10108] Replayed BoussinesqBlowup.S0.Lemma02
warning: BoussinesqBlowup/S0/Lemma02.lean:169:65: Variable name `hR` is not explicitly referenced.

The binding can be removed (if unused) or named `_` (if used implicitly).

Note: This linter can be disabled with `set_option linter.unusedVariables false`
warning: BoussinesqBlowup/S0/Lemma02.lean:230:24: `ContinuousLinearMap.zero_apply` has been deprecated: Use `zero_apply` instead

Note: The updated constant is in a different namespace. Dot notation may need to be changed (e.g., from `x.zero_apply` to `zero_apply x`).
warning: BoussinesqBlowup/S0/Lemma02.lean:396:37: `ContinuousLinearMap.zero_apply` has been deprecated: Use `zero_apply` instead

Note: The updated constant is in a different namespace. Dot notation may need to be changed (e.g., from `x.zero_apply` to `zero_apply x`).
warning: BoussinesqBlowup/S0/Lemma02.lean:518:15: `ContinuousLinearMap.add_apply` has been deprecated: Use `add_apply` instead

Note: The updated constant is in a different namespace. Dot notation may need to be changed (e.g., from `x.add_apply` to `add_apply x`).
warning: BoussinesqBlowup/S0/Lemma02.lean:518:46: `ContinuousLinearMap.coe_smul'` has been deprecated: Use `FunLike.coe_smul` instead

Note: The updated constant is in a different namespace. Dot notation may need to be changed (e.g., from `x.coe_smul'` to `FunLike.coe_smul x`).
warning: BoussinesqBlowup/S0/Lemma02.lean:746:8: `mul_le_mul_left'` has been deprecated: Use `mul_le_mul_right` instead
warning: BoussinesqBlowup/S0/Lemma02.lean:770:8: `mul_le_mul_left'` has been deprecated: Use `mul_le_mul_right` instead
warning: BoussinesqBlowup/S0/Lemma02.lean:791:53: `mul_le_mul_left'` has been deprecated: Use `mul_le_mul_right` instead
warning: BoussinesqBlowup/S0/Lemma02.lean:857:15: `mul_le_mul_left'` has been deprecated: Use `mul_le_mul_right` instead
warning: BoussinesqBlowup/S0/Lemma02.lean:857:53: `mul_le_mul_left'` has been deprecated: Use `mul_le_mul_right` instead
warning: BoussinesqBlowup/S0/Lemma02.lean:924:13: `ContinuousLinearMap.add_apply` has been deprecated: Use `add_apply` instead

Note: The updated constant is in a different namespace. Dot notation may need to be changed (e.g., from `x.add_apply` to `add_apply x`).
warning: BoussinesqBlowup/S0/Lemma02.lean:924:44: `ContinuousLinearMap.coe_smul'` has been deprecated: Use `FunLike.coe_smul` instead

Note: The updated constant is in a different namespace. Dot notation may need to be changed (e.g., from `x.coe_smul'` to `FunLike.coe_smul x`).
warning: BoussinesqBlowup/S0/Lemma02.lean:1181:15: `mul_le_mul_left'` has been deprecated: Use `mul_le_mul_right` instead
warning: BoussinesqBlowup/S0/Lemma02.lean:1181:53: `mul_le_mul_left'` has been deprecated: Use `mul_le_mul_right` instead
warning: BoussinesqBlowup/S0/Lemma02.lean:1184:15: `mul_le_mul_right'` has been deprecated: Use `mul_le_mul_left` instead
warning: BoussinesqBlowup/S0/Lemma02.lean:1286:20: `mul_le_mul_left'` has been deprecated: Use `mul_le_mul_right` instead
warning: BoussinesqBlowup/S0/Lemma02.lean:1378:40: Used `tac1 <;> tac2` where `(tac1; tac2)` would suffice

Note: This linter can be disabled with `set_option linter.unnecessarySeqFocus false`
info: BoussinesqBlowup/S0/Lemma02.lean:1826:4: Try this:
  [apply] ring_nf
  
  The `ring` tactic failed to close the goal. Use `ring_nf` to obtain a normal form.
    
  Note that `ring` works primarily in *commutative* rings. If you have a noncommutative ring, abelian group or module, consider using `noncomm_ring`, `abel` or `module` instead.
warning: BoussinesqBlowup/S0/Lemma02.lean:1823:15: This simp argument is unused:
  hρ

Hint: Omit it from the simp argument list.
  simp only [h̵ρ̵,̵ ̵reflOdd, reflOddVec, epd, edt, eψ]

Note: This linter can be disabled with `set_option linter.unusedSimpArgs false`
warning: BoussinesqBlowup/S0/Lemma02.lean:1901:13: `ContinuousLinearMap.coe_comp'` has been deprecated: Use `ContinuousLinearMap.coe_comp` instead
warning: BoussinesqBlowup/S0/Lemma02.lean:1901:65: `ContinuousLinearMap.neg_apply` has been deprecated: Use `neg_apply` instead

Note: The updated constant is in a different namespace. Dot notation may need to be changed (e.g., from `x.neg_apply` to `neg_apply x`).
⚠ [8673/10108] Replayed BoussinesqBlowup.S3.Fan
warning: BoussinesqBlowup/S3/Fan.lean:419:58: Variable name `hΩ` is not explicitly referenced.

The binding can be removed (if unused) or named `_` (if used implicitly).

Note: This linter can be disabled with `set_option linter.unusedVariables false`
warning: BoussinesqBlowup/S3/Fan.lean:704:35: Variable name `hψ0` is not explicitly referenced.

The binding can be removed (if unused) or named `_` (if used implicitly).

Note: This linter can be disabled with `set_option linter.unusedVariables false`
⚠ [8674/10108] Replayed BoussinesqBlowup.S3.Gap
warning: BoussinesqBlowup/S3/Gap.lean:61:4: `push_neg` has been deprecated. Prefer using `push Not` instead.
If you'd rather continue using `push_neg` in your project, you can implement it as follows:
```
open Lean.Parser.Tactic in
macro "push_neg" cfg:optConfig loc:(location)? : tactic =>
  `(tactic| push $cfg:optConfig Not $[$loc]?)
```
warning: BoussinesqBlowup/S3/Gap.lean:74:6: `push_neg` has been deprecated. Prefer using `push Not` instead.
If you'd rather continue using `push_neg` in your project, you can implement it as follows:
```
open Lean.Parser.Tactic in
macro "push_neg" cfg:optConfig loc:(location)? : tactic =>
  `(tactic| push $cfg:optConfig Not $[$loc]?)
```
warning: BoussinesqBlowup/S3/Gap.lean:160:24: Variable name `hlmin1` is not explicitly referenced.

The binding can be removed (if unused) or named `_` (if used implicitly).

Note: This linter can be disabled with `set_option linter.unusedVariables false`
warning: BoussinesqBlowup/S3/Gap.lean:488:37: Variable name `hε` is not explicitly referenced.

The binding can be removed (if unused) or named `_` (if used implicitly).

Note: This linter can be disabled with `set_option linter.unusedVariables false`
warning: BoussinesqBlowup/S3/Gap.lean:592:91: Variable name `hδ0` is not explicitly referenced.

The binding can be removed (if unused) or named `_` (if used implicitly).

Note: This linter can be disabled with `set_option linter.unusedVariables false`
warning: BoussinesqBlowup/S3/Gap.lean:692:5: Variable name `hρ` is not explicitly referenced.

The binding can be removed (if unused) or named `_` (if used implicitly).

Note: This linter can be disabled with `set_option linter.unusedVariables false`
warning: BoussinesqBlowup/S3/Gap.lean:736:35: Variable name `hd0` is not explicitly referenced.

The binding can be removed (if unused) or named `_` (if used implicitly).

Note: This linter can be disabled with `set_option linter.unusedVariables false`
warning: BoussinesqBlowup/S3/Gap.lean:782:4: `push_neg` has been deprecated. Prefer using `push Not` instead.
If you'd rather continue using `push_neg` in your project, you can implement it as follows:
```
open Lean.Parser.Tactic in
macro "push_neg" cfg:optConfig loc:(location)? : tactic =>
  `(tactic| push $cfg:optConfig Not $[$loc]?)
```
warning: BoussinesqBlowup/S3/Gap.lean:766:5: Variable name `hd0` is not explicitly referenced.

The binding can be removed (if unused) or named `_` (if used implicitly).

Note: This linter can be disabled with `set_option linter.unusedVariables false`
warning: BoussinesqBlowup/S3/Gap.lean:980:80: Variable name `hd0` is not explicitly referenced.

The binding can be removed (if unused) or named `_` (if used implicitly).

Note: This linter can be disabled with `set_option linter.unusedVariables false`
warning: BoussinesqBlowup/S3/Gap.lean:1007:40: Variable name `hδ0` is not explicitly referenced.

The binding can be removed (if unused) or named `_` (if used implicitly).

Note: This linter can be disabled with `set_option linter.unusedVariables false`
warning: BoussinesqBlowup/S3/Gap.lean:1329:33: This simp argument is unused:
  Pi.add_apply

Hint: Omit it from the simp argument list.
  simp only [id, Pi.mul_apply, Pi.a̵d̵d̵_̵a̵p̵p̵l̵y̵,̵ ̵P̵i̵.̵sub_apply]

Note: This linter can be disabled with `set_option linter.unusedSimpArgs false`
warning: BoussinesqBlowup/S3/Gap.lean:1329:47: This simp argument is unused:
  Pi.sub_apply

Hint: Omit it from the simp argument list.
  simp only [id, Pi.mul_apply, Pi.add_apply,̵ ̵P̵i̵.̵s̵u̵b̵_̵a̵p̵p̵l̵y̵]

Note: This linter can be disabled with `set_option linter.unusedSimpArgs false`
warning: BoussinesqBlowup/S3/Gap.lean:1397:33: This simp argument is unused:
  neg_zero

Hint: Omit it from the simp argument list.
  simp only [hL0, hF0, mul_zero, n̵e̵g̵_̵z̵e̵r̵o̵,̵ ̵Real.exp_zero, mul_one, zero_add] at hN

Note: This linter can be disabled with `set_option linter.unusedSimpArgs false`
warning: BoussinesqBlowup/S3/Gap.lean:1405:5: Variable name `hy0` is not explicitly referenced.

The binding can be removed (if unused) or named `_` (if used implicitly).

Note: This linter can be disabled with `set_option linter.unusedVariables false`
warning: BoussinesqBlowup/S3/Gap.lean:2042:33: This simp argument is unused:
  Pi.add_apply

Hint: Omit it from the simp argument list.
  simp only [id, Pi.mul_apply, Pi.a̵d̵d̵_̵a̵p̵p̵l̵y̵,̵ ̵P̵i̵.̵sub_apply]

Note: This linter can be disabled with `set_option linter.unusedSimpArgs false`
warning: BoussinesqBlowup/S3/Gap.lean:2042:47: This simp argument is unused:
  Pi.sub_apply

Hint: Omit it from the simp argument list.
  simp only [id, Pi.mul_apply, Pi.add_apply,̵ ̵P̵i̵.̵s̵u̵b̵_̵a̵p̵p̵l̵y̵]

Note: This linter can be disabled with `set_option linter.unusedSimpArgs false`
warning: BoussinesqBlowup/S3/Gap.lean:2110:33: This simp argument is unused:
  neg_zero

Hint: Omit it from the simp argument list.
  simp only [hL0, hF0, mul_zero, n̵e̵g̵_̵z̵e̵r̵o̵,̵ ̵Real.exp_zero, mul_one, zero_add] at hN

Note: This linter can be disabled with `set_option linter.unusedSimpArgs false`
warning: BoussinesqBlowup/S3/Gap.lean:2118:5: Variable name `hy0` is not explicitly referenced.

The binding can be removed (if unused) or named `_` (if used implicitly).

Note: This linter can be disabled with `set_option linter.unusedVariables false`
⚠ [8675/10108] Replayed BoussinesqBlowup.S3.GapPerturbed
warning: BoussinesqBlowup/S3/GapPerturbed.lean:66:4: `push_neg` has been deprecated. Prefer using `push Not` instead.
If you'd rather continue using `push_neg` in your project, you can implement it as follows:
```
open Lean.Parser.Tactic in
macro "push_neg" cfg:optConfig loc:(location)? : tactic =>
  `(tactic| push $cfg:optConfig Not $[$loc]?)
```
warning: BoussinesqBlowup/S3/GapPerturbed.lean:79:6: `push_neg` has been deprecated. Prefer using `push Not` instead.
If you'd rather continue using `push_neg` in your project, you can implement it as follows:
```
open Lean.Parser.Tactic in
macro "push_neg" cfg:optConfig loc:(location)? : tactic =>
  `(tactic| push $cfg:optConfig Not $[$loc]?)
```
warning: BoussinesqBlowup/S3/GapPerturbed.lean:224:19: Variable name `hη1` is not explicitly referenced.

The binding can be removed (if unused) or named `_` (if used implicitly).

Note: This linter can be disabled with `set_option linter.unusedVariables false`
warning: BoussinesqBlowup/S3/GapPerturbed.lean:351:73: Variable name `hlam1` is not explicitly referenced.

The binding can be removed (if unused) or named `_` (if used implicitly).

Note: This linter can be disabled with `set_option linter.unusedVariables false`
warning: BoussinesqBlowup/S3/GapPerturbed.lean:425:4: `push_neg` has been deprecated. Prefer using `push Not` instead.
If you'd rather continue using `push_neg` in your project, you can implement it as follows:
```
open Lean.Parser.Tactic in
macro "push_neg" cfg:optConfig loc:(location)? : tactic =>
  `(tactic| push $cfg:optConfig Not $[$loc]?)
```
warning: BoussinesqBlowup/S3/GapPerturbed.lean:437:4: `push_neg` has been deprecated. Prefer using `push Not` instead.
If you'd rather continue using `push_neg` in your project, you can implement it as follows:
```
open Lean.Parser.Tactic in
macro "push_neg" cfg:optConfig loc:(location)? : tactic =>
  `(tactic| push $cfg:optConfig Not $[$loc]?)
```
warning: BoussinesqBlowup/S3/GapPerturbed.lean:608:19: `push_neg` has been deprecated. Prefer using `push Not` instead.
If you'd rather continue using `push_neg` in your project, you can implement it as follows:
```
open Lean.Parser.Tactic in
macro "push_neg" cfg:optConfig loc:(location)? : tactic =>
  `(tactic| push $cfg:optConfig Not $[$loc]?)
```
warning: BoussinesqBlowup/S3/GapPerturbed.lean:723:45: Variable name `hΩ0` is not explicitly referenced.

The binding can be removed (if unused) or named `_` (if used implicitly).

Note: This linter can be disabled with `set_option linter.unusedVariables false`
warning: BoussinesqBlowup/S3/GapPerturbed.lean:724:43: Variable name `hμp0` is not explicitly referenced.

The binding can be removed (if unused) or named `_` (if used implicitly).

Note: This linter can be disabled with `set_option linter.unusedVariables false`
warning: BoussinesqBlowup/S3/GapPerturbed.lean:725:5: Variable name `hνm0` is not explicitly referenced.

The binding can be removed (if unused) or named `_` (if used implicitly).

Note: This linter can be disabled with `set_option linter.unusedVariables false`
warning: BoussinesqBlowup/S3/GapPerturbed.lean:725:42: Variable name `hνp0` is not explicitly referenced.

The binding can be removed (if unused) or named `_` (if used implicitly).

Note: This linter can be disabled with `set_option linter.unusedVariables false`
⚠ [8677/10108] Replayed BoussinesqBlowup.L.DiffToolkit
warning: BoussinesqBlowup/L/DiffToolkit.lean:13:72: Variable name `hb` is not explicitly referenced.

The binding can be removed (if unused) or named `_` (if used implicitly).

Note: This linter can be disabled with `set_option linter.unusedVariables false`
warning: BoussinesqBlowup/L/DiffToolkit.lean:258:80: Variable name `hΩ` is not explicitly referenced.

The binding can be removed (if unused) or named `_` (if used implicitly).

Note: This linter can be disabled with `set_option linter.unusedVariables false`
⚠ [8678/10108] Replayed BoussinesqBlowup.L.LinearComp
warning: BoussinesqBlowup/L/LinearComp.lean:72:46: this tactic is never executed

Note: This linter can be disabled with `set_option linter.unreachableTactic false`
warning: BoussinesqBlowup/L/LinearComp.lean:72:57: this tactic is never executed

Note: This linter can be disabled with `set_option linter.unreachableTactic false`
warning: BoussinesqBlowup/L/LinearComp.lean:72:46: 'exact h0' tactic does nothing

Note: This linter can be disabled with `set_option linter.unusedTactic false`
warning: BoussinesqBlowup/L/LinearComp.lean:72:57: 'exact h1' tactic does nothing

Note: This linter can be disabled with `set_option linter.unusedTactic false`
warning: BoussinesqBlowup/L/LinearComp.lean:253:4: `push_neg` has been deprecated. Prefer using `push Not` instead.
If you'd rather continue using `push_neg` in your project, you can implement it as follows:
```
open Lean.Parser.Tactic in
macro "push_neg" cfg:optConfig loc:(location)? : tactic =>
  `(tactic| push $cfg:optConfig Not $[$loc]?)
```
⚠ [8679/10108] Replayed BoussinesqBlowup.L.TimeIntegral
warning: BoussinesqBlowup/L/TimeIntegral.lean:21:8: This simp argument is unused:
  map_sum

Hint: Omit it from the simp argument list.
  simp [map_su̵m,̵ ̵m̵a̵p̵_̵s̵m̵ul, Fin.sum_univ_two, smul_eq_mul, mul_comm]

Note: This linter can be disabled with `set_option linter.unusedSimpArgs false`
warning: BoussinesqBlowup/L/TimeIntegral.lean:31:8: `continuousOn_finset_sum` has been deprecated: Use `continuousOn_finsetSum` instead
⚠ [8680/10108] Replayed BoussinesqBlowup.L.SiteIntegrals
warning: BoussinesqBlowup/L/SiteIntegrals.lean:13:59: Variable name `hf` is not explicitly referenced.

The binding can be removed (if unused) or named `_` (if used implicitly).

Note: This linter can be disabled with `set_option linter.unusedVariables false`
warning: BoussinesqBlowup/L/SiteIntegrals.lean:14:70: Variable name `hb0` is not explicitly referenced.

The binding can be removed (if unused) or named `_` (if used implicitly).

Note: This linter can be disabled with `set_option linter.unusedVariables false`
⚠ [8681/10108] Replayed BoussinesqBlowup.Kit.Volterra
warning: BoussinesqBlowup/Kit/Volterra.lean:21:0: automatically included section variable(s) unused in theorem `BoussinesqBlowup.Kit.VolterraAdm.mono`:
  [NormedSpace ℝ E]
consider restructuring your `variable` declarations so that the variables are not in scope or explicitly omit them:
  omit [NormedSpace ℝ E] in theorem ...

Note: This linter can be disabled with `set_option linter.unusedSectionVars false`
⚠ [8682/10108] Replayed BoussinesqBlowup.S7.Uniqueness
warning: BoussinesqBlowup/S7/Uniqueness.lean:53:16: `ofReal_norm_eq_enorm` has been deprecated: Use `ofReal_norm` instead
warning: BoussinesqBlowup/S7/Uniqueness.lean:286:15: `ContinuousLinearMap.add_apply` has been deprecated: Use `add_apply` instead

Note: The updated constant is in a different namespace. Dot notation may need to be changed (e.g., from `x.add_apply` to `add_apply x`).
warning: BoussinesqBlowup/S7/Uniqueness.lean:286:46: `ContinuousLinearMap.coe_smul'` has been deprecated: Use `FunLike.coe_smul` instead

Note: The updated constant is in a different namespace. Dot notation may need to be changed (e.g., from `x.coe_smul'` to `FunLike.coe_smul x`).
warning: BoussinesqBlowup/S7/Uniqueness.lean:405:13: `MeasureTheory.Integrable.bdd_mul'` has been deprecated: Use `MeasureTheory.Integrable.bdd_mul` instead
warning: BoussinesqBlowup/S7/Uniqueness.lean:424:17: `MeasureTheory.Integrable.bdd_mul'` has been deprecated: Use `MeasureTheory.Integrable.bdd_mul` instead
warning: BoussinesqBlowup/S7/Uniqueness.lean:437:17: `ContinuousLinearMap.add_apply` has been deprecated: Use `add_apply` instead

Note: The updated constant is in a different namespace. Dot notation may need to be changed (e.g., from `x.add_apply` to `add_apply x`).
warning: BoussinesqBlowup/S7/Uniqueness.lean:437:48: `ContinuousLinearMap.coe_smul'` has been deprecated: Use `FunLike.coe_smul` instead

Note: The updated constant is in a different namespace. Dot notation may need to be changed (e.g., from `x.coe_smul'` to `FunLike.coe_smul x`).
warning: BoussinesqBlowup/S7/Uniqueness.lean:267:31: This simp argument is unused:
  NNReal.coe_mk

Hint: Omit it from the simp argument list.
  simp only [NNReal.coe_mul,̵ ̵N̵N̵R̵e̵a̵l̵.̵c̵o̵e̵_̵m̵k̵]

Note: This linter can be disabled with `set_option linter.unusedSimpArgs false`
warning: BoussinesqBlowup/S7/Uniqueness.lean:666:4: `push_neg` has been deprecated. Prefer using `push Not` instead.
If you'd rather continue using `push_neg` in your project, you can implement it as follows:
```
open Lean.Parser.Tactic in
macro "push_neg" cfg:optConfig loc:(location)? : tactic =>
  `(tactic| push $cfg:optConfig Not $[$loc]?)
```
warning: BoussinesqBlowup/S7/Uniqueness.lean:725:11: `MeasureTheory.Integrable.bdd_mul'` has been deprecated: Use `MeasureTheory.Integrable.bdd_mul` instead
warning: BoussinesqBlowup/S7/Uniqueness.lean:772:47: Variable name `hab` is not explicitly referenced.

The binding can be removed (if unused) or named `_` (if used implicitly).

Note: This linter can be disabled with `set_option linter.unusedVariables false`
warning: BoussinesqBlowup/S7/Uniqueness.lean:823:10: `mul_le_mul_left'` has been deprecated: Use `mul_le_mul_right` instead
warning: BoussinesqBlowup/S7/Uniqueness.lean:1704:5: Variable name `hdiv₁` is not explicitly referenced.

The binding can be removed (if unused) or named `_` (if used implicitly).

Note: This linter can be disabled with `set_option linter.unusedVariables false`
warning: BoussinesqBlowup/S7/Uniqueness.lean:1975:36: Variable name `hT` is not explicitly referenced.

The binding can be removed (if unused) or named `_` (if used implicitly).

Note: This linter can be disabled with `set_option linter.unusedVariables false`
warning: BoussinesqBlowup/S7/Uniqueness.lean:1975:49: Variable name `hB` is not explicitly referenced.

The binding can be removed (if unused) or named `_` (if used implicitly).

Note: This linter can be disabled with `set_option linter.unusedVariables false`
warning: BoussinesqBlowup/S7/Uniqueness.lean:2197:5: Variable name `hfu2` is not explicitly referenced.

The binding can be removed (if unused) or named `_` (if used implicitly).

Note: This linter can be disabled with `set_option linter.unusedVariables false`
warning: BoussinesqBlowup/S7/Uniqueness.lean:2483:5: Variable name `hfθ` is not explicitly referenced.

The binding can be removed (if unused) or named `_` (if used implicitly).

Note: This linter can be disabled with `set_option linter.unusedVariables false`
⚠ [8683/10108] Replayed BoussinesqBlowup.Kit.WeightCalc
warning: BoussinesqBlowup/Kit/WeightCalc.lean:255:5: Variable name `hc` is not explicitly referenced.

The binding can be removed (if unused) or named `_` (if used implicitly).

Note: This linter can be disabled with `set_option linter.unusedVariables false`
⚠ [8684/10108] Replayed BoussinesqBlowup.Lit.PolarLaplace
warning: BoussinesqBlowup/Lit/PolarLaplace.lean:16:25: `EuclideanSpace.single_apply` has been deprecated: Use `PiLp.single_apply` instead

Note: The updated constant has a different type:
  ∀ (p : ℝ≥0∞) (𝕜 : Type u_1) {ι : Type u_2} [inst : DecidableEq ι] [inst_1 : Zero 𝕜] (i : ι) (a : 𝕜) (j : ι),
    (PiLp.single p i a).ofLp j = if j = i then a else 0
instead of
  ∀ {ι : Type u_1} {𝕜 : Type u_3} [inst : RCLike 𝕜] [inst_1 : DecidableEq ι] (i : ι) (a : 𝕜) (j : ι),
    (EuclideanSpace.single i a).ofLp j = if j = i then a else 0

Note: The updated constant is in a different namespace. Dot notation may need to be changed (e.g., from `x.single_apply` to `PiLp.single_apply x`).
warning: BoussinesqBlowup/Lit/PolarLaplace.lean:16:25: This simp argument is unused:
  EuclideanSpace.single_apply

Hint: Omit it from the simp argument list.
  simp [dir, dirPerp, e,̵ ̵E̵u̵c̵l̵i̵d̵e̵a̵n̵S̵p̵a̵c̵e̵.̵s̵i̵n̵g̵l̵e̵_̵a̵p̵p̵l̵y̵]

Note: This linter can be disabled with `set_option linter.unusedSimpArgs false`
warning: BoussinesqBlowup/Lit/PolarLaplace.lean:166:13: `ContinuousLinearMap.neg_apply` has been deprecated: Use `neg_apply` instead

Note: The updated constant is in a different namespace. Dot notation may need to be changed (e.g., from `x.neg_apply` to `neg_apply x`).
warning: BoussinesqBlowup/Lit/PolarLaplace.lean:165:82: This simp argument is unused:
  Matrix.head_cons

Hint: Omit it from the simp argument list.
  simp only [iteratedFDeriv_two_apply, Matrix.cons_val_zero, Matrix.cons_val_one, M̵a̵t̵r̵i̵x̵.̵h̵e̵a̵d̵_̵c̵o̵n̵s̵,̵
  ̵ ̵ ̵ ̵ ̵map_neg,
  ̲  ̲ ̲ ̲ContinuousLinearMap.neg_apply, map_zero, add_zero, neg_neg]

Note: This linter can be disabled with `set_option linter.unusedSimpArgs false`
warning: BoussinesqBlowup/Lit/PolarLaplace.lean:193:23: `ContinuousLinearMap.neg_apply` has been deprecated: Use `neg_apply` instead

Note: The updated constant is in a different namespace. Dot notation may need to be changed (e.g., from `x.neg_apply` to `neg_apply x`).
warning: BoussinesqBlowup/Lit/PolarLaplace.lean:193:54: `ContinuousLinearMap.smul_apply` has been deprecated: Use `smul_apply` instead

Note: The updated constant is in a different namespace. Dot notation may need to be changed (e.g., from `x.smul_apply` to `smul_apply x`).
warning: BoussinesqBlowup/Lit/PolarLaplace.lean:192:82: This simp argument is unused:
  Matrix.head_cons

Hint: Omit it from the simp argument list.
  simp only [iteratedFDeriv_two_apply, Matrix.cons_val_zero, Matrix.cons_val_one, M̵a̵t̵r̵i̵x̵.̵h̵e̵a̵d̵_̵c̵o̵n̵s̵,̵
  ̵ ̵ ̵ ̵ ̵map_neg, map_smul,
  ̲  ̲ ̲ ̲ContinuousLinearMap.neg_apply, ContinuousLinearMap.smul_apply, smul_eq_mul]

Note: This linter can be disabled with `set_option linter.unusedSimpArgs false`
warning: BoussinesqBlowup/Lit/PolarLaplace.lean:346:40: `ContinuousLinearMap.zero_apply` has been deprecated: Use `zero_apply` instead

Note: The updated constant is in a different namespace. Dot notation may need to be changed (e.g., from `x.zero_apply` to `zero_apply x`).
warning: BoussinesqBlowup/Lit/PolarLaplace.lean:348:42: `ContinuousMultilinearMap.zero_apply` has been deprecated: Use `zero_apply` instead

Note: The updated constant is in a different namespace. Dot notation may need to be changed (e.g., from `x.zero_apply` to `zero_apply x`).
warning: BoussinesqBlowup/Lit/PolarLaplace.lean:372:66: Variable name `hψc` is not explicitly referenced.

The binding can be removed (if unused) or named `_` (if used implicitly).

Note: This linter can be disabled with `set_option linter.unusedVariables false`
warning: BoussinesqBlowup/Lit/PolarLaplace.lean:506:4: `push_neg` has been deprecated. Prefer using `push Not` instead.
If you'd rather continue using `push_neg` in your project, you can implement it as follows:
```
open Lean.Parser.Tactic in
macro "push_neg" cfg:optConfig loc:(location)? : tactic =>
  `(tactic| push $cfg:optConfig Not $[$loc]?)
```
warning: BoussinesqBlowup/Lit/PolarLaplace.lean:564:15: `MeasureTheory.IntegrableOn.of_forall_diff_eq_zero` has been deprecated: Use `MeasureTheory.IntegrableOn.of_forall_sdiff_eq_zero` instead
warning: BoussinesqBlowup/Lit/PolarLaplace.lean:567:6: `push_neg` has been deprecated. Prefer using `push Not` instead.
If you'd rather continue using `push_neg` in your project, you can implement it as follows:
```
open Lean.Parser.Tactic in
macro "push_neg" cfg:optConfig loc:(location)? : tactic =>
  `(tactic| push $cfg:optConfig Not $[$loc]?)
```
warning: BoussinesqBlowup/Lit/PolarLaplace.lean:638:14: `MeasureTheory.IntegrableOn.of_forall_diff_eq_zero` has been deprecated: Use `MeasureTheory.IntegrableOn.of_forall_sdiff_eq_zero` instead
warning: BoussinesqBlowup/Lit/PolarLaplace.lean:641:6: `push_neg` has been deprecated. Prefer using `push Not` instead.
If you'd rather continue using `push_neg` in your project, you can implement it as follows:
```
open Lean.Parser.Tactic in
macro "push_neg" cfg:optConfig loc:(location)? : tactic =>
  `(tactic| push $cfg:optConfig Not $[$loc]?)
```
⚠ [8685/10108] Replayed BoussinesqBlowup.Lit.Newtonian
warning: BoussinesqBlowup/Lit/Newtonian.lean:160:13: `ContinuousLinearMap.smul_apply` has been deprecated: Use `smul_apply` instead

Note: The updated constant is in a different namespace. Dot notation may need to be changed (e.g., from `x.smul_apply` to `smul_apply x`).
⚠ [8686/10108] Replayed BoussinesqBlowup.Lit.Schauder
warning: BoussinesqBlowup/Lit/Schauder.lean:506:50: Variable name `hr` is not explicitly referenced.

The binding can be removed (if unused) or named `_` (if used implicitly).

Note: This linter can be disabled with `set_option linter.unusedVariables false`
warning: BoussinesqBlowup/Lit/Schauder.lean:581:17: This simp argument is unused:
  mem_ball_zero_iff

Hint: Omit it from the simp argument list.
  simp ̵[̵m̵e̵m̵_̵b̵a̵l̵l̵_̵z̵e̵r̵o̵_̵i̵f̵f̵]̵

Note: This linter can be disabled with `set_option linter.unusedSimpArgs false`
warning: BoussinesqBlowup/Lit/Schauder.lean:625:37: Variable name `hδ` is not explicitly referenced.

The binding can be removed (if unused) or named `_` (if used implicitly).

Note: This linter can be disabled with `set_option linter.unusedVariables false`
warning: BoussinesqBlowup/Lit/Schauder.lean:767:61: Variable name `hδ` is not explicitly referenced.

The binding can be removed (if unused) or named `_` (if used implicitly).

Note: This linter can be disabled with `set_option linter.unusedVariables false`
warning: BoussinesqBlowup/Lit/Schauder.lean:768:5: Variable name `hh` is not explicitly referenced.

The binding can be removed (if unused) or named `_` (if used implicitly).

Note: This linter can be disabled with `set_option linter.unusedVariables false`
warning: BoussinesqBlowup/Lit/Schauder.lean:768:25: Variable name `hhc` is not explicitly referenced.

The binding can be removed (if unused) or named `_` (if used implicitly).

Note: This linter can be disabled with `set_option linter.unusedVariables false`
warning: BoussinesqBlowup/Lit/Schauder.lean:828:35: Variable name `hδ` is not explicitly referenced.

The binding can be removed (if unused) or named `_` (if used implicitly).

Note: This linter can be disabled with `set_option linter.unusedVariables false`
warning: BoussinesqBlowup/Lit/Schauder.lean:829:18: Variable name `hg` is not explicitly referenced.

The binding can be removed (if unused) or named `_` (if used implicitly).

Note: This linter can be disabled with `set_option linter.unusedVariables false`
warning: BoussinesqBlowup/Lit/Schauder.lean:867:53: Variable name `hα` is not explicitly referenced.

The binding can be removed (if unused) or named `_` (if used implicitly).

Note: This linter can be disabled with `set_option linter.unusedVariables false`
warning: BoussinesqBlowup/Lit/Schauder.lean:985:34: `Set.diff_subset` has been deprecated: Use `Set.sdiff_subset` instead
warning: BoussinesqBlowup/Lit/Schauder.lean:958:5: Variable name `hxx'` is not explicitly referenced.

The binding can be removed (if unused) or named `_` (if used implicitly).

Note: This linter can be disabled with `set_option linter.unusedVariables false`
warning: BoussinesqBlowup/Lit/Schauder.lean:1031:18: Variable name `hg` is not explicitly referenced.

The binding can be removed (if unused) or named `_` (if used implicitly).

Note: This linter can be disabled with `set_option linter.unusedVariables false`
warning: BoussinesqBlowup/Lit/Schauder.lean:1160:33: `Set.diff_subset` has been deprecated: Use `Set.sdiff_subset` instead
warning: BoussinesqBlowup/Lit/Schauder.lean:1366:44: Variable name `hα` is not explicitly referenced.

The binding can be removed (if unused) or named `_` (if used implicitly).

Note: This linter can be disabled with `set_option linter.unusedVariables false`
warning: BoussinesqBlowup/Lit/Schauder.lean:1540:14: `mul_le_mul_right'` has been deprecated: Use `mul_le_mul_left` instead
⚠ [8689/10108] Replayed BoussinesqBlowup.Lit.SobolevEmbedding
warning: BoussinesqBlowup/Lit/SobolevEmbedding.lean:505:8: `mul_le_mul_left'` has been deprecated: Use `mul_le_mul_right` instead
warning: BoussinesqBlowup/Lit/SobolevEmbedding.lean:519:8: `mul_le_mul_left'` has been deprecated: Use `mul_le_mul_right` instead
⚠ [8691/10108] Replayed BoussinesqBlowup.Lit.CZ.CZCore.Basic
warning: BoussinesqBlowup/Lit/CZ/CZCore/Basic.lean:322:91: Variable name `hε` is not explicitly referenced.

The binding can be removed (if unused) or named `_` (if used implicitly).

Note: This linter can be disabled with `set_option linter.unusedVariables false`
⚠ [8692/10108] Replayed BoussinesqBlowup.Lit.CZ.Bogovskii.Operator
warning: BoussinesqBlowup/Lit/CZ/Bogovskii/Operator.lean:54:4: `push_neg` has been deprecated. Prefer using `push Not` instead.
If you'd rather continue using `push_neg` in your project, you can implement it as follows:
```
open Lean.Parser.Tactic in
macro "push_neg" cfg:optConfig loc:(location)? : tactic =>
  `(tactic| push $cfg:optConfig Not $[$loc]?)
```
warning: BoussinesqBlowup/Lit/CZ/Bogovskii/Operator.lean:158:10: `push_neg` has been deprecated. Prefer using `push Not` instead.
If you'd rather continue using `push_neg` in your project, you can implement it as follows:
```
open Lean.Parser.Tactic in
macro "push_neg" cfg:optConfig loc:(location)? : tactic =>
  `(tactic| push $cfg:optConfig Not $[$loc]?)
```
warning: BoussinesqBlowup/Lit/CZ/Bogovskii/Operator.lean:393:21: `ContinuousLinearMap.smul_apply` has been deprecated: Use `smul_apply` instead

Note: The updated constant is in a different namespace. Dot notation may need to be changed (e.g., from `x.smul_apply` to `smul_apply x`).
warning: BoussinesqBlowup/Lit/CZ/Bogovskii/Operator.lean:575:15: `ContinuousLinearMap.add_apply` has been deprecated: Use `add_apply` instead

Note: The updated constant is in a different namespace. Dot notation may need to be changed (e.g., from `x.add_apply` to `add_apply x`).
warning: BoussinesqBlowup/Lit/CZ/Bogovskii/Operator.lean:576:6: `ContinuousLinearMap.smul_apply` has been deprecated: Use `smul_apply` instead

Note: The updated constant is in a different namespace. Dot notation may need to be changed (e.g., from `x.smul_apply` to `smul_apply x`).
warning: BoussinesqBlowup/Lit/CZ/Bogovskii/Operator.lean:574:18: This simp argument is unused:
  ContinuousLinearMap.smulRight_apply

Hint: Omit it from the simp argument list.
  simp [bogKer,̵ ̵C̵o̵n̵t̵i̵n̵u̵o̵u̵s̵L̵i̵n̵e̵a̵r̵M̵a̵p̵.̵s̵m̵u̵l̵R̵i̵g̵h̵t̵_̵a̵p̵p̵l̵y̵]

Note: This linter can be disabled with `set_option linter.unusedSimpArgs false`
warning: BoussinesqBlowup/Lit/CZ/Bogovskii/Operator.lean:654:50: Variable name `hΩ` is not explicitly referenced.

The binding can be removed (if unused) or named `_` (if used implicitly).

Note: This linter can be disabled with `set_option linter.unusedVariables false`
warning: BoussinesqBlowup/Lit/CZ/Bogovskii/Operator.lean:1411:50: `MeasureTheory.integral_finset_sum` has been deprecated: Use `MeasureTheory.integral_finsetSum` instead
warning: BoussinesqBlowup/Lit/CZ/Bogovskii/Operator.lean:1410:15: This simp argument is unused:
  Function.comp

Hint: Omit it from the simp argument list.
  simp only [F̵u̵n̵c̵t̵i̵o̵n̵.̵c̵o̵m̵p̵,̵ ̵EuclideanSpace.coe_proj, bogKer, PiLp.smul_apply, smul_eq_mul]

Note: This linter can be disabled with `set_option linter.unusedSimpArgs false`
warning: BoussinesqBlowup/Lit/CZ/Bogovskii/Operator.lean:1457:50: `MeasureTheory.integral_finset_sum` has been deprecated: Use `MeasureTheory.integral_finsetSum` instead
warning: BoussinesqBlowup/Lit/CZ/Bogovskii/Operator.lean:1485:11: `MeasureTheory.integral_finset_sum` has been deprecated: Use `MeasureTheory.integral_finsetSum` instead
warning: BoussinesqBlowup/Lit/CZ/Bogovskii/Operator.lean:1456:15: This simp argument is unused:
  Function.comp

Hint: Omit it from the simp argument list.
  simp only [F̵u̵n̵c̵t̵i̵o̵n̵.̵c̵o̵m̵p̵,̵ ̵EuclideanSpace.coe_proj, bogKer, PiLp.smul_apply, smul_eq_mul]

Note: This linter can be disabled with `set_option linter.unusedSimpArgs false`
⚠ [8693/10108] Replayed BoussinesqBlowup.Lit.CZ.CZCore.Dyadic
warning: BoussinesqBlowup/Lit/CZ/CZCore/Dyadic.lean:436:47: Variable name `hf` is not explicitly referenced.

The binding can be removed (if unused) or named `_` (if used implicitly).

Note: This linter can be disabled with `set_option linter.unusedVariables false`
warning: BoussinesqBlowup/Lit/CZ/CZCore/Dyadic.lean:469:7: Variable name `x` is not explicitly referenced.

The binding can be removed (if unused) or named `_` (if used implicitly).

Note: This linter can be disabled with `set_option linter.unusedVariables false`
warning: BoussinesqBlowup/Lit/CZ/CZCore/Dyadic.lean:549:67: Variable name `ht` is not explicitly referenced.

The binding can be removed (if unused) or named `_` (if used implicitly).

Note: This linter can be disabled with `set_option linter.unusedVariables false`
warning: BoussinesqBlowup/Lit/CZ/CZCore/Dyadic.lean:622:71: Variable name `ht` is not explicitly referenced.

The binding can be removed (if unused) or named `_` (if used implicitly).

Note: This linter can be disabled with `set_option linter.unusedVariables false`
⚠ [8694/10108] Replayed BoussinesqBlowup.Lit.CZ.CZCore.Marcinkiewicz
warning: BoussinesqBlowup/Lit/CZ/CZCore/Marcinkiewicz.lean:91:8: `push_neg` has been deprecated. Prefer using `push Not` instead.
If you'd rather continue using `push_neg` in your project, you can implement it as follows:
```
open Lean.Parser.Tactic in
macro "push_neg" cfg:optConfig loc:(location)? : tactic =>
  `(tactic| push $cfg:optConfig Not $[$loc]?)
```
warning: BoussinesqBlowup/Lit/CZ/CZCore/Marcinkiewicz.lean:103:2: `push_neg` has been deprecated. Prefer using `push Not` instead.
If you'd rather continue using `push_neg` in your project, you can implement it as follows:
```
open Lean.Parser.Tactic in
macro "push_neg" cfg:optConfig loc:(location)? : tactic =>
  `(tactic| push $cfg:optConfig Not $[$loc]?)
```
warning: BoussinesqBlowup/Lit/CZ/CZCore/Marcinkiewicz.lean:183:12: This simp argument is unused:
  Set.indicator_apply

Hint: Omit it from the simp argument list.
  simp [S̵e̵t̵.̵i̵n̵d̵i̵c̵a̵t̵o̵r̵_̵a̵p̵p̵l̵y̵,̵ ̵h, not_le.mpr h]

Note: This linter can be disabled with `set_option linter.unusedSimpArgs false`
warning: BoussinesqBlowup/Lit/CZ/CZCore/Marcinkiewicz.lean:184:12: This simp argument is unused:
  Set.indicator_apply

Hint: Omit it from the simp argument list.
  simp [S̵e̵t̵.̵i̵n̵d̵i̵c̵a̵t̵o̵r̵_̵a̵p̵p̵l̵y̵,̵ ̵h, not_lt.mp h]

Note: This linter can be disabled with `set_option linter.unusedSimpArgs false`
warning: BoussinesqBlowup/Lit/CZ/CZCore/Marcinkiewicz.lean:365:65: Variable name `hA₁` is not explicitly referenced.

The binding can be removed (if unused) or named `_` (if used implicitly).

Note: This linter can be disabled with `set_option linter.unusedVariables false`
warning: BoussinesqBlowup/Lit/CZ/CZCore/Marcinkiewicz.lean:413:53: Variable name `hA₁` is not explicitly referenced.

The binding can be removed (if unused) or named `_` (if used implicitly).

Note: This linter can be disabled with `set_option linter.unusedVariables false`
warning: BoussinesqBlowup/Lit/CZ/CZCore/Marcinkiewicz.lean:518:8: `mul_le_mul_left'` has been deprecated: Use `mul_le_mul_right` instead
warning: BoussinesqBlowup/Lit/CZ/CZCore/Marcinkiewicz.lean:611:8: `mul_le_mul_left'` has been deprecated: Use `mul_le_mul_right` instead
⚠ [8695/10108] Replayed BoussinesqBlowup.Lit.CZ.CZCore.WeakType
warning: BoussinesqBlowup/Lit/CZ/CZCore/WeakType.lean:97:13: `MeasureTheory.eLpNorm_eq_lintegral_rpow_enorm` has been deprecated: Use `MeasureTheory.eLpNorm_eq_lintegral_rpow_enorm_toReal` instead
warning: BoussinesqBlowup/Lit/CZ/CZCore/WeakType.lean:160:10: `ofReal_norm_eq_enorm` has been deprecated: Use `ofReal_norm` instead
warning: BoussinesqBlowup/Lit/CZ/CZCore/WeakType.lean:165:6: `ofReal_norm_eq_enorm` has been deprecated: Use `ofReal_norm` instead
warning: BoussinesqBlowup/Lit/CZ/CZCore/WeakType.lean:167:13: `MeasureTheory.eLpNorm_eq_lintegral_rpow_enorm` has been deprecated: Use `MeasureTheory.eLpNorm_eq_lintegral_rpow_enorm_toReal` instead
warning: BoussinesqBlowup/Lit/CZ/CZCore/WeakType.lean:174:6: `MeasureTheory.eLpNorm_eq_lintegral_rpow_enorm` has been deprecated: Use `MeasureTheory.eLpNorm_eq_lintegral_rpow_enorm_toReal` instead
warning: BoussinesqBlowup/Lit/CZ/CZCore/WeakType.lean:217:6: `MeasureTheory.eLpNorm_eq_lintegral_rpow_enorm` has been deprecated: Use `MeasureTheory.eLpNorm_eq_lintegral_rpow_enorm_toReal` instead
warning: BoussinesqBlowup/Lit/CZ/CZCore/WeakType.lean:218:4: `MeasureTheory.eLpNorm_eq_lintegral_rpow_enorm` has been deprecated: Use `MeasureTheory.eLpNorm_eq_lintegral_rpow_enorm_toReal` instead
warning: BoussinesqBlowup/Lit/CZ/CZCore/WeakType.lean:248:59: `ofReal_norm_eq_enorm` has been deprecated: Use `ofReal_norm` instead
warning: BoussinesqBlowup/Lit/CZ/CZCore/WeakType.lean:328:14: `ofReal_norm_eq_enorm` has been deprecated: Use `ofReal_norm` instead
warning: BoussinesqBlowup/Lit/CZ/CZCore/WeakType.lean:317:27: Variable name `hB` is not explicitly referenced.

The binding can be removed (if unused) or named `_` (if used implicitly).

Note: This linter can be disabled with `set_option linter.unusedVariables false`
warning: BoussinesqBlowup/Lit/CZ/CZCore/WeakType.lean:485:27: Variable name `hA` is not explicitly referenced.

The binding can be removed (if unused) or named `_` (if used implicitly).

Note: This linter can be disabled with `set_option linter.unusedVariables false`
warning: BoussinesqBlowup/Lit/CZ/CZCore/WeakType.lean:575:6: `push_neg` has been deprecated. Prefer using `push Not` instead.
If you'd rather continue using `push_neg` in your project, you can implement it as follows:
```
open Lean.Parser.Tactic in
macro "push_neg" cfg:optConfig loc:(location)? : tactic =>
  `(tactic| push $cfg:optConfig Not $[$loc]?)
```
warning: BoussinesqBlowup/Lit/CZ/CZCore/WeakType.lean:623:27: Variable name `hB` is not explicitly referenced.

The binding can be removed (if unused) or named `_` (if used implicitly).

Note: This linter can be disabled with `set_option linter.unusedVariables false`
warning: BoussinesqBlowup/Lit/CZ/CZCore/WeakType.lean:711:76: `Set.diff_eq` has been deprecated: Use `Set.sdiff_eq` instead
warning: BoussinesqBlowup/Lit/CZ/CZCore/WeakType.lean:787:56: `push_neg` has been deprecated. Prefer using `push Not` instead.
If you'd rather continue using `push_neg` in your project, you can implement it as follows:
```
open Lean.Parser.Tactic in
macro "push_neg" cfg:optConfig loc:(location)? : tactic =>
  `(tactic| push $cfg:optConfig Not $[$loc]?)
```
warning: BoussinesqBlowup/Lit/CZ/CZCore/WeakType.lean:875:79: Variable name `hB` is not explicitly referenced.

The binding can be removed (if unused) or named `_` (if used implicitly).

Note: This linter can be disabled with `set_option linter.unusedVariables false`
⚠ [8696/10108] Replayed BoussinesqBlowup.Lit.CZ.CZCore.CotlarStein
warning: BoussinesqBlowup/Lit/CZ/CZCore/CotlarStein.lean:55:0: automatically included section variable(s) unused in theorem `NS.Lit.CZ.prod_pairOp_cons`:
  [CStarRing A]
consider restructuring your `variable` declarations so that the variables are not in scope or explicitly omit them:
  omit [CStarRing A] in theorem ...

Note: This linter can be disabled with `set_option linter.unusedSectionVars false`
warning: BoussinesqBlowup/Lit/CZ/CZCore/CotlarStein.lean:129:0: automatically included section variable(s) unused in theorem `NS.Lit.CZ.sum_mul_star_sum`:
  [CStarRing A]
consider restructuring your `variable` declarations so that the variables are not in scope or explicitly omit them:
  omit [CStarRing A] in theorem ...

Note: This linter can be disabled with `set_option linter.unusedSectionVars false`
warning: BoussinesqBlowup/Lit/CZ/CZCore/CotlarStein.lean:190:2: `push_neg` has been deprecated. Prefer using `push Not` instead.
If you'd rather continue using `push_neg` in your project, you can implement it as follows:
```
open Lean.Parser.Tactic in
macro "push_neg" cfg:optConfig loc:(location)? : tactic =>
  `(tactic| push $cfg:optConfig Not $[$loc]?)
```
warning: BoussinesqBlowup/Lit/CZ/CZCore/CotlarStein.lean:187:42: Variable name `hx` is not explicitly referenced.

The binding can be removed (if unused) or named `_` (if used implicitly).

Note: This linter can be disabled with `set_option linter.unusedVariables false`
⚠ [8697/10108] Replayed BoussinesqBlowup.Lit.CZ.CZCore.ConvL2
warning: BoussinesqBlowup/Lit/CZ/CZCore/ConvL2.lean:28:42: Variable name `hK` is not explicitly referenced.

The binding can be removed (if unused) or named `_` (if used implicitly).

Note: This linter can be disabled with `set_option linter.unusedVariables false`
warning: BoussinesqBlowup/Lit/CZ/CZCore/ConvL2.lean:443:6: `ContinuousLinearMap.add_apply` has been deprecated: Use `add_apply` instead

Note: The updated constant is in a different namespace. Dot notation may need to be changed (e.g., from `x.add_apply` to `add_apply x`).
warning: BoussinesqBlowup/Lit/CZ/CZCore/ConvL2.lean:458:27: `MeasureTheory.integrable_finset_sum'` has been deprecated: Use `MeasureTheory.integrable_finsetSum'` instead
warning: BoussinesqBlowup/Lit/CZ/CZCore/ConvL2.lean:464:8: `ContinuousLinearMap.zero_apply` has been deprecated: Use `zero_apply` instead

Note: The updated constant is in a different namespace. Dot notation may need to be changed (e.g., from `x.zero_apply` to `zero_apply x`).
warning: BoussinesqBlowup/Lit/CZ/CZCore/ConvL2.lean:472:36: `MeasureTheory.integrable_finset_sum'` has been deprecated: Use `MeasureTheory.integrable_finsetSum'` instead
warning: BoussinesqBlowup/Lit/CZ/CZCore/ConvL2.lean:473:60: `MeasureTheory.integrable_finset_sum'` has been deprecated: Use `MeasureTheory.integrable_finsetSum'` instead
⚠ [8699/10108] Replayed Challenge
warning: Challenge.lean:67:8: declaration uses `sorry`
⚠ [8703/10108] Replayed BoussinesqBlowup.S2.Dressed
warning: BoussinesqBlowup/S2/Dressed.lean:203:15: This simp argument is unused:
  Matrix.cons_val

Hint: Omit it from the simp argument list.
  simp only ̵[̵M̵a̵t̵r̵i̵x̵.̵c̵o̵n̵s̵_̵v̵a̵l̵]̵

Note: This linter can be disabled with `set_option linter.unusedSimpArgs false`
warning: BoussinesqBlowup/S2/Dressed.lean:331:13: `Set.right_mem_Iic` has been deprecated: Use `Set.self_mem_Iic` instead
warning: BoussinesqBlowup/S2/Dressed.lean:331:33: `Set.left_mem_Ici` has been deprecated: Use `Set.self_mem_Ici` instead
warning: BoussinesqBlowup/S2/Dressed.lean:711:6: `push_neg` has been deprecated. Prefer using `push Not` instead.
If you'd rather continue using `push_neg` in your project, you can implement it as follows:
```
open Lean.Parser.Tactic in
macro "push_neg" cfg:optConfig loc:(location)? : tactic =>
  `(tactic| push $cfg:optConfig Not $[$loc]?)
```
warning: BoussinesqBlowup/S2/Dressed.lean:920:6: `push_neg` has been deprecated. Prefer using `push Not` instead.
If you'd rather continue using `push_neg` in your project, you can implement it as follows:
```
open Lean.Parser.Tactic in
macro "push_neg" cfg:optConfig loc:(location)? : tactic =>
  `(tactic| push $cfg:optConfig Not $[$loc]?)
```
warning: BoussinesqBlowup/S2/Dressed.lean:955:4: `push_neg` has been deprecated. Prefer using `push Not` instead.
If you'd rather continue using `push_neg` in your project, you can implement it as follows:
```
open Lean.Parser.Tactic in
macro "push_neg" cfg:optConfig loc:(location)? : tactic =>
  `(tactic| push $cfg:optConfig Not $[$loc]?)
```
warning: BoussinesqBlowup/S2/Dressed.lean:983:5: Variable name `hD` is not explicitly referenced.

The binding can be removed (if unused) or named `_` (if used implicitly).

Note: This linter can be disabled with `set_option linter.unusedVariables false`
warning: BoussinesqBlowup/S2/Dressed.lean:983:33: Variable name `hd` is not explicitly referenced.

The binding can be removed (if unused) or named `_` (if used implicitly).

Note: This linter can be disabled with `set_option linter.unusedVariables false`
warning: BoussinesqBlowup/S2/Dressed.lean:1418:5: Variable name `hτ0` is not explicitly referenced.

The binding can be removed (if unused) or named `_` (if used implicitly).

Note: This linter can be disabled with `set_option linter.unusedVariables false`
warning: BoussinesqBlowup/S2/Dressed.lean:1418:43: Variable name `ha'` is not explicitly referenced.

The binding can be removed (if unused) or named `_` (if used implicitly).

Note: This linter can be disabled with `set_option linter.unusedVariables false`
warning: BoussinesqBlowup/S2/Dressed.lean:2097:66: Variable name `hEB` is not explicitly referenced.

The binding can be removed (if unused) or named `_` (if used implicitly).

Note: This linter can be disabled with `set_option linter.unusedVariables false`
warning: BoussinesqBlowup/S2/Dressed.lean:2180:35: Variable name `hEB` is not explicitly referenced.

The binding can be removed (if unused) or named `_` (if used implicitly).

Note: This linter can be disabled with `set_option linter.unusedVariables false`
warning: BoussinesqBlowup/S2/Dressed.lean:2382:53: Variable name `hDu'` is not explicitly referenced.

The binding can be removed (if unused) or named `_` (if used implicitly).

Note: This linter can be disabled with `set_option linter.unusedVariables false`
warning: BoussinesqBlowup/S2/Dressed.lean:2547:72: Variable name `ht` is not explicitly referenced.

The binding can be removed (if unused) or named `_` (if used implicitly).

Note: This linter can be disabled with `set_option linter.unusedVariables false`
warning: BoussinesqBlowup/S2/Dressed.lean:2743:54: Variable name `hΘ` is not explicitly referenced.

The binding can be removed (if unused) or named `_` (if used implicitly).

Note: This linter can be disabled with `set_option linter.unusedVariables false`
warning: BoussinesqBlowup/S2/Dressed.lean:3858:34: Variable name `hσ` is not explicitly referenced.

The binding can be removed (if unused) or named `_` (if used implicitly).

Note: This linter can be disabled with `set_option linter.unusedVariables false`
warning: BoussinesqBlowup/S2/Dressed.lean:3858:69: Variable name `hΦ` is not explicitly referenced.

The binding can be removed (if unused) or named `_` (if used implicitly).

Note: This linter can be disabled with `set_option linter.unusedVariables false`
warning: BoussinesqBlowup/S2/Dressed.lean:4143:4: `push_neg` has been deprecated. Prefer using `push Not` instead.
If you'd rather continue using `push_neg` in your project, you can implement it as follows:
```
open Lean.Parser.Tactic in
macro "push_neg" cfg:optConfig loc:(location)? : tactic =>
  `(tactic| push $cfg:optConfig Not $[$loc]?)
```
warning: BoussinesqBlowup/S2/Dressed.lean:4155:4: `push_neg` has been deprecated. Prefer using `push Not` instead.
If you'd rather continue using `push_neg` in your project, you can implement it as follows:
```
open Lean.Parser.Tactic in
macro "push_neg" cfg:optConfig loc:(location)? : tactic =>
  `(tactic| push $cfg:optConfig Not $[$loc]?)
```
warning: BoussinesqBlowup/S2/Dressed.lean:4270:38: This simp argument is unused:
  sub_zero

Hint: Omit it from the simp argument list.
  simp only [hC0, mul_zero, add_zero, s̵u̵b̵_̵zero,̵ ̵z̵e̵r̵o̵_div] at h3 h4

Note: This linter can be disabled with `set_option linter.unusedSimpArgs false`
warning: BoussinesqBlowup/S2/Dressed.lean:4270:48: This simp argument is unused:
  zero_div

Hint: Omit it from the simp argument list.
  simp only [hC0, mul_zero, add_zero, sub_zero,̵ ̵z̵e̵r̵o̵_̵d̵i̵v̵] at h3 h4

Note: This linter can be disabled with `set_option linter.unusedSimpArgs false`
warning: BoussinesqBlowup/S2/Dressed.lean:4274:73: Variable name `hΘ` is not explicitly referenced.

The binding can be removed (if unused) or named `_` (if used implicitly).

Note: This linter can be disabled with `set_option linter.unusedVariables false`
warning: BoussinesqBlowup/S2/Dressed.lean:4275:5: Variable name `hd` is not explicitly referenced.

The binding can be removed (if unused) or named `_` (if used implicitly).

Note: This linter can be disabled with `set_option linter.unusedVariables false`
warning: BoussinesqBlowup/S2/Dressed.lean:4374:4: `push_neg` has been deprecated. Prefer using `push Not` instead.
If you'd rather continue using `push_neg` in your project, you can implement it as follows:
```
open Lean.Parser.Tactic in
macro "push_neg" cfg:optConfig loc:(location)? : tactic =>
  `(tactic| push $cfg:optConfig Not $[$loc]?)
```
warning: BoussinesqBlowup/S2/Dressed.lean:4386:4: `push_neg` has been deprecated. Prefer using `push Not` instead.
If you'd rather continue using `push_neg` in your project, you can implement it as follows:
```
open Lean.Parser.Tactic in
macro "push_neg" cfg:optConfig loc:(location)? : tactic =>
  `(tactic| push $cfg:optConfig Not $[$loc]?)
```
warning: BoussinesqBlowup/S2/Dressed.lean:4286:5: Variable name `hd` is not explicitly referenced.

The binding can be removed (if unused) or named `_` (if used implicitly).

Note: This linter can be disabled with `set_option linter.unusedVariables false`
warning: BoussinesqBlowup/S2/Dressed.lean:4656:48: This simp argument is unused:
  Matrix.head_cons

Hint: Omit it from the simp argument list.
  simp only [Fin.mk_one, Matrix.cons_val_one,̵ ̵M̵a̵t̵r̵i̵x̵.̵h̵e̵a̵d̵_̵c̵o̵n̵s̵]

Note: This linter can be disabled with `set_option linter.unusedSimpArgs false`
warning: BoussinesqBlowup/S2/Dressed.lean:5832:95: Variable name `hΘ` is not explicitly referenced.

The binding can be removed (if unused) or named `_` (if used implicitly).

Note: This linter can be disabled with `set_option linter.unusedVariables false`
warning: BoussinesqBlowup/S2/Dressed.lean:6107:63: This simp argument is unused:
  Matrix.head_cons

Hint: Omit it from the simp argument list.
  simp only [dressedRsField, holdControl, Matrix.cons_val_one, M̵a̵t̵r̵i̵x̵.̵h̵e̵a̵d̵_̵c̵o̵n̵s̵,̵ ̵Matrix.cons_val_zero]

Note: This linter can be disabled with `set_option linter.unusedSimpArgs false`
warning: BoussinesqBlowup/S2/Dressed.lean:6185:5: Variable name `hB` is not explicitly referenced.

The binding can be removed (if unused) or named `_` (if used implicitly).

Note: This linter can be disabled with `set_option linter.unusedVariables false`
warning: BoussinesqBlowup/S2/Dressed.lean:6310:48: This simp argument is unused:
  Matrix.head_cons

Hint: Omit it from the simp argument list.
  simp only [Fin.mk_one, Matrix.cons_val_one,̵ ̵M̵a̵t̵r̵i̵x̵.̵h̵e̵a̵d̵_̵c̵o̵n̵s̵]

Note: This linter can be disabled with `set_option linter.unusedSimpArgs false`
warning: BoussinesqBlowup/S2/Dressed.lean:7067:5: Variable name `hΘ` is not explicitly referenced.

The binding can be removed (if unused) or named `_` (if used implicitly).

Note: This linter can be disabled with `set_option linter.unusedVariables false`
warning: BoussinesqBlowup/S2/Dressed.lean:7067:21: Variable name `hV` is not explicitly referenced.

The binding can be removed (if unused) or named `_` (if used implicitly).

Note: This linter can be disabled with `set_option linter.unusedVariables false`
⚠ [8704/10108] Replayed BoussinesqBlowup.LandingWindows
warning: BoussinesqBlowup/LandingWindows.lean:497:22: `push_neg` has been deprecated. Prefer using `push Not` instead.
If you'd rather continue using `push_neg` in your project, you can implement it as follows:
```
open Lean.Parser.Tactic in
macro "push_neg" cfg:optConfig loc:(location)? : tactic =>
  `(tactic| push $cfg:optConfig Not $[$loc]?)
```
warning: BoussinesqBlowup/LandingWindows.lean:494:44: This simp argument is unused:
  one_mul

Hint: Omit it from the simp argument list.
  simp only [hG, mul_zero, Real.exp_zero, o̵n̵e̵_̵m̵u̵l̵,̵ ̵hns] at h1

Note: This linter can be disabled with `set_option linter.unusedSimpArgs false`
warning: BoussinesqBlowup/LandingWindows.lean:603:19: `push_neg` has been deprecated. Prefer using `push Not` instead.
If you'd rather continue using `push_neg` in your project, you can implement it as follows:
```
open Lean.Parser.Tactic in
macro "push_neg" cfg:optConfig loc:(location)? : tactic =>
  `(tactic| push $cfg:optConfig Not $[$loc]?)
```
warning: BoussinesqBlowup/LandingWindows.lean:618:19: `push_neg` has been deprecated. Prefer using `push Not` instead.
If you'd rather continue using `push_neg` in your project, you can implement it as follows:
```
open Lean.Parser.Tactic in
macro "push_neg" cfg:optConfig loc:(location)? : tactic =>
  `(tactic| push $cfg:optConfig Not $[$loc]?)
```
warning: BoussinesqBlowup/LandingWindows.lean:799:20: `push_neg` has been deprecated. Prefer using `push Not` instead.
If you'd rather continue using `push_neg` in your project, you can implement it as follows:
```
open Lean.Parser.Tactic in
macro "push_neg" cfg:optConfig loc:(location)? : tactic =>
  `(tactic| push $cfg:optConfig Not $[$loc]?)
```
warning: BoussinesqBlowup/LandingWindows.lean:810:31: `push_neg` has been deprecated. Prefer using `push Not` instead.
If you'd rather continue using `push_neg` in your project, you can implement it as follows:
```
open Lean.Parser.Tactic in
macro "push_neg" cfg:optConfig loc:(location)? : tactic =>
  `(tactic| push $cfg:optConfig Not $[$loc]?)
```
warning: BoussinesqBlowup/LandingWindows.lean:860:4: `push_neg` has been deprecated. Prefer using `push Not` instead.
If you'd rather continue using `push_neg` in your project, you can implement it as follows:
```
open Lean.Parser.Tactic in
macro "push_neg" cfg:optConfig loc:(location)? : tactic =>
  `(tactic| push $cfg:optConfig Not $[$loc]?)
```
warning: BoussinesqBlowup/LandingWindows.lean:995:42: This simp argument is unused:
  hBg0

Hint: Omit it from the simp argument list.
  simp [hB̵g̵0̵,̵ ̵h̵δ.le, mul_nonneg hδ.le hBg0]

Note: This linter can be disabled with `set_option linter.unusedSimpArgs false`
warning: BoussinesqBlowup/LandingWindows.lean:995:48: This simp argument is unused:
  hδ.le

Hint: Omit it from the simp argument list.
  simp [hBg0, h̵δ̵.̵l̵e̵,̵ ̵mul_nonneg hδ.le hBg0]

Note: This linter can be disabled with `set_option linter.unusedSimpArgs false`
warning: BoussinesqBlowup/LandingWindows.lean:1114:22: `push_neg` has been deprecated. Prefer using `push Not` instead.
If you'd rather continue using `push_neg` in your project, you can implement it as follows:
```
open Lean.Parser.Tactic in
macro "push_neg" cfg:optConfig loc:(location)? : tactic =>
  `(tactic| push $cfg:optConfig Not $[$loc]?)
```
warning: BoussinesqBlowup/LandingWindows.lean:1285:17: `push_neg` has been deprecated. Prefer using `push Not` instead.
If you'd rather continue using `push_neg` in your project, you can implement it as follows:
```
open Lean.Parser.Tactic in
macro "push_neg" cfg:optConfig loc:(location)? : tactic =>
  `(tactic| push $cfg:optConfig Not $[$loc]?)
```
warning: BoussinesqBlowup/LandingWindows.lean:1475:17: `push_neg` has been deprecated. Prefer using `push Not` instead.
If you'd rather continue using `push_neg` in your project, you can implement it as follows:
```
open Lean.Parser.Tactic in
macro "push_neg" cfg:optConfig loc:(location)? : tactic =>
  `(tactic| push $cfg:optConfig Not $[$loc]?)
```
warning: BoussinesqBlowup/LandingWindows.lean:1473:74: Variable name `h2` is not explicitly referenced.

The binding can be removed (if unused) or named `_` (if used implicitly).

Note: This linter can be disabled with `set_option linter.unusedVariables false`
⚠ [8705/10108] Replayed BoussinesqBlowup.Lit.FlatConstants
warning: BoussinesqBlowup/Lit/FlatConstants.lean:429:45: Variable name `hh` is not explicitly referenced.

The binding can be removed (if unused) or named `_` (if used implicitly).

Note: This linter can be disabled with `set_option linter.unusedVariables false`
⚠ [8706/10108] Replayed BoussinesqBlowup.Num.FlatStepTable
warning: BoussinesqBlowup/Num/FlatStepTable.lean:135:40: Variable name `ha` is not explicitly referenced.

The binding can be removed (if unused) or named `_` (if used implicitly).

Note: This linter can be disabled with `set_option linter.unusedVariables false`
warning: BoussinesqBlowup/Num/FlatStepTable.lean:136:13: Variable name `hy0` is not explicitly referenced.

The binding can be removed (if unused) or named `_` (if used implicitly).

Note: This linter can be disabled with `set_option linter.unusedVariables false`
warning: BoussinesqBlowup/Num/FlatStepTable.lean:228:13: Variable name `hy0` is not explicitly referenced.

The binding can be removed (if unused) or named `_` (if used implicitly).

Note: This linter can be disabled with `set_option linter.unusedVariables false`
warning: BoussinesqBlowup/Num/FlatStepTable.lean:545:47: This simp argument is unused:
  mul_one

Hint: Omit it from the simp argument list.
  simp only [pevalR_paddL, pevalR_psmulL, pevalR_pmulL, pevalR_pcompL, pevalR,
  ̲  ̲ ̲ ̲(pevalR_qcoefL b τ).1, (pevalR_qcoefL b τ).2, mul_zero, a̵d̵d̵_̵z̵e̵r̵o̵,̵ ̵m̵u̵l̵_̵o̵n̵e̵]̵a̲d̲d̲_̲z̲e̲r̲o̲]̲ at u1 u2 u3 u4 u5 u6

Note: This linter can be disabled with `set_option linter.unusedSimpArgs false`
⚠ [8708/10108] Replayed BoussinesqBlowup.S2.LemmaP
warning: BoussinesqBlowup/S2/LemmaP.lean:53:40: Variable name `hD` is not explicitly referenced.

The binding can be removed (if unused) or named `_` (if used implicitly).

Note: This linter can be disabled with `set_option linter.unusedVariables false`
warning: BoussinesqBlowup/S2/LemmaP.lean:1364:69: This simp argument is unused:
  zero_add

Hint: Omit it from the simp argument list.
  simp only [hΦ, min_self, sub_self, abs_zero, mul_zero, zero_mul, z̵e̵r̵o̵_̵add,̵ ̵a̵d̵d̵_zero]

Note: This linter can be disabled with `set_option linter.unusedSimpArgs false`
⚠ [8709/10108] Replayed BoussinesqBlowup.S2.Canonical
warning: BoussinesqBlowup/S2/Canonical.lean:19:4: This simp argument is unused:
  Complex.re_sum

Hint: Omit it from the simp argument list.
  simp only [Finset.sum_range_succ, Finset.sum_range_zero, Nat.factorial, mul_pow,̵
  ̵ ̵ ̵ ̵ ̵C̵o̵m̵p̵l̵e̵x̵.̵r̵e̵_̵s̵u̵m̵]

Note: This linter can be disabled with `set_option linter.unusedSimpArgs false`
warning: BoussinesqBlowup/S2/Canonical.lean:47:4: This simp argument is unused:
  Complex.im_sum

Hint: Omit it from the simp argument list.
  simp only [Finset.sum_range_succ, Finset.sum_range_zero, Nat.factorial, mul_pow,̵
  ̵ ̵ ̵ ̵ ̵C̵o̵m̵p̵l̵e̵x̵.̵i̵m̵_̵s̵u̵m̵]

Note: This linter can be disabled with `set_option linter.unusedSimpArgs false`
warning: BoussinesqBlowup/S2/Canonical.lean:416:72: Variable name `hS` is not explicitly referenced.

The binding can be removed (if unused) or named `_` (if used implicitly).

Note: This linter can be disabled with `set_option linter.unusedVariables false`
warning: BoussinesqBlowup/S2/Canonical.lean:1262:4: `push_neg` has been deprecated. Prefer using `push Not` instead.
If you'd rather continue using `push_neg` in your project, you can implement it as follows:
```
open Lean.Parser.Tactic in
macro "push_neg" cfg:optConfig loc:(location)? : tactic =>
  `(tactic| push $cfg:optConfig Not $[$loc]?)
```
warning: BoussinesqBlowup/S2/Canonical.lean:1882:6: `push_neg` has been deprecated. Prefer using `push Not` instead.
If you'd rather continue using `push_neg` in your project, you can implement it as follows:
```
open Lean.Parser.Tactic in
macro "push_neg" cfg:optConfig loc:(location)? : tactic =>
  `(tactic| push $cfg:optConfig Not $[$loc]?)
```
warning: BoussinesqBlowup/S2/Canonical.lean:2032:6: `push_neg` has been deprecated. Prefer using `push Not` instead.
If you'd rather continue using `push_neg` in your project, you can implement it as follows:
```
open Lean.Parser.Tactic in
macro "push_neg" cfg:optConfig loc:(location)? : tactic =>
  `(tactic| push $cfg:optConfig Not $[$loc]?)
```
warning: BoussinesqBlowup/S2/Canonical.lean:2010:47: Variable name `hab` is not explicitly referenced.

The binding can be removed (if unused) or named `_` (if used implicitly).

Note: This linter can be disabled with `set_option linter.unusedVariables false`
warning: BoussinesqBlowup/S2/Canonical.lean:2271:10: this tactic is never executed

Note: This linter can be disabled with `set_option linter.unreachableTactic false`
warning: BoussinesqBlowup/S2/Canonical.lean:2271:10: 'ring' tactic does nothing

Note: This linter can be disabled with `set_option linter.unusedTactic false`
warning: BoussinesqBlowup/S2/Canonical.lean:2438:67: Variable name `hab` is not explicitly referenced.

The binding can be removed (if unused) or named `_` (if used implicitly).

Note: This linter can be disabled with `set_option linter.unusedVariables false`
warning: BoussinesqBlowup/S2/Canonical.lean:2906:53: Variable name `hsv` is not explicitly referenced.

The binding can be removed (if unused) or named `_` (if used implicitly).

Note: This linter can be disabled with `set_option linter.unusedVariables false`
warning: BoussinesqBlowup/S2/Canonical.lean:3512:19: Variable name `h2` is not explicitly referenced.

The binding can be removed (if unused) or named `_` (if used implicitly).

Note: This linter can be disabled with `set_option linter.unusedVariables false`
warning: BoussinesqBlowup/S2/Canonical.lean:3643:4: 'push_cast' tactic does nothing

Note: This linter can be disabled with `set_option linter.unusedTactic false`
⚠ [8710/10108] Replayed BoussinesqBlowup.S2.Interface
warning: BoussinesqBlowup/S2/Interface.lean:45:80: Variable name `hε0` is not explicitly referenced.

The binding can be removed (if unused) or named `_` (if used implicitly).

Note: This linter can be disabled with `set_option linter.unusedVariables false`
warning: BoussinesqBlowup/S2/Interface.lean:65:66: Variable name `hε0` is not explicitly referenced.

The binding can be removed (if unused) or named `_` (if used implicitly).

Note: This linter can be disabled with `set_option linter.unusedVariables false`
⚠ [8711/10108] Replayed BoussinesqBlowup.S2.FlatInterface
warning: BoussinesqBlowup/S2/FlatInterface.lean:336:33: Variable name `hsv` is not explicitly referenced.

The binding can be removed (if unused) or named `_` (if used implicitly).

Note: This linter can be disabled with `set_option linter.unusedVariables false`
warning: BoussinesqBlowup/S2/FlatInterface.lean:419:51: Variable name `hε₂c` is not explicitly referenced.

The binding can be removed (if unused) or named `_` (if used implicitly).

Note: This linter can be disabled with `set_option linter.unusedVariables false`
warning: BoussinesqBlowup/S2/FlatInterface.lean:420:5: Variable name `hzc` is not explicitly referenced.

The binding can be removed (if unused) or named `_` (if used implicitly).

Note: This linter can be disabled with `set_option linter.unusedVariables false`
⚠ [8712/10108] Replayed BoussinesqBlowup.E.E1
warning: BoussinesqBlowup/E/E1.lean:227:21: Used `tac1 <;> tac2` where `(tac1; tac2)` would suffice

Note: This linter can be disabled with `set_option linter.unnecessarySeqFocus false`
warning: BoussinesqBlowup/E/E1.lean:240:21: Used `tac1 <;> tac2` where `(tac1; tac2)` would suffice

Note: This linter can be disabled with `set_option linter.unnecessarySeqFocus false`
warning: BoussinesqBlowup/E/E1.lean:324:15: Used `tac1 <;> tac2` where `(tac1; tac2)` would suffice

Note: This linter can be disabled with `set_option linter.unnecessarySeqFocus false`
warning: BoussinesqBlowup/E/E1.lean:371:93: this tactic is never executed

Note: This linter can be disabled with `set_option linter.unreachableTactic false`
warning: BoussinesqBlowup/E/E1.lean:371:93: 'ring' tactic does nothing

Note: This linter can be disabled with `set_option linter.unusedTactic false`
warning: BoussinesqBlowup/E/E1.lean:478:21: Used `tac1 <;> tac2` where `(tac1; tac2)` would suffice

Note: This linter can be disabled with `set_option linter.unnecessarySeqFocus false`
warning: BoussinesqBlowup/E/E1.lean:486:82: Used `tac1 <;> tac2` where `(tac1; tac2)` would suffice

Note: This linter can be disabled with `set_option linter.unnecessarySeqFocus false`
warning: BoussinesqBlowup/E/E1.lean:499:96: Used `tac1 <;> tac2` where `(tac1; tac2)` would suffice

Note: This linter can be disabled with `set_option linter.unnecessarySeqFocus false`
warning: BoussinesqBlowup/E/E1.lean:506:68: Used `tac1 <;> tac2` where `(tac1; tac2)` would suffice

Note: This linter can be disabled with `set_option linter.unnecessarySeqFocus false`
warning: BoussinesqBlowup/E/E1.lean:519:41: Used `tac1 <;> tac2` where `(tac1; tac2)` would suffice

Note: This linter can be disabled with `set_option linter.unnecessarySeqFocus false`
warning: BoussinesqBlowup/E/E1.lean:545:91: Used `tac1 <;> tac2` where `(tac1; tac2)` would suffice

Note: This linter can be disabled with `set_option linter.unnecessarySeqFocus false`
warning: BoussinesqBlowup/E/E1.lean:679:56: Variable name `hq` is not explicitly referenced.

The binding can be removed (if unused) or named `_` (if used implicitly).

Note: This linter can be disabled with `set_option linter.unusedVariables false`
warning: BoussinesqBlowup/E/E1.lean:699:5: Variable name `hf` is not explicitly referenced.

The binding can be removed (if unused) or named `_` (if used implicitly).

Note: This linter can be disabled with `set_option linter.unusedVariables false`
warning: BoussinesqBlowup/E/E1.lean:720:5: Variable name `hq` is not explicitly referenced.

The binding can be removed (if unused) or named `_` (if used implicitly).

Note: This linter can be disabled with `set_option linter.unusedVariables false`
warning: BoussinesqBlowup/E/E1.lean:720:39: Variable name `hqlo` is not explicitly referenced.

The binding can be removed (if unused) or named `_` (if used implicitly).

Note: This linter can be disabled with `set_option linter.unusedVariables false`
warning: BoussinesqBlowup/E/E1.lean:721:5: Variable name `hqhi` is not explicitly referenced.

The binding can be removed (if unused) or named `_` (if used implicitly).

Note: This linter can be disabled with `set_option linter.unusedVariables false`
warning: BoussinesqBlowup/E/E1.lean:721:43: Variable name `hm` is not explicitly referenced.

The binding can be removed (if unused) or named `_` (if used implicitly).

Note: This linter can be disabled with `set_option linter.unusedVariables false`
warning: BoussinesqBlowup/E/E1.lean:722:43: Variable name `hmhi` is not explicitly referenced.

The binding can be removed (if unused) or named `_` (if used implicitly).

Note: This linter can be disabled with `set_option linter.unusedVariables false`
warning: BoussinesqBlowup/E/E1.lean:869:5: Variable name `h12` is not explicitly referenced.

The binding can be removed (if unused) or named `_` (if used implicitly).

Note: This linter can be disabled with `set_option linter.unusedVariables false`
warning: BoussinesqBlowup/E/E1.lean:1037:72: this tactic is never executed

Note: This linter can be disabled with `set_option linter.unreachableTactic false`
warning: BoussinesqBlowup/E/E1.lean:1037:72: 'ring' tactic does nothing

Note: This linter can be disabled with `set_option linter.unusedTactic false`
warning: BoussinesqBlowup/E/E1.lean:1096:28: Used `tac1 <;> tac2` where `(tac1; tac2)` would suffice

Note: This linter can be disabled with `set_option linter.unnecessarySeqFocus false`
warning: BoussinesqBlowup/E/E1.lean:1142:68: Used `tac1 <;> tac2` where `(tac1; tac2)` would suffice

Note: This linter can be disabled with `set_option linter.unnecessarySeqFocus false`
warning: BoussinesqBlowup/E/E1.lean:1152:23: Used `tac1 <;> tac2` where `(tac1; tac2)` would suffice

Note: This linter can be disabled with `set_option linter.unnecessarySeqFocus false`
warning: BoussinesqBlowup/E/E1.lean:1166:19: `Set.left_mem_Ici` has been deprecated: Use `Set.self_mem_Ici` instead
warning: BoussinesqBlowup/E/E1.lean:1275:86: this tactic is never executed

Note: This linter can be disabled with `set_option linter.unreachableTactic false`
warning: BoussinesqBlowup/E/E1.lean:1275:86: 'ring' tactic does nothing

Note: This linter can be disabled with `set_option linter.unusedTactic false`
warning: BoussinesqBlowup/E/E1.lean:1281:38: Variable name `hD` is not explicitly referenced.

The binding can be removed (if unused) or named `_` (if used implicitly).

Note: This linter can be disabled with `set_option linter.unusedVariables false`
warning: BoussinesqBlowup/E/E1.lean:1290:38: Used `tac1 <;> tac2` where `(tac1; tac2)` would suffice

Note: This linter can be disabled with `set_option linter.unnecessarySeqFocus false`
warning: BoussinesqBlowup/E/E1.lean:1292:38: Used `tac1 <;> tac2` where `(tac1; tac2)` would suffice

Note: This linter can be disabled with `set_option linter.unnecessarySeqFocus false`
warning: BoussinesqBlowup/E/E1.lean:1294:51: Variable name `hx` is not explicitly referenced.

The binding can be removed (if unused) or named `_` (if used implicitly).

Note: This linter can be disabled with `set_option linter.unusedVariables false`
warning: BoussinesqBlowup/E/E1.lean:1302:51: Variable name `hx` is not explicitly referenced.

The binding can be removed (if unused) or named `_` (if used implicitly).

Note: This linter can be disabled with `set_option linter.unusedVariables false`
warning: BoussinesqBlowup/E/E1.lean:1338:54: Variable name `hx` is not explicitly referenced.

The binding can be removed (if unused) or named `_` (if used implicitly).

Note: This linter can be disabled with `set_option linter.unusedVariables false`
warning: BoussinesqBlowup/E/E1.lean:1506:62: Used `tac1 <;> tac2` where `(tac1; tac2)` would suffice

Note: This linter can be disabled with `set_option linter.unnecessarySeqFocus false`
warning: BoussinesqBlowup/E/E1.lean:1526:62: Used `tac1 <;> tac2` where `(tac1; tac2)` would suffice

Note: This linter can be disabled with `set_option linter.unnecessarySeqFocus false`
⚠ [8713/10108] Replayed BoussinesqBlowup.Num.OverTilt
warning: BoussinesqBlowup/Num/OverTilt.lean:101:65: Variable name `hD` is not explicitly referenced.

The binding can be removed (if unused) or named `_` (if used implicitly).

Note: This linter can be disabled with `set_option linter.unusedVariables false`
warning: BoussinesqBlowup/Num/OverTilt.lean:165:35: Variable name `hD` is not explicitly referenced.

The binding can be removed (if unused) or named `_` (if used implicitly).

Note: This linter can be disabled with `set_option linter.unusedVariables false`
warning: BoussinesqBlowup/Num/OverTilt.lean:251:2: `push_neg` has been deprecated. Prefer using `push Not` instead.
If you'd rather continue using `push_neg` in your project, you can implement it as follows:
```
open Lean.Parser.Tactic in
macro "push_neg" cfg:optConfig loc:(location)? : tactic =>
  `(tactic| push $cfg:optConfig Not $[$loc]?)
```
warning: BoussinesqBlowup/Num/OverTilt.lean:270:4: `push_neg` has been deprecated. Prefer using `push Not` instead.
If you'd rather continue using `push_neg` in your project, you can implement it as follows:
```
open Lean.Parser.Tactic in
macro "push_neg" cfg:optConfig loc:(location)? : tactic =>
  `(tactic| push $cfg:optConfig Not $[$loc]?)
```
warning: BoussinesqBlowup/Num/OverTilt.lean:481:57: Variable name `hψ` is not explicitly referenced.

The binding can be removed (if unused) or named `_` (if used implicitly).

Note: This linter can be disabled with `set_option linter.unusedVariables false`
⚠ [8714/10108] Replayed BoussinesqBlowup.Num.PreCrossing
warning: BoussinesqBlowup/Num/PreCrossing.lean:176:2: `push_neg` has been deprecated. Prefer using `push Not` instead.
If you'd rather continue using `push_neg` in your project, you can implement it as follows:
```
open Lean.Parser.Tactic in
macro "push_neg" cfg:optConfig loc:(location)? : tactic =>
  `(tactic| push $cfg:optConfig Not $[$loc]?)
```
warning: BoussinesqBlowup/Num/PreCrossing.lean:188:2: `push_neg` has been deprecated. Prefer using `push Not` instead.
If you'd rather continue using `push_neg` in your project, you can implement it as follows:
```
open Lean.Parser.Tactic in
macro "push_neg" cfg:optConfig loc:(location)? : tactic =>
  `(tactic| push $cfg:optConfig Not $[$loc]?)
```
warning: BoussinesqBlowup/Num/PreCrossing.lean:200:2: `push_neg` has been deprecated. Prefer using `push Not` instead.
If you'd rather continue using `push_neg` in your project, you can implement it as follows:
```
open Lean.Parser.Tactic in
macro "push_neg" cfg:optConfig loc:(location)? : tactic =>
  `(tactic| push $cfg:optConfig Not $[$loc]?)
```
warning: BoussinesqBlowup/Num/PreCrossing.lean:227:4: `push_neg` has been deprecated. Prefer using `push Not` instead.
If you'd rather continue using `push_neg` in your project, you can implement it as follows:
```
open Lean.Parser.Tactic in
macro "push_neg" cfg:optConfig loc:(location)? : tactic =>
  `(tactic| push $cfg:optConfig Not $[$loc]?)
```
⚠ [8720/10108] Replayed BoussinesqBlowup.Num.PreCrossingTight
warning: BoussinesqBlowup/Num/PreCrossingTight.lean:386:19: 'push_cast' tactic does nothing

Note: This linter can be disabled with `set_option linter.unusedTactic false`
warning: BoussinesqBlowup/Num/PreCrossingTight.lean:657:19: 'push_cast' tactic does nothing

Note: This linter can be disabled with `set_option linter.unusedTactic false`
⚠ [8729/10108] Replayed BoussinesqBlowup.Num.OverTiltQCert
warning: BoussinesqBlowup/Num/OverTiltQCert.lean:28:71: This simp argument is unused:
  Function.update_apply

Hint: Omit it from the simp argument list.
  simp ̵[̵F̵u̵n̵c̵t̵i̵o̵n̵.̵u̵p̵d̵a̵t̵e̵_̵a̵p̵p̵l̵y̵]̵

Note: This linter can be disabled with `set_option linter.unusedSimpArgs false`
warning: BoussinesqBlowup/Num/OverTiltQCert.lean:47:71: This simp argument is unused:
  Function.update_apply

Hint: Omit it from the simp argument list.
  simp ̵[̵F̵u̵n̵c̵t̵i̵o̵n̵.̵u̵p̵d̵a̵t̵e̵_̵a̵p̵p̵l̵y̵]̵

Note: This linter can be disabled with `set_option linter.unusedSimpArgs false`
⚠ [8732/10108] Replayed BoussinesqBlowup.Num.W11Row
warning: BoussinesqBlowup/Num/W11Row.lean:15:11: `lo` has been deprecated: Use `MonomialOrder.linearOrderSyn` instead
⚠ [8736/10108] Replayed BoussinesqBlowup.Num.W5Row
warning: BoussinesqBlowup/Num/W5Row.lean:82:62: This simp argument is unused:
  Pi.sub_apply

Hint: Omit it from the simp argument list.
  simp only [Function.comp_apply, Pi.pow_apply, Pi.mul_apply,̵ ̵P̵i̵.̵s̵u̵b̵_̵a̵p̵p̵l̵y̵]

Note: This linter can be disabled with `set_option linter.unusedSimpArgs false`
⚠ [8739/10108] Replayed Cm24.S2.Oscillatory
warning: vendor/cm24-r2/Cm24/S2/Oscillatory.lean:35:70: `ContinuousLinearMap.coe_smul'` has been deprecated: Use `FunLike.coe_smul` instead

Note: The updated constant is in a different namespace. Dot notation may need to be changed (e.g., from `x.coe_smul'` to `FunLike.coe_smul x`).
warning: vendor/cm24-r2/Cm24/S2/Oscillatory.lean:169:47: `ContinuousLinearMap.coe_smul'` has been deprecated: Use `FunLike.coe_smul` instead

Note: The updated constant is in a different namespace. Dot notation may need to be changed (e.g., from `x.coe_smul'` to `FunLike.coe_smul x`).
warning: vendor/cm24-r2/Cm24/S2/Oscillatory.lean:233:13: `ContinuousLinearMap.coe_smul'` has been deprecated: Use `FunLike.coe_smul` instead

Note: The updated constant is in a different namespace. Dot notation may need to be changed (e.g., from `x.coe_smul'` to `FunLike.coe_smul x`).
warning: vendor/cm24-r2/Cm24/S2/Oscillatory.lean:330:25: `ContinuousLinearMap.sum_apply` has been deprecated: Use `sum_apply` instead

Note: The updated constant is in a different namespace. Dot notation may need to be changed (e.g., from `x.sum_apply` to `sum_apply x`).
⚠ [8740/10108] Replayed Cm24.S2.Profile
warning: vendor/cm24-r2/Cm24/S2/Profile.lean:32:50: Variable name `hij` is not explicitly referenced.

The binding can be removed (if unused) or named `_` (if used implicitly).

Note: This linter can be disabled with `set_option linter.unusedVariables false`
⚠ [8741/10108] Replayed Cm24.S2.Taylor
warning: vendor/cm24-r2/Cm24/S2/Taylor.lean:51:20: This simp argument is unused:
  List.count_cons

Hint: Omit it from the simp argument list.
  simp [List.count_c̵o̵n̵s̵,̵ ̵L̵i̵s̵t̵.̵c̵o̵u̵n̵t̵_̵append, List.count_replicate]

Note: This linter can be disabled with `set_option linter.unusedSimpArgs false`
warning: vendor/cm24-r2/Cm24/S2/Taylor.lean:279:13: `ContinuousLinearMap.sub_apply` has been deprecated: Use `sub_apply` instead

Note: The updated constant is in a different namespace. Dot notation may need to be changed (e.g., from `x.sub_apply` to `sub_apply x`).
warning: vendor/cm24-r2/Cm24/S2/Taylor.lean:279:44: `ContinuousLinearMap.sum_apply` has been deprecated: Use `sum_apply` instead

Note: The updated constant is in a different namespace. Dot notation may need to be changed (e.g., from `x.sum_apply` to `sum_apply x`).
warning: vendor/cm24-r2/Cm24/S2/Taylor.lean:280:4: `ContinuousLinearMap.smul_apply` has been deprecated: Use `smul_apply` instead

Note: The updated constant is in a different namespace. Dot notation may need to be changed (e.g., from `x.smul_apply` to `smul_apply x`).
warning: vendor/cm24-r2/Cm24/S2/Taylor.lean:331:48: Variable name `hε` is not explicitly referenced.

The binding can be removed (if unused) or named `_` (if used implicitly).

Note: This linter can be disabled with `set_option linter.unusedVariables false`
warning: vendor/cm24-r2/Cm24/S2/Taylor.lean:371:49: Variable name `hε` is not explicitly referenced.

The binding can be removed (if unused) or named `_` (if used implicitly).

Note: This linter can be disabled with `set_option linter.unusedVariables false`
warning: vendor/cm24-r2/Cm24/S2/Taylor.lean:372:27: Variable name `hfc` is not explicitly referenced.

The binding can be removed (if unused) or named `_` (if used implicitly).

Note: This linter can be disabled with `set_option linter.unusedVariables false`
warning: vendor/cm24-r2/Cm24/S2/Taylor.lean:518:8: `MeasureTheory.integral_finset_sum` has been deprecated: Use `MeasureTheory.integral_finsetSum` instead
warning: vendor/cm24-r2/Cm24/S2/Taylor.lean:518:41: `MeasureTheory.integrable_finset_sum` has been deprecated: Use `MeasureTheory.integrable_finsetSum` instead
warning: vendor/cm24-r2/Cm24/S2/Taylor.lean:520:8: `MeasureTheory.integral_finset_sum` has been deprecated: Use `MeasureTheory.integral_finsetSum` instead
warning: vendor/cm24-r2/Cm24/S2/Taylor.lean:460:42: Variable name `hε` is not explicitly referenced.

The binding can be removed (if unused) or named `_` (if used implicitly).

Note: This linter can be disabled with `set_option linter.unusedVariables false`
warning: vendor/cm24-r2/Cm24/S2/Taylor.lean:622:4: `push_neg` has been deprecated. Prefer using `push Not` instead.
If you'd rather continue using `push_neg` in your project, you can implement it as follows:
```
open Lean.Parser.Tactic in
macro "push_neg" cfg:optConfig loc:(location)? : tactic =>
  `(tactic| push $cfg:optConfig Not $[$loc]?)
```
warning: vendor/cm24-r2/Cm24/S2/Taylor.lean:799:6: `push_neg` has been deprecated. Prefer using `push Not` instead.
If you'd rather continue using `push_neg` in your project, you can implement it as follows:
```
open Lean.Parser.Tactic in
macro "push_neg" cfg:optConfig loc:(location)? : tactic =>
  `(tactic| push $cfg:optConfig Not $[$loc]?)
```
warning: vendor/cm24-r2/Cm24/S2/Taylor.lean:812:6: `push_neg` has been deprecated. Prefer using `push Not` instead.
If you'd rather continue using `push_neg` in your project, you can implement it as follows:
```
open Lean.Parser.Tactic in
macro "push_neg" cfg:optConfig loc:(location)? : tactic =>
  `(tactic| push $cfg:optConfig Not $[$loc]?)
```
⚠ [8743/10108] Replayed Cm24.S2.FarField
warning: vendor/cm24-r2/Cm24/S2/FarField.lean:13:50: Variable name `hN` is not explicitly referenced.

The binding can be removed (if unused) or named `_` (if used implicitly).

Note: This linter can be disabled with `set_option linter.unusedVariables false`
warning: vendor/cm24-r2/Cm24/S2/FarField.lean:31:45: Variable name `hN` is not explicitly referenced.

The binding can be removed (if unused) or named `_` (if used implicitly).

Note: This linter can be disabled with `set_option linter.unusedVariables false`
warning: vendor/cm24-r2/Cm24/S2/FarField.lean:236:44: Variable name `hε` is not explicitly referenced.

The binding can be removed (if unused) or named `_` (if used implicitly).

Note: This linter can be disabled with `set_option linter.unusedVariables false`
warning: vendor/cm24-r2/Cm24/S2/FarField.lean:237:5: Variable name `hab` is not explicitly referenced.

The binding can be removed (if unused) or named `_` (if used implicitly).

Note: This linter can be disabled with `set_option linter.unusedVariables false`
⚠ [8744/10108] Replayed Cm24.S2.Master
warning: vendor/cm24-r2/Cm24/S2/Master.lean:591:40: This simp argument is unused:
  div_one

Hint: Omit it from the simp argument list.
  simp only [Theta, kerV, hA, hB, LinearIsometryEquiv.norm_map, hT0, pow_zero, mul_one,
        Nat.factorial_zero, Nat.cast_one,̵ ̵d̵i̵v̵_̵o̵n̵e̵]

Note: This linter can be disabled with `set_option linter.unusedSimpArgs false`
warning: vendor/cm24-r2/Cm24/S2/Master.lean:600:77: This simp argument is unused:
  div_one

Hint: Omit it from the simp argument list.
  simp only [hA, Theta, pow_zero, mul_one, Nat.factorial_zero, Nat.cast_one, d̵i̵v̵_̵o̵n̵e̵,̵ ̵zero_mul, one_mul,
      zero_add]

Note: This linter can be disabled with `set_option linter.unusedSimpArgs false`
⚠ [8745/10108] Replayed Cm24.S2.C0Pos
warning: vendor/cm24-r2/Cm24/S2/C0Pos.lean:801:52: Variable name `hlam` is not explicitly referenced.

The binding can be removed (if unused) or named `_` (if used implicitly).

Note: This linter can be disabled with `set_option linter.unusedVariables false`
warning: vendor/cm24-r2/Cm24/S2/C0Pos.lean:801:69: Variable name `hδ` is not explicitly referenced.

The binding can be removed (if unused) or named `_` (if used implicitly).

Note: This linter can be disabled with `set_option linter.unusedVariables false`
warning: vendor/cm24-r2/Cm24/S2/C0Pos.lean:825:58: This simp argument is unused:
  Matrix.head_cons

Hint: Omit it from the simp argument list.
  simp only [Matrix.cons_val_zero, Matrix.cons_val_one, M̵a̵t̵r̵i̵x̵.̵h̵e̵a̵d̵_̵c̵o̵n̵s̵,̵ ̵Matrix.cons_val_fin_one, Real.cos_neg]

Note: This linter can be disabled with `set_option linter.unusedSimpArgs false`
warning: vendor/cm24-r2/Cm24/S2/C0Pos.lean:930:58: This simp argument is unused:
  Matrix.head_cons

Hint: Omit it from the simp argument list.
  simp only [Matrix.cons_val_zero, Matrix.cons_val_one, M̵a̵t̵r̵i̵x̵.̵h̵e̵a̵d̵_̵c̵o̵n̵s̵,̵ ̵Matrix.cons_val_fin_one, sq_abs]

Note: This linter can be disabled with `set_option linter.unusedSimpArgs false`
⚠ [8746/10108] Replayed Cm24.S2.Parity
warning: vendor/cm24-r2/Cm24/S2/Parity.lean:16:28: Variable name `hf` is not explicitly referenced.

The binding can be removed (if unused) or named `_` (if used implicitly).

Note: This linter can be disabled with `set_option linter.unusedVariables false`
warning: vendor/cm24-r2/Cm24/S2/Parity.lean:16:48: Variable name `hfc` is not explicitly referenced.

The binding can be removed (if unused) or named `_` (if used implicitly).

Note: This linter can be disabled with `set_option linter.unusedVariables false`
⚠ [8747/10108] Replayed Cm24.S2.Approx
warning: vendor/cm24-r2/Cm24/S2/Approx.lean:48:43: Variable name `hN` is not explicitly referenced.

The binding can be removed (if unused) or named `_` (if used implicitly).

Note: This linter can be disabled with `set_option linter.unusedVariables false`
warning: vendor/cm24-r2/Cm24/S2/Approx.lean:308:83: 'push_cast' tactic does nothing

Note: This linter can be disabled with `set_option linter.unusedTactic false`
warning: vendor/cm24-r2/Cm24/S2/Approx.lean:633:62: Variable name `hN` is not explicitly referenced.

The binding can be removed (if unused) or named `_` (if used implicitly).

Note: This linter can be disabled with `set_option linter.unusedVariables false`
warning: vendor/cm24-r2/Cm24/S2/Approx.lean:633:77: Variable name `hab` is not explicitly referenced.

The binding can be removed (if unused) or named `_` (if used implicitly).

Note: This linter can be disabled with `set_option linter.unusedVariables false`
⚠ [8748/10108] Replayed Cm24.S31.Angle
warning: vendor/cm24-r2/Cm24/S31/Angle.lean:189:66: This simp argument is unused:
  Pi.neg_apply

Hint: Omit it from the simp argument list.
  simp only [Function.comp_apply, Pi.add_apply, Pi.mul_apply,̵ ̵P̵i̵.̵n̵e̵g̵_̵a̵p̵p̵l̵y̵]

Note: This linter can be disabled with `set_option linter.unusedSimpArgs false`
warning: vendor/cm24-r2/Cm24/S31/Angle.lean:529:77: Variable name `hx` is not explicitly referenced.

The binding can be removed (if unused) or named `_` (if used implicitly).

Note: This linter can be disabled with `set_option linter.unusedVariables false`
warning: vendor/cm24-r2/Cm24/S31/Angle.lean:583:5: Variable name `hD` is not explicitly referenced.

The binding can be removed (if unused) or named `_` (if used implicitly).

Note: This linter can be disabled with `set_option linter.unusedVariables false`
warning: vendor/cm24-r2/Cm24/S31/Angle.lean:583:43: Variable name `hD'` is not explicitly referenced.

The binding can be removed (if unused) or named `_` (if used implicitly).

Note: This linter can be disabled with `set_option linter.unusedVariables false`
⚠ [8750/10108] Replayed Cm24.S32a.L310
warning: vendor/cm24-r2/Cm24/S32a/L310.lean:774:5: Variable name `hAm` is not explicitly referenced.

The binding can be removed (if unused) or named `_` (if used implicitly).

Note: This linter can be disabled with `set_option linter.unusedVariables false`
warning: vendor/cm24-r2/Cm24/S32a/L310.lean:1080:55: This simp argument is unused:
  Matrix.transpose_apply

Hint: Omit it from the simp argument list.
  simp only [Matrix.mul_apply, Fin.sum_univ_two,̵ ̵M̵a̵t̵r̵i̵x̵.̵t̵r̵a̵n̵s̵p̵o̵s̵e̵_̵a̵p̵p̵l̵y̵] at e0 ⊢

Note: This linter can be disabled with `set_option linter.unusedSimpArgs false`
warning: vendor/cm24-r2/Cm24/S32a/L310.lean:1087:55: This simp argument is unused:
  Matrix.transpose_apply

Hint: Omit it from the simp argument list.
  simp only [Matrix.mul_apply, Fin.sum_univ_two,̵ ̵M̵a̵t̵r̵i̵x̵.̵t̵r̵a̵n̵s̵p̵o̵s̵e̵_̵a̵p̵p̵l̵y̵] at e1 ⊢

Note: This linter can be disabled with `set_option linter.unusedSimpArgs false`
⚠ [8751/10108] Replayed Cm24.S31.PolyBounds
warning: vendor/cm24-r2/Cm24/S31/PolyBounds.lean:44:94: this tactic is never executed

Note: This linter can be disabled with `set_option linter.unreachableTactic false`
warning: vendor/cm24-r2/Cm24/S31/PolyBounds.lean:44:63: Used `tac1 <;> tac2` where `(tac1; tac2)` would suffice

Note: This linter can be disabled with `set_option linter.unnecessarySeqFocus false`
warning: vendor/cm24-r2/Cm24/S31/PolyBounds.lean:44:94: 'omega' tactic does nothing

Note: This linter can be disabled with `set_option linter.unusedTactic false`
warning: vendor/cm24-r2/Cm24/S31/PolyBounds.lean:147:56: This simp argument is unused:
  smul_eq_mul

Hint: Omit it from the simp argument list.
  simp only [Finset.sum_const, Finset.card_range, s̵m̵u̵l̵_̵e̵q̵_̵m̵u̵l̵,̵ ̵Nat.cast_add, Nat.cast_one]

Note: This linter can be disabled with `set_option linter.unusedSimpArgs false`
warning: vendor/cm24-r2/Cm24/S31/PolyBounds.lean:147:69: This simp argument is unused:
  Nat.cast_add

Hint: Omit it from the simp argument list.
  simp only [Finset.sum_const, Finset.card_range, smul_eq_mul, Nat.cast_a̵d̵d̵,̵ ̵N̵a̵t̵.̵c̵a̵s̵t̵_̵one]

Note: This linter can be disabled with `set_option linter.unusedSimpArgs false`
warning: vendor/cm24-r2/Cm24/S31/PolyBounds.lean:147:83: This simp argument is unused:
  Nat.cast_one

Hint: Omit it from the simp argument list.
  simp only [Finset.sum_const, Finset.card_range, smul_eq_mul, Nat.cast_add,̵ ̵N̵a̵t̵.̵c̵a̵s̵t̵_̵o̵n̵e̵]

Note: This linter can be disabled with `set_option linter.unusedSimpArgs false`
warning: vendor/cm24-r2/Cm24/S31/PolyBounds.lean:149:55: Variable name `hodd` is not explicitly referenced.

The binding can be removed (if unused) or named `_` (if used implicitly).

Note: This linter can be disabled with `set_option linter.unusedVariables false`
warning: vendor/cm24-r2/Cm24/S31/PolyBounds.lean:150:5: Variable name `hCk` is not explicitly referenced.

The binding can be removed (if unused) or named `_` (if used implicitly).

Note: This linter can be disabled with `set_option linter.unusedVariables false`
warning: vendor/cm24-r2/Cm24/S31/PolyBounds.lean:150:74: Variable name `hcont` is not explicitly referenced.

The binding can be removed (if unused) or named `_` (if used implicitly).

Note: This linter can be disabled with `set_option linter.unusedVariables false`
warning: vendor/cm24-r2/Cm24/S31/PolyBounds.lean:152:52: Variable name `hθ` is not explicitly referenced.

The binding can be removed (if unused) or named `_` (if used implicitly).

Note: This linter can be disabled with `set_option linter.unusedVariables false`
warning: vendor/cm24-r2/Cm24/S31/PolyBounds.lean:532:80: this tactic is never executed

Note: This linter can be disabled with `set_option linter.unreachableTactic false`
warning: vendor/cm24-r2/Cm24/S31/PolyBounds.lean:532:80: 'ring' tactic does nothing

Note: This linter can be disabled with `set_option linter.unusedTactic false`
warning: vendor/cm24-r2/Cm24/S31/PolyBounds.lean:827:63: This simp argument is unused:
  Matrix.one_apply

Hint: Omit it from the simp argument list.
  simp [linMap,̵ ̵M̵a̵t̵r̵i̵x̵.̵o̵n̵e̵_̵a̵p̵p̵l̵y̵]

Note: This linter can be disabled with `set_option linter.unusedSimpArgs false`
warning: vendor/cm24-r2/Cm24/S31/PolyBounds.lean:1065:5: Variable name `hΦ` is not explicitly referenced.

The binding can be removed (if unused) or named `_` (if used implicitly).

Note: This linter can be disabled with `set_option linter.unusedVariables false`
warning: vendor/cm24-r2/Cm24/S31/PolyBounds.lean:1185:56: This simp argument is unused:
  smul_eq_mul

Hint: Omit it from the simp argument list.
  simp only [Finset.sum_const, Finset.card_range, s̵m̵u̵l̵_̵e̵q̵_̵m̵u̵l̵,̵ ̵Nat.cast_add, Nat.cast_one]

Note: This linter can be disabled with `set_option linter.unusedSimpArgs false`
warning: vendor/cm24-r2/Cm24/S31/PolyBounds.lean:1185:69: This simp argument is unused:
  Nat.cast_add

Hint: Omit it from the simp argument list.
  simp only [Finset.sum_const, Finset.card_range, smul_eq_mul, Nat.cast_a̵d̵d̵,̵ ̵N̵a̵t̵.̵c̵a̵s̵t̵_̵one]

Note: This linter can be disabled with `set_option linter.unusedSimpArgs false`
warning: vendor/cm24-r2/Cm24/S31/PolyBounds.lean:1185:83: This simp argument is unused:
  Nat.cast_one

Hint: Omit it from the simp argument list.
  simp only [Finset.sum_const, Finset.card_range, smul_eq_mul, Nat.cast_add,̵ ̵N̵a̵t̵.̵c̵a̵s̵t̵_̵o̵n̵e̵]

Note: This linter can be disabled with `set_option linter.unusedSimpArgs false`
⚠ [8754/10108] Replayed Cm24.S32a.Rem9
warning: vendor/cm24-r2/Cm24/S32a/Rem9.lean:900:53: Variable name `hβ` is not explicitly referenced.

The binding can be removed (if unused) or named `_` (if used implicitly).

Note: This linter can be disabled with `set_option linter.unusedVariables false`
⚠ [8755/10108] Replayed Cm24.S32b.LogEst
warning: vendor/cm24-r2/Cm24/S32b/LogEst.lean:140:51: `ContinuousLinearMap.coe_smul'` has been deprecated: Use `FunLike.coe_smul` instead

Note: The updated constant is in a different namespace. Dot notation may need to be changed (e.g., from `x.coe_smul'` to `FunLike.coe_smul x`).
warning: vendor/cm24-r2/Cm24/S32b/LogEst.lean:278:32: `ContinuousLinearMap.zero_apply` has been deprecated: Use `zero_apply` instead

Note: The updated constant is in a different namespace. Dot notation may need to be changed (e.g., from `x.zero_apply` to `zero_apply x`).
warning: vendor/cm24-r2/Cm24/S32b/LogEst.lean:290:17: `ContinuousLinearMap.add_apply` has been deprecated: Use `add_apply` instead

Note: The updated constant is in a different namespace. Dot notation may need to be changed (e.g., from `x.add_apply` to `add_apply x`).
warning: vendor/cm24-r2/Cm24/S32b/LogEst.lean:290:48: `ContinuousLinearMap.smul_apply` has been deprecated: Use `smul_apply` instead

Note: The updated constant is in a different namespace. Dot notation may need to be changed (e.g., from `x.smul_apply` to `smul_apply x`).
warning: vendor/cm24-r2/Cm24/S32b/LogEst.lean:291:8: `ContinuousLinearMap.neg_apply` has been deprecated: Use `neg_apply` instead

Note: The updated constant is in a different namespace. Dot notation may need to be changed (e.g., from `x.neg_apply` to `neg_apply x`).
warning: vendor/cm24-r2/Cm24/S32b/LogEst.lean:301:36: `ContinuousLinearMap.zero_apply` has been deprecated: Use `zero_apply` instead

Note: The updated constant is in a different namespace. Dot notation may need to be changed (e.g., from `x.zero_apply` to `zero_apply x`).
⚠ [8756/10108] Replayed Cm24.S32b.SolOp
warning: vendor/cm24-r2/Cm24/S32b/SolOp.lean:1405:4: This simp argument is unused:
  Matrix.head_cons

Hint: Omit it from the simp argument list.
  simp only [ampRate, ampMain, Gerror, gradErr, ConstructionSetting.gammaRate,
  ̲  ̲ ̲ ̲ConstructionSetting.Gerror, ConstructionSetting.errVec, ConstructionSetting.Sigma,
  ̲  ̲ ̲ ̲Matrix.cons_val_zero, M̵a̵t̵r̵i̵x̵.̵c̵o̵n̵s̵_̵v̵a̵l̵_̵o̵n̵e̵,̵
  ̵ ̵ ̵ ̵ ̵M̵a̵t̵r̵i̵x̵.̵h̵e̵a̵d̵_̵c̵o̵n̵s̵]̵M̲a̲t̲r̲i̲x̲.̲c̲o̲n̲s̲_̲v̲a̲l̲_̲o̲n̲e̲]̲

Note: This linter can be disabled with `set_option linter.unusedSimpArgs false`
warning: vendor/cm24-r2/Cm24/S32b/SolOp.lean:2050:82: This simp argument is unused:
  Matrix.one_apply

Hint: Omit it from the simp argument list.
  simp [Matrix.mul_apply, Fin.sum_univ_two, hW,̵ ̵M̵a̵t̵r̵i̵x̵.̵o̵n̵e̵_̵a̵p̵p̵l̵y̵]

Note: This linter can be disabled with `set_option linter.unusedSimpArgs false`
warning: vendor/cm24-r2/Cm24/S32b/SolOp.lean:2273:28: This simp argument is unused:
  SolOpData.transport

Hint: Omit it from the simp argument list.
  simp only [present, hcoF, S̵o̵l̵O̵p̵D̵a̵t̵a̵.̵t̵r̵a̵n̵s̵p̵o̵r̵t̵,̵ ̵hXf, Pi.mul_apply]

Note: This linter can be disabled with `set_option linter.unusedSimpArgs false`
warning: vendor/cm24-r2/Cm24/S32b/SolOp.lean:2458:17: This simp argument is unused:
  PiLp.toLp_apply

Hint: Omit it from the simp argument list.
  simp only [̵P̵i̵L̵p̵.̵t̵o̵L̵p̵_̵a̵p̵p̵l̵y̵,̵ ̵M̵a̵t̵r̵i̵x̵.̵c̵o̵n̵s̵_̵v̵a̵l̵_̵z̵e̵r̵o̵,̵[̲M̲a̲t̲r̲i̲x̲.̲c̲o̲n̲s̲_̲v̲a̲l̲_̲z̲e̲r̲o̲,̲ Matrix.cons_val_one, Matrix.head_cons, one_pow, mul_one]

Note: This linter can be disabled with `set_option linter.unusedSimpArgs false`
warning: vendor/cm24-r2/Cm24/S32b/SolOp.lean:2458:77: This simp argument is unused:
  Matrix.head_cons

Hint: Omit it from the simp argument list.
  simp only [PiLp.toLp_apply, Matrix.cons_val_zero, Matrix.cons_val_one, M̵a̵t̵r̵i̵x̵.̵h̵e̵a̵d̵_̵c̵o̵n̵s̵,̵one_pow, mul_one]

Note: This linter can be disabled with `set_option linter.unusedSimpArgs false`
warning: vendor/cm24-r2/Cm24/S32b/SolOp.lean:2451:6: 'push_cast' tactic does nothing

Note: This linter can be disabled with `set_option linter.unusedTactic false`
⚠ [8758/10108] Replayed Cm24.S32b.L315_316
warning: vendor/cm24-r2/Cm24/S32b/L315_316.lean:23:28: This simp argument is unused:
  List.count_cons

Hint: Omit it from the simp argument list.
  simp ̵[̵L̵i̵s̵t̵.̵c̵o̵u̵n̵t̵_̵c̵o̵n̵s̵]̵

Note: This linter can be disabled with `set_option linter.unusedSimpArgs false`
⚠ [8759/10108] Replayed Cm24.S32b.R10Size
warning: vendor/cm24-r2/Cm24/S32b/R10Size.lean:305:31: This simp argument is unused:
  Nat.add_sub_cancel_left

Hint: Omit it from the simp argument list.
  simp [SolOpData.coeff,̵ ̵N̵a̵t̵.̵a̵d̵d̵_̵s̵u̵b̵_̵c̵a̵n̵c̵e̵l̵_̵l̵e̵f̵t̵]

Note: This linter can be disabled with `set_option linter.unusedSimpArgs false`
warning: vendor/cm24-r2/Cm24/S32b/R10Size.lean:493:31: This simp argument is unused:
  Nat.add_sub_cancel_left

Hint: Omit it from the simp argument list.
  simp [SolOpData.coeff,̵ ̵N̵a̵t̵.̵a̵d̵d̵_̵s̵u̵b̵_̵c̵a̵n̵c̵e̵l̵_̵l̵e̵f̵t̵]

Note: This linter can be disabled with `set_option linter.unusedSimpArgs false`
⚠ [8760/10108] Replayed Cm24.S32b.L317
warning: vendor/cm24-r2/Cm24/S32b/L317.lean:60:81: This simp argument is unused:
  abs_one

Hint: Omit it from the simp argument list.
  simp only [hb, Real.norm_eq_abs, abs_mul, zero_mul, add_zero, Real.cos_zero, a̵b̵s̵_̵o̵n̵e̵,̵ ̵mul_one]

Note: This linter can be disabled with `set_option linter.unusedSimpArgs false`
warning: vendor/cm24-r2/Cm24/S32b/L317.lean:66:81: This simp argument is unused:
  abs_one

Hint: Omit it from the simp argument list.
  simp only [hb, Real.norm_eq_abs, abs_mul, zero_mul, add_zero, Real.cos_zero, a̵b̵s̵_̵o̵n̵e̵,̵ ̵mul_one]

Note: This linter can be disabled with `set_option linter.unusedSimpArgs false`
warning: vendor/cm24-r2/Cm24/S32b/L317.lean:754:63: Variable name `hℓ` is not explicitly referenced.

The binding can be removed (if unused) or named `_` (if used implicitly).

Note: This linter can be disabled with `set_option linter.unusedVariables false`
warning: vendor/cm24-r2/Cm24/S32b/L317.lean:1120:81: Variable name `hC` is not explicitly referenced.

The binding can be removed (if unused) or named `_` (if used implicitly).

Note: This linter can be disabled with `set_option linter.unusedVariables false`
⚠ [8761/10108] Replayed Cm24.S33.Prelim
warning: vendor/cm24-r2/Cm24/S33/Prelim.lean:283:58: This simp argument is unused:
  smul_eq_mul

Hint: Omit it from the simp argument list.
  simp only [Finset.sum_const, Finset.card_range,̵ ̵s̵m̵u̵l̵_̵e̵q̵_̵m̵u̵l̵]

Note: This linter can be disabled with `set_option linter.unusedSimpArgs false`
⚠ [8763/10108] Replayed Cm24.S4.Contract
warning: vendor/cm24-r2/Cm24/S4/Contract.lean:36:32: Variable name `f` is not explicitly referenced.

The binding can be removed (if unused) or named `_` (if used implicitly).

Note: This linter can be disabled with `set_option linter.unusedVariables false`
⚠ [8764/10108] Replayed BoussinesqBlowup.S4.Objects
warning: BoussinesqBlowup/S4/Objects.lean:101:66: This simp argument is unused:
  NNReal.coe_mk

Hint: Omit it from the simp argument list.
  simp only ̵[̵N̵N̵R̵e̵a̵l̵.̵c̵o̵e̵_̵m̵k̵]̵

Note: This linter can be disabled with `set_option linter.unusedSimpArgs false`
warning: BoussinesqBlowup/S4/Objects.lean:160:66: Variable name `ht` is not explicitly referenced.

The binding can be removed (if unused) or named `_` (if used implicitly).

Note: This linter can be disabled with `set_option linter.unusedVariables false`
⚠ [8765/10108] Replayed BoussinesqBlowup.Kit.SmoothODE
warning: BoussinesqBlowup/Kit/SmoothODE.lean:251:24: `ContinuousLinearMap.add_apply` has been deprecated: Use `add_apply` instead

Note: The updated constant is in a different namespace. Dot notation may need to be changed (e.g., from `x.add_apply` to `add_apply x`).
warning: BoussinesqBlowup/Kit/SmoothODE.lean:510:6: `ContinuousLinearMap.add_apply` has been deprecated: Use `add_apply` instead

Note: The updated constant is in a different namespace. Dot notation may need to be changed (e.g., from `x.add_apply` to `add_apply x`).
⚠ [8766/10108] Replayed BoussinesqBlowup.Kit.ParamConvolution
warning: BoussinesqBlowup/Kit/ParamConvolution.lean:101:25: This simp argument is unused:
  Pi.sub_apply

Hint: Omit it from the simp argument list.
  simp only [smul_sub,̵ ̵P̵i̵.̵s̵u̵b̵_̵a̵p̵p̵l̵y̵]

Note: This linter can be disabled with `set_option linter.unusedSimpArgs false`
⚠ [8767/10108] Replayed BoussinesqBlowup.S4.Recipe
warning: BoussinesqBlowup/S4/Recipe.lean:90:20: Variable name `R` is not explicitly referenced.

The binding can be removed (if unused) or named `_` (if used implicitly).

Note: This linter can be disabled with `set_option linter.unusedVariables false`
warning: BoussinesqBlowup/S4/Recipe.lean:90:42: Variable name `N` is not explicitly referenced.

The binding can be removed (if unused) or named `_` (if used implicitly).

Note: This linter can be disabled with `set_option linter.unusedVariables false`
warning: BoussinesqBlowup/S4/Recipe.lean:107:20: Variable name `R` is not explicitly referenced.

The binding can be removed (if unused) or named `_` (if used implicitly).

Note: This linter can be disabled with `set_option linter.unusedVariables false`
warning: BoussinesqBlowup/S4/Recipe.lean:107:42: Variable name `N` is not explicitly referenced.

The binding can be removed (if unused) or named `_` (if used implicitly).

Note: This linter can be disabled with `set_option linter.unusedVariables false`
warning: BoussinesqBlowup/S4/Recipe.lean:116:20: Variable name `R` is not explicitly referenced.

The binding can be removed (if unused) or named `_` (if used implicitly).

Note: This linter can be disabled with `set_option linter.unusedVariables false`
warning: BoussinesqBlowup/S4/Recipe.lean:116:42: Variable name `N` is not explicitly referenced.

The binding can be removed (if unused) or named `_` (if used implicitly).

Note: This linter can be disabled with `set_option linter.unusedVariables false`
warning: BoussinesqBlowup/S4/Recipe.lean:543:66: `ContinuousLinearMap.add_apply` has been deprecated: Use `add_apply` instead

Note: The updated constant is in a different namespace. Dot notation may need to be changed (e.g., from `x.add_apply` to `add_apply x`).
warning: BoussinesqBlowup/S4/Recipe.lean:544:4: `ContinuousLinearMap.smul_apply` has been deprecated: Use `smul_apply` instead

Note: The updated constant is in a different namespace. Dot notation may need to be changed (e.g., from `x.smul_apply` to `smul_apply x`).
⚠ [8768/10108] Replayed BoussinesqBlowup.S4.Products
warning: BoussinesqBlowup/S4/Products.lean:93:13: Variable name `hl` is not explicitly referenced.

The binding can be removed (if unused) or named `_` (if used implicitly).

Note: This linter can be disabled with `set_option linter.unusedVariables false`
warning: BoussinesqBlowup/S4/Products.lean:181:18: `EuclideanSpace.norm_single` has been deprecated: Use `PiLp.norm_single` instead

Note: The updated constant has a different type:
  ∀ (p : ℝ≥0∞) {ι : Type u_2} (β : ι → Type u_4) [hp : Fact (1 ≤ p)] [inst : Fintype ι]
    [inst_1 : (i : ι) → SeminormedAddCommGroup (β i)] [inst_2 : DecidableEq ι] (i : ι) (b : β i),
    ‖PiLp.single p i b‖ = ‖b‖
instead of
  ∀ {ι : Type u_1} {𝕜 : Type u_3} [inst : RCLike 𝕜] [inst_1 : DecidableEq ι] [inst_2 : Fintype ι] (i : ι) (a : 𝕜),
    ‖EuclideanSpace.single i a‖ = ‖a‖

Note: The updated constant is in a different namespace. Dot notation may need to be changed (e.g., from `x.norm_single` to `PiLp.norm_single x`).
warning: BoussinesqBlowup/S4/Products.lean:230:15: `ContinuousLinearMap.smul_apply` has been deprecated: Use `smul_apply` instead

Note: The updated constant is in a different namespace. Dot notation may need to be changed (e.g., from `x.smul_apply` to `smul_apply x`).
warning: BoussinesqBlowup/S4/Products.lean:237:15: `ContinuousLinearMap.smul_apply` has been deprecated: Use `smul_apply` instead

Note: The updated constant is in a different namespace. Dot notation may need to be changed (e.g., from `x.smul_apply` to `smul_apply x`).
warning: BoussinesqBlowup/S4/Products.lean:237:47: `ContinuousLinearMap.neg_apply` has been deprecated: Use `neg_apply` instead

Note: The updated constant is in a different namespace. Dot notation may need to be changed (e.g., from `x.neg_apply` to `neg_apply x`).
warning: BoussinesqBlowup/S4/Products.lean:237:47: This simp argument is unused:
  ContinuousLinearMap.neg_apply

Hint: Omit it from the simp argument list.
  simp only [ContinuousLinearMap.smul_apply, C̵o̵n̵t̵i̵n̵u̵o̵u̵s̵L̵i̵n̵e̵a̵r̵M̵a̵p̵.̵n̵e̵g̵_̵a̵p̵p̵l̵y̵,̵ ̵smul_eq_mul, neg_smul, neg_mul]

Note: This linter can be disabled with `set_option linter.unusedSimpArgs false`
warning: BoussinesqBlowup/S4/Products.lean:237:91: This simp argument is unused:
  neg_smul

Hint: Omit it from the simp argument list.
  simp only [ContinuousLinearMap.smul_apply, ContinuousLinearMap.neg_apply, smul_eq_mul, neg_s̵mul,̵
  ̵ ̵ ̵ ̵ ̵ ̵ ̵n̵e̵g̵_̵m̵u̵l̵]

Note: This linter can be disabled with `set_option linter.unusedSimpArgs false`
⚠ [8769/10108] Replayed BoussinesqBlowup.S4.Velocity
warning: BoussinesqBlowup/S4/Velocity.lean:48:13: `ContinuousLinearMap.add_apply` has been deprecated: Use `add_apply` instead

Note: The updated constant is in a different namespace. Dot notation may need to be changed (e.g., from `x.add_apply` to `add_apply x`).
warning: BoussinesqBlowup/S4/Velocity.lean:48:44: `ContinuousLinearMap.smul_apply` has been deprecated: Use `smul_apply` instead

Note: The updated constant is in a different namespace. Dot notation may need to be changed (e.g., from `x.smul_apply` to `smul_apply x`).
warning: BoussinesqBlowup/S4/Velocity.lean:50:62: Variable name `i` is not explicitly referenced.

The binding can be removed (if unused) or named `_` (if used implicitly).

Note: This linter can be disabled with `set_option linter.unusedVariables false`
warning: BoussinesqBlowup/S4/Velocity.lean:66:13: `ContinuousLinearMap.smul_apply` has been deprecated: Use `smul_apply` instead

Note: The updated constant is in a different namespace. Dot notation may need to be changed (e.g., from `x.smul_apply` to `smul_apply x`).
warning: BoussinesqBlowup/S4/Velocity.lean:77:13: `ContinuousLinearMap.smul_apply` has been deprecated: Use `smul_apply` instead

Note: The updated constant is in a different namespace. Dot notation may need to be changed (e.g., from `x.smul_apply` to `smul_apply x`).
warning: BoussinesqBlowup/S4/Velocity.lean:546:37: `EuclideanSpace.single_apply` has been deprecated: Use `PiLp.single_apply` instead

Note: The updated constant has a different type:
  ∀ (p : ℝ≥0∞) (𝕜 : Type u_1) {ι : Type u_2} [inst : DecidableEq ι] [inst_1 : Zero 𝕜] (i : ι) (a : 𝕜) (j : ι),
    (PiLp.single p i a).ofLp j = if j = i then a else 0
instead of
  ∀ {ι : Type u_1} {𝕜 : Type u_3} [inst : RCLike 𝕜] [inst_1 : DecidableEq ι] (i : ι) (a : 𝕜) (j : ι),
    (EuclideanSpace.single i a).ofLp j = if j = i then a else 0

Note: The updated constant is in a different namespace. Dot notation may need to be changed (e.g., from `x.single_apply` to `PiLp.single_apply x`).
warning: BoussinesqBlowup/S4/Velocity.lean:546:37: `EuclideanSpace.single_apply` has been deprecated: Use `PiLp.single_apply` instead

Note: The updated constant has a different type:
  ∀ (p : ℝ≥0∞) (𝕜 : Type u_1) {ι : Type u_2} [inst : DecidableEq ι] [inst_1 : Zero 𝕜] (i : ι) (a : 𝕜) (j : ι),
    (PiLp.single p i a).ofLp j = if j = i then a else 0
instead of
  ∀ {ι : Type u_1} {𝕜 : Type u_3} [inst : RCLike 𝕜] [inst_1 : DecidableEq ι] (i : ι) (a : 𝕜) (j : ι),
    (EuclideanSpace.single i a).ofLp j = if j = i then a else 0

Note: The updated constant is in a different namespace. Dot notation may need to be changed (e.g., from `x.single_apply` to `PiLp.single_apply x`).
warning: BoussinesqBlowup/S4/Velocity.lean:546:37: This simp argument is unused:
  EuclideanSpace.single_apply

Hint: Omit it from the simp argument list.
  simp [perpGrad, e,̵ ̵E̵u̵c̵l̵i̵d̵e̵a̵n̵S̵p̵a̵c̵e̵.̵s̵i̵n̵g̵l̵e̵_̵a̵p̵p̵l̵y̵]

Note: This linter can be disabled with `set_option linter.unusedSimpArgs false`
warning: BoussinesqBlowup/S4/Velocity.lean:840:18: `EuclideanSpace.norm_single` has been deprecated: Use `PiLp.norm_single` instead

Note: The updated constant has a different type:
  ∀ (p : ℝ≥0∞) {ι : Type u_2} (β : ι → Type u_4) [hp : Fact (1 ≤ p)] [inst : Fintype ι]
    [inst_1 : (i : ι) → SeminormedAddCommGroup (β i)] [inst_2 : DecidableEq ι] (i : ι) (b : β i),
    ‖PiLp.single p i b‖ = ‖b‖
instead of
  ∀ {ι : Type u_1} {𝕜 : Type u_3} [inst : RCLike 𝕜] [inst_1 : DecidableEq ι] [inst_2 : Fintype ι] (i : ι) (a : 𝕜),
    ‖EuclideanSpace.single i a‖ = ‖a‖

Note: The updated constant is in a different namespace. Dot notation may need to be changed (e.g., from `x.norm_single` to `PiLp.norm_single x`).
warning: BoussinesqBlowup/S4/Velocity.lean:1106:15: `ContinuousLinearMap.smul_apply` has been deprecated: Use `smul_apply` instead

Note: The updated constant is in a different namespace. Dot notation may need to be changed (e.g., from `x.smul_apply` to `smul_apply x`).
warning: BoussinesqBlowup/S4/Velocity.lean:1294:19: `ContinuousLinearMap.smul_apply` has been deprecated: Use `smul_apply` instead

Note: The updated constant is in a different namespace. Dot notation may need to be changed (e.g., from `x.smul_apply` to `smul_apply x`).
warning: BoussinesqBlowup/S4/Velocity.lean:1449:19: `ContinuousLinearMap.smul_apply` has been deprecated: Use `smul_apply` instead

Note: The updated constant is in a different namespace. Dot notation may need to be changed (e.g., from `x.smul_apply` to `smul_apply x`).
warning: BoussinesqBlowup/S4/Velocity.lean:1613:18: `EuclideanSpace.norm_single` has been deprecated: Use `PiLp.norm_single` instead

Note: The updated constant has a different type:
  ∀ (p : ℝ≥0∞) {ι : Type u_2} (β : ι → Type u_4) [hp : Fact (1 ≤ p)] [inst : Fintype ι]
    [inst_1 : (i : ι) → SeminormedAddCommGroup (β i)] [inst_2 : DecidableEq ι] (i : ι) (b : β i),
    ‖PiLp.single p i b‖ = ‖b‖
instead of
  ∀ {ι : Type u_1} {𝕜 : Type u_3} [inst : RCLike 𝕜] [inst_1 : DecidableEq ι] [inst_2 : Fintype ι] (i : ι) (a : 𝕜),
    ‖EuclideanSpace.single i a‖ = ‖a‖

Note: The updated constant is in a different namespace. Dot notation may need to be changed (e.g., from `x.norm_single` to `PiLp.norm_single x`).
warning: BoussinesqBlowup/S4/Velocity.lean:1704:15: `ContinuousLinearMap.smul_apply` has been deprecated: Use `smul_apply` instead

Note: The updated constant is in a different namespace. Dot notation may need to be changed (e.g., from `x.smul_apply` to `smul_apply x`).
warning: BoussinesqBlowup/S4/Velocity.lean:1971:18: `mul_le_mul_left'` has been deprecated: Use `mul_le_mul_right` instead
warning: BoussinesqBlowup/S4/Velocity.lean:2021:13: `ContinuousLinearMap.add_apply` has been deprecated: Use `add_apply` instead

Note: The updated constant is in a different namespace. Dot notation may need to be changed (e.g., from `x.add_apply` to `add_apply x`).
warning: BoussinesqBlowup/S4/Velocity.lean:2021:44: `ContinuousLinearMap.smul_apply` has been deprecated: Use `smul_apply` instead

Note: The updated constant is in a different namespace. Dot notation may need to be changed (e.g., from `x.smul_apply` to `smul_apply x`).
warning: BoussinesqBlowup/S4/Velocity.lean:2036:13: `ContinuousLinearMap.smul_apply` has been deprecated: Use `smul_apply` instead

Note: The updated constant is in a different namespace. Dot notation may need to be changed (e.g., from `x.smul_apply` to `smul_apply x`).
warning: BoussinesqBlowup/S4/Velocity.lean:2042:13: `ContinuousLinearMap.smul_apply` has been deprecated: Use `smul_apply` instead

Note: The updated constant is in a different namespace. Dot notation may need to be changed (e.g., from `x.smul_apply` to `smul_apply x`).
warning: BoussinesqBlowup/S4/Velocity.lean:2074:2: 'push_cast' tactic does nothing

Note: This linter can be disabled with `set_option linter.unusedTactic false`
warning: BoussinesqBlowup/S4/Velocity.lean:2474:16: `EuclideanSpace.norm_single` has been deprecated: Use `PiLp.norm_single` instead

Note: The updated constant has a different type:
  ∀ (p : ℝ≥0∞) {ι : Type u_2} (β : ι → Type u_4) [hp : Fact (1 ≤ p)] [inst : Fintype ι]
    [inst_1 : (i : ι) → SeminormedAddCommGroup (β i)] [inst_2 : DecidableEq ι] (i : ι) (b : β i),
    ‖PiLp.single p i b‖ = ‖b‖
instead of
  ∀ {ι : Type u_1} {𝕜 : Type u_3} [inst : RCLike 𝕜] [inst_1 : DecidableEq ι] [inst_2 : Fintype ι] (i : ι) (a : 𝕜),
    ‖EuclideanSpace.single i a‖ = ‖a‖

Note: The updated constant is in a different namespace. Dot notation may need to be changed (e.g., from `x.norm_single` to `PiLp.norm_single x`).
warning: BoussinesqBlowup/S4/Velocity.lean:2478:5: Variable name `ha` is not explicitly referenced.

The binding can be removed (if unused) or named `_` (if used implicitly).

Note: This linter can be disabled with `set_option linter.unusedVariables false`
warning: BoussinesqBlowup/S4/Velocity.lean:3048:66: Variable name `hPR0` is not explicitly referenced.

The binding can be removed (if unused) or named `_` (if used implicitly).

Note: This linter can be disabled with `set_option linter.unusedVariables false`
warning: BoussinesqBlowup/S4/Velocity.lean:3048:82: Variable name `hP20` is not explicitly referenced.

The binding can be removed (if unused) or named `_` (if used implicitly).

Note: This linter can be disabled with `set_option linter.unusedVariables false`
warning: BoussinesqBlowup/S4/Velocity.lean:3305:15: `ContinuousLinearMap.add_apply` has been deprecated: Use `add_apply` instead

Note: The updated constant is in a different namespace. Dot notation may need to be changed (e.g., from `x.add_apply` to `add_apply x`).
warning: BoussinesqBlowup/S4/Velocity.lean:3305:46: `ContinuousLinearMap.smul_apply` has been deprecated: Use `smul_apply` instead

Note: The updated constant is in a different namespace. Dot notation may need to be changed (e.g., from `x.smul_apply` to `smul_apply x`).
warning: BoussinesqBlowup/S4/Velocity.lean:3309:15: `ContinuousLinearMap.add_apply` has been deprecated: Use `add_apply` instead

Note: The updated constant is in a different namespace. Dot notation may need to be changed (e.g., from `x.add_apply` to `add_apply x`).
warning: BoussinesqBlowup/S4/Velocity.lean:3309:46: `ContinuousLinearMap.smul_apply` has been deprecated: Use `smul_apply` instead

Note: The updated constant is in a different namespace. Dot notation may need to be changed (e.g., from `x.smul_apply` to `smul_apply x`).
warning: BoussinesqBlowup/S4/Velocity.lean:3310:38: `ContinuousLinearMap.neg_apply` has been deprecated: Use `neg_apply` instead

Note: The updated constant is in a different namespace. Dot notation may need to be changed (e.g., from `x.neg_apply` to `neg_apply x`).
warning: BoussinesqBlowup/S4/Velocity.lean:3306:6: This simp argument is unused:
  ContinuousLinearMap.comp_apply

Hint: Omit it from the simp argument list.
  simp only [ContinuousLinearMap.add_apply, ContinuousLinearMap.smul_apply, smul_eq_mul,̵
  ̵ ̵ ̵ ̵ ̵ ̵ ̵C̵o̵n̵t̵i̵n̵u̵o̵u̵s̵L̵i̵n̵e̵a̵r̵M̵a̵p̵.̵c̵o̵m̵p̵_̵a̵p̵p̵l̵y̵]

Note: This linter can be disabled with `set_option linter.unusedSimpArgs false`
warning: BoussinesqBlowup/S4/Velocity.lean:3310:6: This simp argument is unused:
  ContinuousLinearMap.comp_apply

Hint: Omit it from the simp argument list.
  simp only [ContinuousLinearMap.add_apply, ContinuousLinearMap.smul_apply, smul_eq_mul,
        C̵o̵n̵t̵i̵n̵u̵o̵u̵s̵L̵i̵n̵e̵a̵r̵M̵a̵p̵.̵c̵o̵m̵p̵_̵a̵p̵p̵l̵y̵,̵ ̵ContinuousLinearMap.neg_apply]

Note: This linter can be disabled with `set_option linter.unusedSimpArgs false`
warning: BoussinesqBlowup/S4/Velocity.lean:3310:38: This simp argument is unused:
  ContinuousLinearMap.neg_apply

Hint: Omit it from the simp argument list.
  simp only [ContinuousLinearMap.add_apply, ContinuousLinearMap.smul_apply, smul_eq_mul,
        ContinuousLinearMap.comp_apply,̵ ̵C̵o̵n̵t̵i̵n̵u̵o̵u̵s̵L̵i̵n̵e̵a̵r̵M̵a̵p̵.̵n̵e̵g̵_̵a̵p̵p̵l̵y̵]

Note: This linter can be disabled with `set_option linter.unusedSimpArgs false`
warning: BoussinesqBlowup/S4/Velocity.lean:3528:74: Variable name `hRv` is not explicitly referenced.

The binding can be removed (if unused) or named `_` (if used implicitly).

Note: This linter can be disabled with `set_option linter.unusedVariables false`
warning: BoussinesqBlowup/S4/Velocity.lean:3566:29: Variable name `hRv` is not explicitly referenced.

The binding can be removed (if unused) or named `_` (if used implicitly).

Note: This linter can be disabled with `set_option linter.unusedVariables false`
⚠ [8770/10108] Replayed BoussinesqBlowup.S4.Phase
warning: BoussinesqBlowup/S4/Phase.lean:400:45: This simp argument is unused:
  Matrix.one_apply

Hint: Omit it from the simp argument list.
  simp [e,̵ ̵M̵a̵t̵r̵i̵x̵.̵o̵n̵e̵_̵a̵p̵p̵l̵y̵]

Note: This linter can be disabled with `set_option linter.unusedSimpArgs false`
warning: BoussinesqBlowup/S4/Phase.lean:767:51: This simp argument is unused:
  Matrix.one_apply

Hint: Omit it from the simp argument list.
  simp [e,̵ ̵M̵a̵t̵r̵i̵x̵.̵o̵n̵e̵_̵a̵p̵p̵l̵y̵]

Note: This linter can be disabled with `set_option linter.unusedSimpArgs false`
warning: BoussinesqBlowup/S4/Phase.lean:1364:67: This simp argument is unused:
  eq_self_iff_true

Hint: Omit it from the simp argument list.
  simp only [Fintype.sum_prod_type, Fin.sum_univ_two, Fin.isValue, e̵q̵_̵s̵e̵l̵f̵_̵iff̵_true, ̵i̵f̵_̵t̵r̵u̵e̵,̵
      show ((1 : Fin 2) = 0) = False by decide, if_false]

Note: This linter can be disabled with `set_option linter.unusedSimpArgs false`
warning: BoussinesqBlowup/S4/Phase.lean:1437:5: Variable name `hM` is not explicitly referenced.

The binding can be removed (if unused) or named `_` (if used implicitly).

Note: This linter can be disabled with `set_option linter.unusedVariables false`
warning: BoussinesqBlowup/S4/Phase.lean:1747:45: 'push_cast' tactic does nothing

Note: This linter can be disabled with `set_option linter.unusedTactic false`
warning: BoussinesqBlowup/S4/Phase.lean:1832:83: Variable name `hε` is not explicitly referenced.

The binding can be removed (if unused) or named `_` (if used implicitly).

Note: This linter can be disabled with `set_option linter.unusedVariables false`
⚠ [8771/10108] Replayed BoussinesqBlowup.S4.Propagator
warning: BoussinesqBlowup/S4/Propagator.lean:15:35: `EuclideanSpace.single_apply` has been deprecated: Use `PiLp.single_apply` instead

Note: The updated constant has a different type:
  ∀ (p : ℝ≥0∞) (𝕜 : Type u_1) {ι : Type u_2} [inst : DecidableEq ι] [inst_1 : Zero 𝕜] (i : ι) (a : 𝕜) (j : ι),
    (PiLp.single p i a).ofLp j = if j = i then a else 0
instead of
  ∀ {ι : Type u_1} {𝕜 : Type u_3} [inst : RCLike 𝕜] [inst_1 : DecidableEq ι] (i : ι) (a : 𝕜) (j : ι),
    (EuclideanSpace.single i a).ofLp j = if j = i then a else 0

Note: The updated constant is in a different namespace. Dot notation may need to be changed (e.g., from `x.single_apply` to `PiLp.single_apply x`).
warning: BoussinesqBlowup/S4/Propagator.lean:15:35: `EuclideanSpace.single_apply` has been deprecated: Use `PiLp.single_apply` instead

Note: The updated constant has a different type:
  ∀ (p : ℝ≥0∞) (𝕜 : Type u_1) {ι : Type u_2} [inst : DecidableEq ι] [inst_1 : Zero 𝕜] (i : ι) (a : 𝕜) (j : ι),
    (PiLp.single p i a).ofLp j = if j = i then a else 0
instead of
  ∀ {ι : Type u_1} {𝕜 : Type u_3} [inst : RCLike 𝕜] [inst_1 : DecidableEq ι] (i : ι) (a : 𝕜) (j : ι),
    (EuclideanSpace.single i a).ofLp j = if j = i then a else 0

Note: The updated constant is in a different namespace. Dot notation may need to be changed (e.g., from `x.single_apply` to `PiLp.single_apply x`).
warning: BoussinesqBlowup/S4/Propagator.lean:15:35: This simp argument is unused:
  EuclideanSpace.single_apply

Hint: Omit it from the simp argument list.
  simp [ampGen, e,̵ ̵E̵u̵c̵l̵i̵d̵e̵a̵n̵S̵p̵a̵c̵e̵.̵s̵i̵n̵g̵l̵e̵_̵a̵p̵p̵l̵y̵]

Note: This linter can be disabled with `set_option linter.unusedSimpArgs false`
warning: BoussinesqBlowup/S4/Propagator.lean:43:53: `EuclideanSpace.single_apply` has been deprecated: Use `PiLp.single_apply` instead

Note: The updated constant has a different type:
  ∀ (p : ℝ≥0∞) (𝕜 : Type u_1) {ι : Type u_2} [inst : DecidableEq ι] [inst_1 : Zero 𝕜] (i : ι) (a : 𝕜) (j : ι),
    (PiLp.single p i a).ofLp j = if j = i then a else 0
instead of
  ∀ {ι : Type u_1} {𝕜 : Type u_3} [inst : RCLike 𝕜] [inst_1 : DecidableEq ι] (i : ι) (a : 𝕜) (j : ι),
    (EuclideanSpace.single i a).ofLp j = if j = i then a else 0

Note: The updated constant is in a different namespace. Dot notation may need to be changed (e.g., from `x.single_apply` to `PiLp.single_apply x`).
warning: BoussinesqBlowup/S4/Propagator.lean:45:53: `EuclideanSpace.single_apply` has been deprecated: Use `PiLp.single_apply` instead

Note: The updated constant has a different type:
  ∀ (p : ℝ≥0∞) (𝕜 : Type u_1) {ι : Type u_2} [inst : DecidableEq ι] [inst_1 : Zero 𝕜] (i : ι) (a : 𝕜) (j : ι),
    (PiLp.single p i a).ofLp j = if j = i then a else 0
instead of
  ∀ {ι : Type u_1} {𝕜 : Type u_3} [inst : RCLike 𝕜] [inst_1 : DecidableEq ι] (i : ι) (a : 𝕜) (j : ι),
    (EuclideanSpace.single i a).ofLp j = if j = i then a else 0

Note: The updated constant is in a different namespace. Dot notation may need to be changed (e.g., from `x.single_apply` to `PiLp.single_apply x`).
warning: BoussinesqBlowup/S4/Propagator.lean:43:53: This simp argument is unused:
  EuclideanSpace.single_apply

Hint: Omit it from the simp argument list.
  simp [e, E̵u̵c̵l̵i̵d̵e̵a̵n̵S̵p̵a̵c̵e̵.̵s̵i̵n̵g̵l̵e̵_̵a̵p̵p̵l̵y̵,̵ ̵Real.sqrt_sq_eq_abs]

Note: This linter can be disabled with `set_option linter.unusedSimpArgs false`
warning: BoussinesqBlowup/S4/Propagator.lean:45:53: This simp argument is unused:
  EuclideanSpace.single_apply

Hint: Omit it from the simp argument list.
  simp [e, E̵u̵c̵l̵i̵d̵e̵a̵n̵S̵p̵a̵c̵e̵.̵s̵i̵n̵g̵l̵e̵_̵a̵p̵p̵l̵y̵,̵ ̵Real.sqrt_sq_eq_abs]

Note: This linter can be disabled with `set_option linter.unusedSimpArgs false`
warning: BoussinesqBlowup/S4/Propagator.lean:169:10: `ContinuousLinearMap.smul_apply` has been deprecated: Use `smul_apply` instead

Note: The updated constant is in a different namespace. Dot notation may need to be changed (e.g., from `x.smul_apply` to `smul_apply x`).
warning: BoussinesqBlowup/S4/Propagator.lean:178:10: `ContinuousLinearMap.smul_apply` has been deprecated: Use `smul_apply` instead

Note: The updated constant is in a different namespace. Dot notation may need to be changed (e.g., from `x.smul_apply` to `smul_apply x`).
warning: BoussinesqBlowup/S4/Propagator.lean:236:35: `EuclideanSpace.single_apply` has been deprecated: Use `PiLp.single_apply` instead

Note: The updated constant has a different type:
  ∀ (p : ℝ≥0∞) (𝕜 : Type u_1) {ι : Type u_2} [inst : DecidableEq ι] [inst_1 : Zero 𝕜] (i : ι) (a : 𝕜) (j : ι),
    (PiLp.single p i a).ofLp j = if j = i then a else 0
instead of
  ∀ {ι : Type u_1} {𝕜 : Type u_3} [inst : RCLike 𝕜] [inst_1 : DecidableEq ι] (i : ι) (a : 𝕜) (j : ι),
    (EuclideanSpace.single i a).ofLp j = if j = i then a else 0

Note: The updated constant is in a different namespace. Dot notation may need to be changed (e.g., from `x.single_apply` to `PiLp.single_apply x`).
warning: BoussinesqBlowup/S4/Propagator.lean:244:6: `push_neg` has been deprecated. Prefer using `push Not` instead.
If you'd rather continue using `push_neg` in your project, you can implement it as follows:
```
open Lean.Parser.Tactic in
macro "push_neg" cfg:optConfig loc:(location)? : tactic =>
  `(tactic| push $cfg:optConfig Not $[$loc]?)
```
warning: BoussinesqBlowup/S4/Propagator.lean:239:52: This simp argument is unused:
  one_mul

Hint: Omit it from the simp argument list.
  simp only [hG, sub_self, mul_zero, Real.exp_zero, o̵n̵e̵_̵m̵u̵l̵,̵ ̵hns] at h1

Note: This linter can be disabled with `set_option linter.unusedSimpArgs false`
warning: BoussinesqBlowup/S4/Propagator.lean:268:13: `ContinuousLinearMap.add_apply` has been deprecated: Use `add_apply` instead

Note: The updated constant is in a different namespace. Dot notation may need to be changed (e.g., from `x.add_apply` to `add_apply x`).
warning: BoussinesqBlowup/S4/Propagator.lean:268:44: `ContinuousLinearMap.smul_apply` has been deprecated: Use `smul_apply` instead

Note: The updated constant is in a different namespace. Dot notation may need to be changed (e.g., from `x.smul_apply` to `smul_apply x`).
warning: BoussinesqBlowup/S4/Propagator.lean:276:27: `EuclideanSpace.single_apply` has been deprecated: Use `PiLp.single_apply` instead

Note: The updated constant has a different type:
  ∀ (p : ℝ≥0∞) (𝕜 : Type u_1) {ι : Type u_2} [inst : DecidableEq ι] [inst_1 : Zero 𝕜] (i : ι) (a : 𝕜) (j : ι),
    (PiLp.single p i a).ofLp j = if j = i then a else 0
instead of
  ∀ {ι : Type u_1} {𝕜 : Type u_3} [inst : RCLike 𝕜] [inst_1 : DecidableEq ι] (i : ι) (a : 𝕜) (j : ι),
    (EuclideanSpace.single i a).ofLp j = if j = i then a else 0

Note: The updated constant is in a different namespace. Dot notation may need to be changed (e.g., from `x.single_apply` to `PiLp.single_apply x`).
warning: BoussinesqBlowup/S4/Propagator.lean:276:27: `EuclideanSpace.single_apply` has been deprecated: Use `PiLp.single_apply` instead

Note: The updated constant has a different type:
  ∀ (p : ℝ≥0∞) (𝕜 : Type u_1) {ι : Type u_2} [inst : DecidableEq ι] [inst_1 : Zero 𝕜] (i : ι) (a : 𝕜) (j : ι),
    (PiLp.single p i a).ofLp j = if j = i then a else 0
instead of
  ∀ {ι : Type u_1} {𝕜 : Type u_3} [inst : RCLike 𝕜] [inst_1 : DecidableEq ι] (i : ι) (a : 𝕜) (j : ι),
    (EuclideanSpace.single i a).ofLp j = if j = i then a else 0

Note: The updated constant is in a different namespace. Dot notation may need to be changed (e.g., from `x.single_apply` to `PiLp.single_apply x`).
warning: BoussinesqBlowup/S4/Propagator.lean:276:27: This simp argument is unused:
  EuclideanSpace.single_apply

Hint: Omit it from the simp argument list.
  simp [e,̵ ̵E̵u̵c̵l̵i̵d̵e̵a̵n̵S̵p̵a̵c̵e̵.̵s̵i̵n̵g̵l̵e̵_̵a̵p̵p̵l̵y̵]

Note: This linter can be disabled with `set_option linter.unusedSimpArgs false`
warning: BoussinesqBlowup/S4/Propagator.lean:384:6: `ContinuousLinearMap.smul_apply` has been deprecated: Use `smul_apply` instead

Note: The updated constant is in a different namespace. Dot notation may need to be changed (e.g., from `x.smul_apply` to `smul_apply x`).
warning: BoussinesqBlowup/S4/Propagator.lean:528:10: `ContinuousLinearMap.smul_apply` has been deprecated: Use `smul_apply` instead

Note: The updated constant is in a different namespace. Dot notation may need to be changed (e.g., from `x.smul_apply` to `smul_apply x`).
warning: BoussinesqBlowup/S4/Propagator.lean:537:10: `ContinuousLinearMap.smul_apply` has been deprecated: Use `smul_apply` instead

Note: The updated constant is in a different namespace. Dot notation may need to be changed (e.g., from `x.smul_apply` to `smul_apply x`).
warning: BoussinesqBlowup/S4/Propagator.lean:543:17: `EuclideanSpace.single_apply` has been deprecated: Use `PiLp.single_apply` instead

Note: The updated constant has a different type:
  ∀ (p : ℝ≥0∞) (𝕜 : Type u_1) {ι : Type u_2} [inst : DecidableEq ι] [inst_1 : Zero 𝕜] (i : ι) (a : 𝕜) (j : ι),
    (PiLp.single p i a).ofLp j = if j = i then a else 0
instead of
  ∀ {ι : Type u_1} {𝕜 : Type u_3} [inst : RCLike 𝕜] [inst_1 : DecidableEq ι] (i : ι) (a : 𝕜) (j : ι),
    (EuclideanSpace.single i a).ofLp j = if j = i then a else 0

Note: The updated constant is in a different namespace. Dot notation may need to be changed (e.g., from `x.single_apply` to `PiLp.single_apply x`).
warning: BoussinesqBlowup/S4/Propagator.lean:552:24: `ContinuousLinearMap.smul_apply` has been deprecated: Use `smul_apply` instead

Note: The updated constant is in a different namespace. Dot notation may need to be changed (e.g., from `x.smul_apply` to `smul_apply x`).
warning: BoussinesqBlowup/S4/Propagator.lean:555:24: `ContinuousLinearMap.smul_apply` has been deprecated: Use `smul_apply` instead

Note: The updated constant is in a different namespace. Dot notation may need to be changed (e.g., from `x.smul_apply` to `smul_apply x`).
warning: BoussinesqBlowup/S4/Propagator.lean:561:17: `EuclideanSpace.single_apply` has been deprecated: Use `PiLp.single_apply` instead

Note: The updated constant has a different type:
  ∀ (p : ℝ≥0∞) (𝕜 : Type u_1) {ι : Type u_2} [inst : DecidableEq ι] [inst_1 : Zero 𝕜] (i : ι) (a : 𝕜) (j : ι),
    (PiLp.single p i a).ofLp j = if j = i then a else 0
instead of
  ∀ {ι : Type u_1} {𝕜 : Type u_3} [inst : RCLike 𝕜] [inst_1 : DecidableEq ι] (i : ι) (a : 𝕜) (j : ι),
    (EuclideanSpace.single i a).ofLp j = if j = i then a else 0

Note: The updated constant is in a different namespace. Dot notation may need to be changed (e.g., from `x.single_apply` to `PiLp.single_apply x`).
warning: BoussinesqBlowup/S4/Propagator.lean:563:17: `EuclideanSpace.single_apply` has been deprecated: Use `PiLp.single_apply` instead

Note: The updated constant has a different type:
  ∀ (p : ℝ≥0∞) (𝕜 : Type u_1) {ι : Type u_2} [inst : DecidableEq ι] [inst_1 : Zero 𝕜] (i : ι) (a : 𝕜) (j : ι),
    (PiLp.single p i a).ofLp j = if j = i then a else 0
instead of
  ∀ {ι : Type u_1} {𝕜 : Type u_3} [inst : RCLike 𝕜] [inst_1 : DecidableEq ι] (i : ι) (a : 𝕜) (j : ι),
    (EuclideanSpace.single i a).ofLp j = if j = i then a else 0

Note: The updated constant is in a different namespace. Dot notation may need to be changed (e.g., from `x.single_apply` to `PiLp.single_apply x`).
warning: BoussinesqBlowup/S4/Propagator.lean:543:17: This simp argument is unused:
  EuclideanSpace.single_apply

Hint: Omit it from the simp argument list.
  simp [hZ, e,̵ ̵E̵u̵c̵l̵i̵d̵e̵a̵n̵S̵p̵a̵c̵e̵.̵s̵i̵n̵g̵l̵e̵_̵a̵p̵p̵l̵y̵]

Note: This linter can be disabled with `set_option linter.unusedSimpArgs false`
warning: BoussinesqBlowup/S4/Propagator.lean:561:17: This simp argument is unused:
  EuclideanSpace.single_apply

Hint: Omit it from the simp argument list.
  simp [e, E̵u̵c̵l̵i̵d̵e̵a̵n̵S̵p̵a̵c̵e̵.̵s̵i̵n̵g̵l̵e̵_̵a̵p̵p̵l̵y̵,̵ ̵hc]

Note: This linter can be disabled with `set_option linter.unusedSimpArgs false`
warning: BoussinesqBlowup/S4/Propagator.lean:563:17: This simp argument is unused:
  EuclideanSpace.single_apply

Hint: Omit it from the simp argument list.
  simp [e,̵ ̵E̵u̵c̵l̵i̵d̵e̵a̵n̵S̵p̵a̵c̵e̵.̵s̵i̵n̵g̵l̵e̵_̵a̵p̵p̵l̵y̵]

Note: This linter can be disabled with `set_option linter.unusedSimpArgs false`
warning: BoussinesqBlowup/S4/Propagator.lean:647:50: `EuclideanSpace.single_apply` has been deprecated: Use `PiLp.single_apply` instead

Note: The updated constant has a different type:
  ∀ (p : ℝ≥0∞) (𝕜 : Type u_1) {ι : Type u_2} [inst : DecidableEq ι] [inst_1 : Zero 𝕜] (i : ι) (a : 𝕜) (j : ι),
    (PiLp.single p i a).ofLp j = if j = i then a else 0
instead of
  ∀ {ι : Type u_1} {𝕜 : Type u_3} [inst : RCLike 𝕜] [inst_1 : DecidableEq ι] (i : ι) (a : 𝕜) (j : ι),
    (EuclideanSpace.single i a).ofLp j = if j = i then a else 0

Note: The updated constant is in a different namespace. Dot notation may need to be changed (e.g., from `x.single_apply` to `PiLp.single_apply x`).
warning: BoussinesqBlowup/S4/Propagator.lean:648:23: `ContinuousLinearMap.smul_apply` has been deprecated: Use `smul_apply` instead

Note: The updated constant is in a different namespace. Dot notation may need to be changed (e.g., from `x.smul_apply` to `smul_apply x`).
warning: BoussinesqBlowup/S4/Propagator.lean:651:19: `EuclideanSpace.single_apply` has been deprecated: Use `PiLp.single_apply` instead

Note: The updated constant has a different type:
  ∀ (p : ℝ≥0∞) (𝕜 : Type u_1) {ι : Type u_2} [inst : DecidableEq ι] [inst_1 : Zero 𝕜] (i : ι) (a : 𝕜) (j : ι),
    (PiLp.single p i a).ofLp j = if j = i then a else 0
instead of
  ∀ {ι : Type u_1} {𝕜 : Type u_3} [inst : RCLike 𝕜] [inst_1 : DecidableEq ι] (i : ι) (a : 𝕜) (j : ι),
    (EuclideanSpace.single i a).ofLp j = if j = i then a else 0

Note: The updated constant is in a different namespace. Dot notation may need to be changed (e.g., from `x.single_apply` to `PiLp.single_apply x`).
warning: BoussinesqBlowup/S4/Propagator.lean:653:19: `EuclideanSpace.single_apply` has been deprecated: Use `PiLp.single_apply` instead

Note: The updated constant has a different type:
  ∀ (p : ℝ≥0∞) (𝕜 : Type u_1) {ι : Type u_2} [inst : DecidableEq ι] [inst_1 : Zero 𝕜] (i : ι) (a : 𝕜) (j : ι),
    (PiLp.single p i a).ofLp j = if j = i then a else 0
instead of
  ∀ {ι : Type u_1} {𝕜 : Type u_3} [inst : RCLike 𝕜] [inst_1 : DecidableEq ι] (i : ι) (a : 𝕜) (j : ι),
    (EuclideanSpace.single i a).ofLp j = if j = i then a else 0

Note: The updated constant is in a different namespace. Dot notation may need to be changed (e.g., from `x.single_apply` to `PiLp.single_apply x`).
warning: BoussinesqBlowup/S4/Propagator.lean:647:50: This simp argument is unused:
  EuclideanSpace.single_apply

Hint: Omit it from the simp argument list.
  simp [hΨ, e,̵ ̵E̵u̵c̵l̵i̵d̵e̵a̵n̵S̵p̵a̵c̵e̵.̵s̵i̵n̵g̵l̵e̵_̵a̵p̵p̵l̵y̵]

Note: This linter can be disabled with `set_option linter.unusedSimpArgs false`
warning: BoussinesqBlowup/S4/Propagator.lean:651:19: This simp argument is unused:
  EuclideanSpace.single_apply

Hint: Omit it from the simp argument list.
  simp [e,̵ ̵E̵u̵c̵l̵i̵d̵e̵a̵n̵S̵p̵a̵c̵e̵.̵s̵i̵n̵g̵l̵e̵_̵a̵p̵p̵l̵y̵]

Note: This linter can be disabled with `set_option linter.unusedSimpArgs false`
warning: BoussinesqBlowup/S4/Propagator.lean:653:19: This simp argument is unused:
  EuclideanSpace.single_apply

Hint: Omit it from the simp argument list.
  simp [e,̵ ̵E̵u̵c̵l̵i̵d̵e̵a̵n̵S̵p̵a̵c̵e̵.̵s̵i̵n̵g̵l̵e̵_̵a̵p̵p̵l̵y̵]

Note: This linter can be disabled with `set_option linter.unusedSimpArgs false`
warning: BoussinesqBlowup/S4/Propagator.lean:724:36: Variable name `hsel` is not explicitly referenced.

The binding can be removed (if unused) or named `_` (if used implicitly).

Note: This linter can be disabled with `set_option linter.unusedVariables false`
warning: BoussinesqBlowup/S4/Propagator.lean:932:19: `push_neg` has been deprecated. Prefer using `push Not` instead.
If you'd rather continue using `push_neg` in your project, you can implement it as follows:
```
open Lean.Parser.Tactic in
macro "push_neg" cfg:optConfig loc:(location)? : tactic =>
  `(tactic| push $cfg:optConfig Not $[$loc]?)
```
warning: BoussinesqBlowup/S4/Propagator.lean:940:8: `push_neg` has been deprecated. Prefer using `push Not` instead.
If you'd rather continue using `push_neg` in your project, you can implement it as follows:
```
open Lean.Parser.Tactic in
macro "push_neg" cfg:optConfig loc:(location)? : tactic =>
  `(tactic| push $cfg:optConfig Not $[$loc]?)
```
warning: BoussinesqBlowup/S4/Propagator.lean:959:19: `push_neg` has been deprecated. Prefer using `push Not` instead.
If you'd rather continue using `push_neg` in your project, you can implement it as follows:
```
open Lean.Parser.Tactic in
macro "push_neg" cfg:optConfig loc:(location)? : tactic =>
  `(tactic| push $cfg:optConfig Not $[$loc]?)
```
warning: BoussinesqBlowup/S4/Propagator.lean:967:8: `push_neg` has been deprecated. Prefer using `push Not` instead.
If you'd rather continue using `push_neg` in your project, you can implement it as follows:
```
open Lean.Parser.Tactic in
macro "push_neg" cfg:optConfig loc:(location)? : tactic =>
  `(tactic| push $cfg:optConfig Not $[$loc]?)
```
warning: BoussinesqBlowup/S4/Propagator.lean:984:19: `push_neg` has been deprecated. Prefer using `push Not` instead.
If you'd rather continue using `push_neg` in your project, you can implement it as follows:
```
open Lean.Parser.Tactic in
macro "push_neg" cfg:optConfig loc:(location)? : tactic =>
  `(tactic| push $cfg:optConfig Not $[$loc]?)
```
warning: BoussinesqBlowup/S4/Propagator.lean:977:69: Variable name `hst` is not explicitly referenced.

The binding can be removed (if unused) or named `_` (if used implicitly).

Note: This linter can be disabled with `set_option linter.unusedVariables false`
warning: BoussinesqBlowup/S4/Propagator.lean:1040:6: `push_neg` has been deprecated. Prefer using `push Not` instead.
If you'd rather continue using `push_neg` in your project, you can implement it as follows:
```
open Lean.Parser.Tactic in
macro "push_neg" cfg:optConfig loc:(location)? : tactic =>
  `(tactic| push $cfg:optConfig Not $[$loc]?)
```
⚠ [8772/10108] Replayed BoussinesqBlowup.S4.Amplitude
warning: BoussinesqBlowup/S4/Amplitude.lean:730:15: This simp argument is unused:
  hf_def

Hint: Omit it from the simp argument list.
  simp only ̵[̵h̵f̵_̵d̵e̵f̵]̵

Note: This linter can be disabled with `set_option linter.unusedSimpArgs false`
warning: BoussinesqBlowup/S4/Amplitude.lean:768:15: This simp argument is unused:
  hf_def

Hint: Omit it from the simp argument list.
  simp only ̵[̵h̵f̵_̵d̵e̵f̵]̵

Note: This linter can be disabled with `set_option linter.unusedSimpArgs false`
⚠ [8773/10108] Replayed Cm24.S32b.L318
warning: vendor/cm24-r2/Cm24/S32b/L318.lean:29:22: `ContinuousLinearMap.smul_apply` has been deprecated: Use `smul_apply` instead

Note: The updated constant is in a different namespace. Dot notation may need to be changed (e.g., from `x.smul_apply` to `smul_apply x`).
warning: vendor/cm24-r2/Cm24/S32b/L318.lean:30:29: `ContinuousLinearMap.smul_apply` has been deprecated: Use `smul_apply` instead

Note: The updated constant is in a different namespace. Dot notation may need to be changed (e.g., from `x.smul_apply` to `smul_apply x`).
warning: vendor/cm24-r2/Cm24/S32b/L318.lean:82:10: `mul_le_mul_left'` has been deprecated: Use `mul_le_mul_right` instead
warning: vendor/cm24-r2/Cm24/S32b/L318.lean:218:29: This simp argument is unused:
  hsα

Hint: Omit it from the simp argument list.
  simp only [hh, hs̵α̵,̵ ̵h̵cα]

Note: This linter can be disabled with `set_option linter.unusedSimpArgs false`
warning: vendor/cm24-r2/Cm24/S32b/L318.lean:218:34: This simp argument is unused:
  hcα

Hint: Omit it from the simp argument list.
  simp only [hh, hsα,̵ ̵h̵c̵α̵]

Note: This linter can be disabled with `set_option linter.unusedSimpArgs false`
warning: vendor/cm24-r2/Cm24/S32b/L318.lean:1569:41: Variable name `hR` is not explicitly referenced.

The binding can be removed (if unused) or named `_` (if used implicitly).

Note: This linter can be disabled with `set_option linter.unusedVariables false`
warning: vendor/cm24-r2/Cm24/S32b/L318.lean:1635:17: This simp argument is unused:
  if_pos (rfl : (0 : Fin 2) = 0)

Hint: Omit it from the simp argument list.
  simp only [i̵f̵_̵p̵o̵s̵ ̵(̵r̵f̵l̵ ̵:̵ ̵(̵0̵ ̵:̵ ̵F̵i̵n̵ ̵2̵)̵ ̵=̵ ̵0̵)̵,̵ ̵hχ1, hχ2, hσ]

Note: This linter can be disabled with `set_option linter.unusedSimpArgs false`
warning: vendor/cm24-r2/Cm24/S32b/L318.lean:1703:10: `mul_le_mul_left'` has been deprecated: Use `mul_le_mul_right` instead
warning: vendor/cm24-r2/Cm24/S32b/L318.lean:1761:4: `push_neg` has been deprecated. Prefer using `push Not` instead.
If you'd rather continue using `push_neg` in your project, you can implement it as follows:
```
open Lean.Parser.Tactic in
macro "push_neg" cfg:optConfig loc:(location)? : tactic =>
  `(tactic| push $cfg:optConfig Not $[$loc]?)
```
warning: vendor/cm24-r2/Cm24/S32b/L318.lean:1802:65: This simp argument is unused:
  if_pos (rfl : (0 : Fin 2) = 0)

Hint: Omit it from the simp argument list.
  simp only [hu, hv, Pres.uk, Pres.pderiv, Fin.sum_univ_two, ̵i̵f̵_̵p̵o̵s̵ ̵(̵r̵f̵l̵ ̵:̵ ̵(̵0̵ ̵:̵ ̵F̵i̵n̵ ̵2̵)̵ ̵=̵ ̵0̵)̵,̵
          if_neg (show ¬((1 : Fin 2) = 0) by decide)]

Note: This linter can be disabled with `set_option linter.unusedSimpArgs false`
warning: vendor/cm24-r2/Cm24/S32b/L318.lean:1816:8: This simp argument is unused:
  if_neg (show ¬((1 : Fin 2) = 0) by decide)

Hint: Omit it from the simp argument list.
  simp only [hu, hv, Pres.uk, Pres.pderiv, Fin.sum_univ_two, if_pos (rfl : (0 : Fin 2) = 0),̵
  ̵ ̵ ̵ ̵ ̵ ̵ ̵ ̵ ̵i̵f̵_̵n̵e̵g̵ ̵(̵s̵h̵o̵w̵ ̵¬̵(̵(̵1̵ ̵:̵ ̵F̵i̵n̵ ̵2̵)̵ ̵=̵ ̵0̵)̵ ̵b̵y̵ ̵d̵e̵c̵i̵d̵e̵)̵]

Note: This linter can be disabled with `set_option linter.unusedSimpArgs false`
⚠ [8774/10108] Replayed Cm24.S32b.Schauder
warning: vendor/cm24-r2/Cm24/S32b/Schauder.lean:390:20: This simp argument is unused:
  List.count_cons

Hint: Omit it from the simp argument list.
  simp [List.count_c̵o̵n̵s̵,̵ ̵L̵i̵s̵t̵.̵c̵o̵u̵n̵t̵_̵append, List.count_replicate]

Note: This linter can be disabled with `set_option linter.unusedSimpArgs false`
⚠ [8775/10108] Replayed Cm24.S4.KernelBounds
warning: vendor/cm24-r2/Cm24/S4/KernelBounds.lean:461:65: Variable name `hr` is not explicitly referenced.

The binding can be removed (if unused) or named `_` (if used implicitly).

Note: This linter can be disabled with `set_option linter.unusedVariables false`
warning: vendor/cm24-r2/Cm24/S4/KernelBounds.lean:512:46: this tactic is never executed

Note: This linter can be disabled with `set_option linter.unreachableTactic false`
warning: vendor/cm24-r2/Cm24/S4/KernelBounds.lean:512:57: this tactic is never executed

Note: This linter can be disabled with `set_option linter.unreachableTactic false`
warning: vendor/cm24-r2/Cm24/S4/KernelBounds.lean:512:46: 'exact h0' tactic does nothing

Note: This linter can be disabled with `set_option linter.unusedTactic false`
warning: vendor/cm24-r2/Cm24/S4/KernelBounds.lean:512:57: 'exact h1' tactic does nothing

Note: This linter can be disabled with `set_option linter.unusedTactic false`
warning: vendor/cm24-r2/Cm24/S4/KernelBounds.lean:723:17: `ContinuousLinearMap.sub_apply` has been deprecated: Use `sub_apply` instead

Note: The updated constant is in a different namespace. Dot notation may need to be changed (e.g., from `x.sub_apply` to `sub_apply x`).
warning: vendor/cm24-r2/Cm24/S4/KernelBounds.lean:727:12: `ContinuousLinearMap.sub_apply` has been deprecated: Use `sub_apply` instead

Note: The updated constant is in a different namespace. Dot notation may need to be changed (e.g., from `x.sub_apply` to `sub_apply x`).
⚠ [8776/10108] Replayed Cm24.S33.L320
warning: vendor/cm24-r2/Cm24/S33/L320.lean:380:76: `ContinuousLinearMap.coe_smul'` has been deprecated: Use `FunLike.coe_smul` instead

Note: The updated constant is in a different namespace. Dot notation may need to be changed (e.g., from `x.coe_smul'` to `FunLike.coe_smul x`).
warning: vendor/cm24-r2/Cm24/S33/L320.lean:994:31: This simp argument is unused:
  Finset.sum_range_succ

Hint: Omit it from the simp argument list.
  simp [Pres.real, seedPres, F̵i̵n̵s̵e̵t̵.̵s̵u̵m̵_̵r̵a̵n̵g̵e̵_̵s̵u̵c̵c̵,̵ ̵Fin.sum_univ_two, present, SolOpData.solOp, seedBand, g11, slotPhase]

Note: This linter can be disabled with `set_option linter.unusedSimpArgs false`
warning: vendor/cm24-r2/Cm24/S33/L320.lean:1096:56: This simp argument is unused:
  hPL

Hint: Omit it from the simp argument list.
  simp [Def319.E, SolOpData.tailE, hR1, hP, seedPres, h̵P̵L̵,̵ ̵g11]

Note: This linter can be disabled with `set_option linter.unusedSimpArgs false`
warning: vendor/cm24-r2/Cm24/S33/L320.lean:1583:22: this tactic is never executed

Note: This linter can be disabled with `set_option linter.unreachableTactic false`
warning: vendor/cm24-r2/Cm24/S33/L320.lean:1583:22: '(congr 1; ext i; fin_cases i <;> simp)' tactic does nothing

Note: This linter can be disabled with `set_option linter.unusedTactic false`
warning: vendor/cm24-r2/Cm24/S33/L320.lean:2603:10: `continuousOn_finset_sum` has been deprecated: Use `continuousOn_finsetSum` instead
warning: vendor/cm24-r2/Cm24/S33/L320.lean:2632:49: Variable name `q` is not explicitly referenced.

The binding can be removed (if unused) or named `_` (if used implicitly).

Note: This linter can be disabled with `set_option linter.unusedVariables false`
warning: vendor/cm24-r2/Cm24/S33/L320.lean:2633:10: Variable name `q` is not explicitly referenced.

The binding can be removed (if unused) or named `_` (if used implicitly).

Note: This linter can be disabled with `set_option linter.unusedVariables false`
info: vendor/cm24-r2/Cm24/S33/L320.lean:3937:4: Try this:
  [apply] ring_nf
  
  The `ring` tactic failed to close the goal. Use `ring_nf` to obtain a normal form.
    
  Note that `ring` works primarily in *commutative* rings. If you have a noncommutative ring, abelian group or module, consider using `noncomm_ring`, `abel` or `module` instead.
warning: vendor/cm24-r2/Cm24/S33/L320.lean:3994:46: this tactic is never executed

Note: This linter can be disabled with `set_option linter.unreachableTactic false`
warning: vendor/cm24-r2/Cm24/S33/L320.lean:3994:57: this tactic is never executed

Note: This linter can be disabled with `set_option linter.unreachableTactic false`
warning: vendor/cm24-r2/Cm24/S33/L320.lean:3994:46: 'exact h0' tactic does nothing

Note: This linter can be disabled with `set_option linter.unusedTactic false`
warning: vendor/cm24-r2/Cm24/S33/L320.lean:3994:57: 'exact h1' tactic does nothing

Note: This linter can be disabled with `set_option linter.unusedTactic false`
warning: vendor/cm24-r2/Cm24/S33/L320.lean:4013:76: `ContinuousLinearMap.coe_smul'` has been deprecated: Use `FunLike.coe_smul` instead

Note: The updated constant is in a different namespace. Dot notation may need to be changed (e.g., from `x.coe_smul'` to `FunLike.coe_smul x`).
warning: vendor/cm24-r2/Cm24/S33/L320.lean:4710:87: This simp argument is unused:
  Finset.mul_sum

Hint: Omit it from the simp argument list.
  simp only [SolOpData.strat, Fin.isValue, if_true, hb,̵ ̵F̵i̵n̵s̵e̵t̵.̵m̵u̵l̵_̵s̵u̵m̵]

Note: This linter can be disabled with `set_option linter.unusedSimpArgs false`
warning: vendor/cm24-r2/Cm24/S33/L320.lean:4713:79: This simp argument is unused:
  Finset.mul_sum

Hint: Omit it from the simp argument list.
  simp only [SolOpData.strat, hq, if_false, hb,̵ ̵F̵i̵n̵s̵e̵t̵.̵m̵u̵l̵_̵s̵u̵m̵]

Note: This linter can be disabled with `set_option linter.unusedSimpArgs false`
warning: vendor/cm24-r2/Cm24/S33/L320.lean:5582:6: 'push_cast' tactic does nothing

Note: This linter can be disabled with `set_option linter.unusedTactic false`
warning: vendor/cm24-r2/Cm24/S33/L320.lean:5879:8: `push_neg` has been deprecated. Prefer using `push Not` instead.
If you'd rather continue using `push_neg` in your project, you can implement it as follows:
```
open Lean.Parser.Tactic in
macro "push_neg" cfg:optConfig loc:(location)? : tactic =>
  `(tactic| push $cfg:optConfig Not $[$loc]?)
```
warning: vendor/cm24-r2/Cm24/S33/L320.lean:6280:8: `mul_le_mul_left'` has been deprecated: Use `mul_le_mul_right` instead
warning: vendor/cm24-r2/Cm24/S33/L320.lean:6310:12: `mul_le_mul_left'` has been deprecated: Use `mul_le_mul_right` instead
warning: vendor/cm24-r2/Cm24/S33/L320.lean:6739:34: Used `tac1 <;> tac2` where `(tac1; tac2)` would suffice

Note: This linter can be disabled with `set_option linter.unnecessarySeqFocus false`
⚠ [8777/10108] Replayed BoussinesqBlowup.S4.Iteration
warning: BoussinesqBlowup/S4/Iteration.lean:333:66: This simp argument is unused:
  Fin.val_zero

Hint: Omit it from the simp argument list.
  simp only [Cm24.Pres.mul, Fin.zero_eta, Fin.isValue, if_true, F̵i̵n̵.̵v̵a̵l̵_̵z̵e̵r̵o̵,̵ ̵pow_zero, mul_one]

Note: This linter can be disabled with `set_option linter.unusedSimpArgs false`
warning: BoussinesqBlowup/S4/Iteration.lean:340:78: This simp argument is unused:
  Fin.val_one

Hint: Omit it from the simp argument list.
  simp only [Cm24.Pres.mul, Fin.mk_one, Fin.isValue, one_ne_zero, if_false, F̵i̵n̵.̵v̵a̵l̵_̵o̵n̵e̵,̵ ̵pow_one]

Note: This linter can be disabled with `set_option linter.unusedSimpArgs false`
warning: BoussinesqBlowup/S4/Iteration.lean:844:28: this tactic is never executed

Note: This linter can be disabled with `set_option linter.unreachableTactic false`
warning: BoussinesqBlowup/S4/Iteration.lean:871:28: this tactic is never executed

Note: This linter can be disabled with `set_option linter.unreachableTactic false`
warning: BoussinesqBlowup/S4/Iteration.lean:844:28: 'ring' tactic does nothing

Note: This linter can be disabled with `set_option linter.unusedTactic false`
warning: BoussinesqBlowup/S4/Iteration.lean:871:28: 'ring' tactic does nothing

Note: This linter can be disabled with `set_option linter.unusedTactic false`
warning: BoussinesqBlowup/S4/Iteration.lean:1356:21: `ContinuousLinearMap.add_apply` has been deprecated: Use `add_apply` instead

Note: The updated constant is in a different namespace. Dot notation may need to be changed (e.g., from `x.add_apply` to `add_apply x`).
warning: BoussinesqBlowup/S4/Iteration.lean:1356:52: `ContinuousLinearMap.smul_apply` has been deprecated: Use `smul_apply` instead

Note: The updated constant is in a different namespace. Dot notation may need to be changed (e.g., from `x.smul_apply` to `smul_apply x`).
warning: BoussinesqBlowup/S4/Iteration.lean:1459:22: this tactic is never executed

Note: This linter can be disabled with `set_option linter.unreachableTactic false`
warning: BoussinesqBlowup/S4/Iteration.lean:1459:22: 'simp' tactic does nothing

Note: This linter can be disabled with `set_option linter.unusedTactic false`
warning: BoussinesqBlowup/S4/Iteration.lean:1559:4: try 'simp' instead of 'simpa'

Note: This linter can be disabled with `set_option linter.unnecessarySimpa false`
warning: BoussinesqBlowup/S4/Iteration.lean:1603:56: This simp argument is unused:
  i2

Hint: Omit it from the simp argument list.
  simp only [Complex.add_re, Complex.add_im, Complex.mul_re, Complex.mul_im, Complex.I_re,
  ̲  ̲ ̲ ̲Complex.I_im, Complex.ofReal_re, Complex.ofReal_im, r1, i1, r2, i̵2̵,̵ ̵Complex.re_ofNat,
  ̲  ̲ ̲ ̲Complex.im_ofNat]

Note: This linter can be disabled with `set_option linter.unusedSimpArgs false`
warning: BoussinesqBlowup/S4/Iteration.lean:1606:52: This simp argument is unused:
  r2

Hint: Omit it from the simp argument list.
  simp only [Complex.add_re, Complex.add_im, Complex.mul_re, Complex.mul_im, Complex.I_re,
  ̲  ̲ ̲ ̲Complex.I_im, Complex.ofReal_re, Complex.ofReal_im, r1, i1, r̵2̵,̵ ̵i2, Complex.re_ofNat,
  ̲  ̲ ̲ ̲Complex.im_ofNat]

Note: This linter can be disabled with `set_option linter.unusedSimpArgs false`
warning: BoussinesqBlowup/S4/Iteration.lean:1703:10: 'beta_reduce' tactic does nothing

Note: This linter can be disabled with `set_option linter.unusedTactic false`
warning: BoussinesqBlowup/S4/Iteration.lean:2298:102: This simp argument is unused:
  h1

Hint: Omit it from the simp argument list.
  simp [pieceFam,
  ̲  ̲ ̲ ̲ ̲ ̲ ̲ ̲ ̲ ̲ ̲ ̲ ̲ ̲h̵1̵,̵ ̵h2, h3]

Note: This linter can be disabled with `set_option linter.unusedSimpArgs false`
warning: BoussinesqBlowup/S4/Iteration.lean:2301:90: This simp argument is unused:
  h1

Hint: Omit it from the simp argument list.
  simp [pieceFam, h1̵,̵ ̵h̵2, h3]

Note: This linter can be disabled with `set_option linter.unusedSimpArgs false`
warning: BoussinesqBlowup/S4/Iteration.lean:2919:10: 'beta_reduce' tactic does nothing

Note: This linter can be disabled with `set_option linter.unusedTactic false`
warning: BoussinesqBlowup/S4/Iteration.lean:3267:102: This simp argument is unused:
  h1

Hint: Omit it from the simp argument list.
  simp [pieceFam,
  ̲  ̲ ̲ ̲ ̲ ̲ ̲ ̲ ̲ ̲ ̲ ̲ ̲ ̲h̵1̵,̵ ̵h2, h3]

Note: This linter can be disabled with `set_option linter.unusedSimpArgs false`
warning: BoussinesqBlowup/S4/Iteration.lean:3270:90: This simp argument is unused:
  h1

Hint: Omit it from the simp argument list.
  simp [pieceFam, h1̵,̵ ̵h̵2, h3]

Note: This linter can be disabled with `set_option linter.unusedSimpArgs false`
warning: BoussinesqBlowup/S4/Iteration.lean:3404:63: This simp argument is unused:
  zero_sub

Hint: Omit it from the simp argument list.
  simp only [psiK, Complex.mul_re, Complex.exp_re, Complex.exp_im, Complex.mul_im, Complex.I_re,
  ̲  ̲ ̲ ̲ ̲ ̲Complex.I_im, Complex.ofReal_re, Complex.ofReal_im, zero_mul, one_mul, z̵e̵r̵o̵_̵s̵u̵b̵,̵ ̵sub_zero, zero_add,
  ̲  ̲ ̲ ̲ ̲ ̲Real.exp_zero, mul_one, neg_zero, add_zero, mul_zero]

Note: This linter can be disabled with `set_option linter.unusedSimpArgs false`
warning: BoussinesqBlowup/S4/Iteration.lean:3404:108: This simp argument is unused:
  mul_one

Hint: Omit it from the simp argument list.
  simp only [psiK, Complex.mul_re, Complex.exp_re, Complex.exp_im, Complex.mul_im, Complex.I_re,
  ̲  ̲ ̲ ̲ ̲ ̲Complex.I_im, Complex.ofReal_re, Complex.ofReal_im, zero_mul, one_mul, zero_sub, sub_zero,
  ̲  ̲ ̲ ̲ ̲ ̲zero_add, Real.exp_zero, m̵u̵l̵_̵o̵n̵e̵,̵neg_zero, add_zero, mul_zero]

Note: This linter can be disabled with `set_option linter.unusedSimpArgs false`
warning: BoussinesqBlowup/S4/Iteration.lean:3405:6: This simp argument is unused:
  neg_zero

Hint: Omit it from the simp argument list.
  simp only [psiK, Complex.mul_re, Complex.exp_re, Complex.exp_im, Complex.mul_im, Complex.I_re,
  ̲  ̲ ̲ ̲ ̲ ̲Complex.I_im, Complex.ofReal_re, Complex.ofReal_im, zero_mul, one_mul, zero_sub, sub_zero,
  ̲  ̲ ̲ ̲ ̲ ̲zero_add, Real.exp_zero, mul_one, n̵e̵g̵_̵z̵e̵r̵o̵,̵ ̵add_zero, mul_zero]

Note: This linter can be disabled with `set_option linter.unusedSimpArgs false`
warning: BoussinesqBlowup/S4/Iteration.lean:3405:16: This simp argument is unused:
  add_zero

Hint: Omit it from the simp argument list.
  simp only [psiK, Complex.mul_re, Complex.exp_re, Complex.exp_im, Complex.mul_im, Complex.I_re,
  ̲  ̲ ̲ ̲ ̲ ̲Complex.I_im, Complex.ofReal_re, Complex.ofReal_im, zero_mul, one_mul, zero_sub, sub_zero,
  ̲  ̲ ̲ ̲ ̲ ̲zero_add, Real.exp_zero, mul_one, neg_zero, a̵d̵d̵_̵z̵e̵r̵o̵,̵ ̵mul_zero]

Note: This linter can be disabled with `set_option linter.unusedSimpArgs false`
warning: BoussinesqBlowup/S4/Iteration.lean:4045:12: 'push_cast' tactic does nothing

Note: This linter can be disabled with `set_option linter.unusedTactic false`
warning: BoussinesqBlowup/S4/Iteration.lean:4110:6: try 'simp' instead of 'simpa'

Note: This linter can be disabled with `set_option linter.unnecessarySimpa false`
warning: BoussinesqBlowup/S4/Iteration.lean:4965:29: This simp argument is unused:
  not_false_eq_true

Hint: Omit it from the simp argument list.
  simp only [if_neg hlL, n̵o̵t̵_̵f̵a̵l̵s̵e̵_̵e̵q̵_̵t̵r̵u̵e̵,̵ ̵add_zero]

Note: This linter can be disabled with `set_option linter.unusedSimpArgs false`
warning: BoussinesqBlowup/S4/Iteration.lean:5216:6: `push_neg` has been deprecated. Prefer using `push Not` instead.
If you'd rather continue using `push_neg` in your project, you can implement it as follows:
```
open Lean.Parser.Tactic in
macro "push_neg" cfg:optConfig loc:(location)? : tactic =>
  `(tactic| push $cfg:optConfig Not $[$loc]?)
```
warning: BoussinesqBlowup/S4/Iteration.lean:5610:50: Variable name `hG` is not explicitly referenced.

The binding can be removed (if unused) or named `_` (if used implicitly).

Note: This linter can be disabled with `set_option linter.unusedVariables false`
warning: BoussinesqBlowup/S4/Iteration.lean:5610:63: Variable name `hlam` is not explicitly referenced.

The binding can be removed (if unused) or named `_` (if used implicitly).

Note: This linter can be disabled with `set_option linter.unusedVariables false`
warning: BoussinesqBlowup/S4/Iteration.lean:6084:47: This simp argument is unused:
  zero_ne_one

Hint: Omit it from the simp argument list.
  simp only [if_true, one_ne_zero, if_false,̵ ̵z̵e̵r̵o̵_̵n̵e̵_̵o̵n̵e̵]

Note: This linter can be disabled with `set_option linter.unusedSimpArgs false`
warning: BoussinesqBlowup/S4/Iteration.lean:6470:78: Variable name `hℓ` is not explicitly referenced.

The binding can be removed (if unused) or named `_` (if used implicitly).

Note: This linter can be disabled with `set_option linter.unusedVariables false`
warning: BoussinesqBlowup/S4/Iteration.lean:7335:6: `push_neg` has been deprecated. Prefer using `push Not` instead.
If you'd rather continue using `push_neg` in your project, you can implement it as follows:
```
open Lean.Parser.Tactic in
macro "push_neg" cfg:optConfig loc:(location)? : tactic =>
  `(tactic| push $cfg:optConfig Not $[$loc]?)
```
warning: BoussinesqBlowup/S4/Iteration.lean:7737:6: `push_neg` has been deprecated. Prefer using `push Not` instead.
If you'd rather continue using `push_neg` in your project, you can implement it as follows:
```
open Lean.Parser.Tactic in
macro "push_neg" cfg:optConfig loc:(location)? : tactic =>
  `(tactic| push $cfg:optConfig Not $[$loc]?)
```
warning: BoussinesqBlowup/S4/Iteration.lean:8014:6: `push_neg` has been deprecated. Prefer using `push Not` instead.
If you'd rather continue using `push_neg` in your project, you can implement it as follows:
```
open Lean.Parser.Tactic in
macro "push_neg" cfg:optConfig loc:(location)? : tactic =>
  `(tactic| push $cfg:optConfig Not $[$loc]?)
```
warning: BoussinesqBlowup/S4/Iteration.lean:8232:36: Variable name `hN2` is not explicitly referenced.

The binding can be removed (if unused) or named `_` (if used implicitly).

Note: This linter can be disabled with `set_option linter.unusedVariables false`
warning: BoussinesqBlowup/S4/Iteration.lean:8266:49: Variable name `C₀` is not explicitly referenced.

The binding can be removed (if unused) or named `_` (if used implicitly).

Note: This linter can be disabled with `set_option linter.unusedVariables false`
warning: BoussinesqBlowup/S4/Iteration.lean:8671:79: This simp argument is unused:
  or_true

Hint: Omit it from the simp argument list.
  simp only [le_max_iff, le_refl, true_or,̵ ̵o̵r̵_̵t̵r̵u̵e̵]

Note: This linter can be disabled with `set_option linter.unusedSimpArgs false`
warning: BoussinesqBlowup/S4/Iteration.lean:8680:70: This simp argument is unused:
  true_or

Hint: Omit it from the simp argument list.
  simp only [le_max_iff, le_refl, t̵r̵u̵e̵_̵o̵r̵,̵ ̵or_true]

Note: This linter can be disabled with `set_option linter.unusedSimpArgs false`
warning: BoussinesqBlowup/S4/Iteration.lean:9059:6: `push_neg` has been deprecated. Prefer using `push Not` instead.
If you'd rather continue using `push_neg` in your project, you can implement it as follows:
```
open Lean.Parser.Tactic in
macro "push_neg" cfg:optConfig loc:(location)? : tactic =>
  `(tactic| push $cfg:optConfig Not $[$loc]?)
```
warning: BoussinesqBlowup/S4/Iteration.lean:9237:20: Variable name `Pr` is not explicitly referenced.

The binding can be removed (if unused) or named `_` (if used implicitly).

Note: This linter can be disabled with `set_option linter.unusedVariables false`
warning: BoussinesqBlowup/S4/Iteration.lean:9382:13: `ContinuousLinearMap.add_apply` has been deprecated: Use `add_apply` instead

Note: The updated constant is in a different namespace. Dot notation may need to be changed (e.g., from `x.add_apply` to `add_apply x`).
warning: BoussinesqBlowup/S4/Iteration.lean:9382:44: `ContinuousLinearMap.sub_apply` has been deprecated: Use `sub_apply` instead

Note: The updated constant is in a different namespace. Dot notation may need to be changed (e.g., from `x.sub_apply` to `sub_apply x`).
warning: BoussinesqBlowup/S4/Iteration.lean:9383:4: `ContinuousLinearMap.coe_smul'` has been deprecated: Use `FunLike.coe_smul` instead

Note: The updated constant is in a different namespace. Dot notation may need to be changed (e.g., from `x.coe_smul'` to `FunLike.coe_smul x`).
warning: BoussinesqBlowup/S4/Iteration.lean:9390:13: `ContinuousLinearMap.coe_smul'` has been deprecated: Use `FunLike.coe_smul` instead

Note: The updated constant is in a different namespace. Dot notation may need to be changed (e.g., from `x.coe_smul'` to `FunLike.coe_smul x`).
warning: BoussinesqBlowup/S4/Iteration.lean:9440:30: This simp argument is unused:
  fderiv_const

Hint: Omit it from the simp argument list.
  simp [uK, perpGrad, hψ, pd,̵ ̵f̵d̵e̵r̵i̵v̵_̵c̵o̵n̵s̵t̵]

Note: This linter can be disabled with `set_option linter.unusedSimpArgs false`
warning: BoussinesqBlowup/S4/Iteration.lean:9455:13: `ContinuousLinearMap.coe_sum'` has been deprecated: Use `FunLike.coe_sum` instead

Note: The updated constant is in a different namespace. Dot notation may need to be changed (e.g., from `x.coe_sum'` to `FunLike.coe_sum x`).
warning: BoussinesqBlowup/S4/Iteration.lean:9522:5: Variable name `hTh` is not explicitly referenced.

The binding can be removed (if unused) or named `_` (if used implicitly).

Note: This linter can be disabled with `set_option linter.unusedVariables false`
warning: BoussinesqBlowup/S4/Iteration.lean:9572:15: This simp argument is unused:
  presGradCoeff

Hint: Omit it from the simp argument list.
  simp only [p̵r̵e̵s̵G̵r̵a̵d̵C̵o̵e̵f̵f̵,̵ ̵Finset.mul_sum, ← Finset.sum_add_distrib]

Note: This linter can be disabled with `set_option linter.unusedSimpArgs false`
warning: BoussinesqBlowup/S4/Iteration.lean:9576:23: This simp argument is unused:
  PiLp.sub_apply

Hint: Omit it from the simp argument list.
  simp only [advect,̵ ̵P̵i̵L̵p̵.̵s̵u̵b̵_̵a̵p̵p̵l̵y̵]

Note: This linter can be disabled with `set_option linter.unusedSimpArgs false`
warning: BoussinesqBlowup/S4/Iteration.lean:9766:23: This simp argument is unused:
  PiLp.sub_apply

Hint: Omit it from the simp argument list.
  simp only [advect,̵ ̵P̵i̵L̵p̵.̵s̵u̵b̵_̵a̵p̵p̵l̵y̵]

Note: This linter can be disabled with `set_option linter.unusedSimpArgs false`
warning: BoussinesqBlowup/S4/Iteration.lean:9844:38: This simp argument is unused:
  fderiv_const

Hint: Omit it from the simp argument list.
  simp [biotSavart, hN, perpGrad, pd,̵ ̵f̵d̵e̵r̵i̵v̵_̵c̵o̵n̵s̵t̵]

Note: This linter can be disabled with `set_option linter.unusedSimpArgs false`
warning: BoussinesqBlowup/S4/Iteration.lean:10134:13: `ContinuousLinearMap.add_apply` has been deprecated: Use `add_apply` instead

Note: The updated constant is in a different namespace. Dot notation may need to be changed (e.g., from `x.add_apply` to `add_apply x`).
⚠ [8778/10108] Replayed BoussinesqBlowup.S4.Force
warning: BoussinesqBlowup/S4/Force.lean:769:10: `mul_le_mul_left'` has been deprecated: Use `mul_le_mul_right` instead
warning: BoussinesqBlowup/S4/Force.lean:787:10: `mul_le_mul_right'` has been deprecated: Use `mul_le_mul_left` instead
warning: BoussinesqBlowup/S4/Force.lean:787:29: `mul_le_mul_left'` has been deprecated: Use `mul_le_mul_right` instead
warning: BoussinesqBlowup/S4/Force.lean:856:27: This simp argument is unused:
  EuclideanSpace.norm_eq

Hint: Omit it from the simp argument list.
  simp [e, E̵u̵c̵l̵i̵d̵e̵a̵n̵S̵p̵a̵c̵e̵.̵n̵o̵r̵m̵_̵e̵q̵,̵ ̵Fin.sum_univ_two]

Note: This linter can be disabled with `set_option linter.unusedSimpArgs false`
warning: BoussinesqBlowup/S4/Force.lean:856:51: This simp argument is unused:
  Fin.sum_univ_two

Hint: Omit it from the simp argument list.
  simp [e, EuclideanSpace.norm_eq,̵ ̵F̵i̵n̵.̵s̵u̵m̵_̵u̵n̵i̵v̵_̵t̵w̵o̵]

Note: This linter can be disabled with `set_option linter.unusedSimpArgs false`
warning: BoussinesqBlowup/S4/Force.lean:1211:22: Variable name `he3` is not explicitly referenced.

The binding can be removed (if unused) or named `_` (if used implicitly).

Note: This linter can be disabled with `set_option linter.unusedVariables false`
warning: BoussinesqBlowup/S4/Force.lean:1394:15: `ContinuousLinearMap.smul_apply` has been deprecated: Use `smul_apply` instead

Note: The updated constant is in a different namespace. Dot notation may need to be changed (e.g., from `x.smul_apply` to `smul_apply x`).
warning: BoussinesqBlowup/S4/Force.lean:1397:15: `ContinuousLinearMap.smul_apply` has been deprecated: Use `smul_apply` instead

Note: The updated constant is in a different namespace. Dot notation may need to be changed (e.g., from `x.smul_apply` to `smul_apply x`).
warning: BoussinesqBlowup/S4/Force.lean:1339:5: Variable name `hburn` is not explicitly referenced.

The binding can be removed (if unused) or named `_` (if used implicitly).

Note: This linter can be disabled with `set_option linter.unusedVariables false`
warning: BoussinesqBlowup/S4/Force.lean:1645:78: Variable name `hℓ` is not explicitly referenced.

The binding can be removed (if unused) or named `_` (if used implicitly).

Note: This linter can be disabled with `set_option linter.unusedVariables false`
warning: BoussinesqBlowup/S4/Force.lean:2172:18: Variable name `hG` is not explicitly referenced.

The binding can be removed (if unused) or named `_` (if used implicitly).

Note: This linter can be disabled with `set_option linter.unusedVariables false`
warning: BoussinesqBlowup/S4/Force.lean:3389:5: Variable name `hν0` is not explicitly referenced.

The binding can be removed (if unused) or named `_` (if used implicitly).

Note: This linter can be disabled with `set_option linter.unusedVariables false`
warning: BoussinesqBlowup/S4/Force.lean:3469:70: Variable name `hρ0` is not explicitly referenced.

The binding can be removed (if unused) or named `_` (if used implicitly).

Note: This linter can be disabled with `set_option linter.unusedVariables false`
warning: BoussinesqBlowup/S4/Force.lean:4221:5: Variable name `hρ0` is not explicitly referenced.

The binding can be removed (if unused) or named `_` (if used implicitly).

Note: This linter can be disabled with `set_option linter.unusedVariables false`
warning: BoussinesqBlowup/S4/Force.lean:4466:70: Variable name `hℓ` is not explicitly referenced.

The binding can be removed (if unused) or named `_` (if used implicitly).

Note: This linter can be disabled with `set_option linter.unusedVariables false`
warning: BoussinesqBlowup/S4/Force.lean:5013:70: Variable name `hℓ` is not explicitly referenced.

The binding can be removed (if unused) or named `_` (if used implicitly).

Note: This linter can be disabled with `set_option linter.unusedVariables false`
⚠ [8780/10108] Replayed BoussinesqBlowup.S4.Stage
warning: BoussinesqBlowup/S4/Stage.lean:100:13: `EuclideanSpace.single_apply` has been deprecated: Use `PiLp.single_apply` instead

Note: The updated constant has a different type:
  ∀ (p : ℝ≥0∞) (𝕜 : Type u_1) {ι : Type u_2} [inst : DecidableEq ι] [inst_1 : Zero 𝕜] (i : ι) (a : 𝕜) (j : ι),
    (PiLp.single p i a).ofLp j = if j = i then a else 0
instead of
  ∀ {ι : Type u_1} {𝕜 : Type u_3} [inst : RCLike 𝕜] [inst_1 : DecidableEq ι] (i : ι) (a : 𝕜) (j : ι),
    (EuclideanSpace.single i a).ofLp j = if j = i then a else 0

Note: The updated constant is in a different namespace. Dot notation may need to be changed (e.g., from `x.single_apply` to `PiLp.single_apply x`).
warning: BoussinesqBlowup/S4/Stage.lean:100:13: This simp argument is unused:
  EuclideanSpace.single_apply

Hint: Omit it from the simp argument list.
  simp [e, E̵u̵c̵l̵i̵d̵e̵a̵n̵S̵p̵a̵c̵e̵.̵s̵i̵n̵g̵l̵e̵_̵a̵p̵p̵l̵y̵,̵ ̵Real.norm_eq_abs, sq_abs]

Note: This linter can be disabled with `set_option linter.unusedSimpArgs false`
warning: BoussinesqBlowup/S4/Stage.lean:223:15: `ContinuousLinearMap.add_apply` has been deprecated: Use `add_apply` instead

Note: The updated constant is in a different namespace. Dot notation may need to be changed (e.g., from `x.add_apply` to `add_apply x`).
warning: BoussinesqBlowup/S4/Stage.lean:223:46: `ContinuousLinearMap.smul_apply` has been deprecated: Use `smul_apply` instead

Note: The updated constant is in a different namespace. Dot notation may need to be changed (e.g., from `x.smul_apply` to `smul_apply x`).
warning: BoussinesqBlowup/S4/Stage.lean:226:15: `ContinuousLinearMap.add_apply` has been deprecated: Use `add_apply` instead

Note: The updated constant is in a different namespace. Dot notation may need to be changed (e.g., from `x.add_apply` to `add_apply x`).
warning: BoussinesqBlowup/S4/Stage.lean:226:46: `ContinuousLinearMap.smul_apply` has been deprecated: Use `smul_apply` instead

Note: The updated constant is in a different namespace. Dot notation may need to be changed (e.g., from `x.smul_apply` to `smul_apply x`).
warning: BoussinesqBlowup/S4/Stage.lean:226:78: `ContinuousLinearMap.neg_apply` has been deprecated: Use `neg_apply` instead

Note: The updated constant is in a different namespace. Dot notation may need to be changed (e.g., from `x.neg_apply` to `neg_apply x`).
warning: BoussinesqBlowup/S4/Stage.lean:968:15: `ContinuousLinearMap.coe_smul'` has been deprecated: Use `FunLike.coe_smul` instead

Note: The updated constant is in a different namespace. Dot notation may need to be changed (e.g., from `x.coe_smul'` to `FunLike.coe_smul x`).
warning: BoussinesqBlowup/S4/Stage.lean:3091:8: `MeasureTheory.integral_finset_sum` has been deprecated: Use `MeasureTheory.integral_finsetSum` instead
warning: BoussinesqBlowup/S4/Stage.lean:3093:10: `MeasureTheory.integral_finset_sum` has been deprecated: Use `MeasureTheory.integral_finsetSum` instead
warning: BoussinesqBlowup/S4/Stage.lean:3095:14: `MeasureTheory.integral_finset_sum` has been deprecated: Use `MeasureTheory.integral_finsetSum` instead
warning: BoussinesqBlowup/S4/Stage.lean:3096:14: `MeasureTheory.integrable_finset_sum` has been deprecated: Use `MeasureTheory.integrable_finsetSum` instead
warning: BoussinesqBlowup/S4/Stage.lean:3097:12: `MeasureTheory.integrable_finset_sum` has been deprecated: Use `MeasureTheory.integrable_finsetSum` instead
warning: BoussinesqBlowup/S4/Stage.lean:3097:47: `MeasureTheory.integrable_finset_sum` has been deprecated: Use `MeasureTheory.integrable_finsetSum` instead
warning: BoussinesqBlowup/S4/Stage.lean:3104:13: `ContinuousLinearMap.add_apply` has been deprecated: Use `add_apply` instead

Note: The updated constant is in a different namespace. Dot notation may need to be changed (e.g., from `x.add_apply` to `add_apply x`).
warning: BoussinesqBlowup/S4/Stage.lean:3251:59: Variable name `hg` is not explicitly referenced.

The binding can be removed (if unused) or named `_` (if used implicitly).

Note: This linter can be disabled with `set_option linter.unusedVariables false`
warning: BoussinesqBlowup/S4/Stage.lean:3251:81: Variable name `hc` is not explicitly referenced.

The binding can be removed (if unused) or named `_` (if used implicitly).

Note: This linter can be disabled with `set_option linter.unusedVariables false`
warning: BoussinesqBlowup/S4/Stage.lean:3308:76: This simp argument is unused:
  le_max_right

Hint: Omit it from the simp argument list.
  simp ̵[̵l̵e̵_̵m̵a̵x̵_̵r̵i̵g̵h̵t̵]̵

Note: This linter can be disabled with `set_option linter.unusedSimpArgs false`
warning: BoussinesqBlowup/S4/Stage.lean:3312:41: This simp argument is unused:
  le_max_right

Hint: Omit it from the simp argument list.
  simp ̵[̵l̵e̵_̵m̵a̵x̵_̵r̵i̵g̵h̵t̵]̵

Note: This linter can be disabled with `set_option linter.unusedSimpArgs false`
warning: BoussinesqBlowup/S4/Stage.lean:4222:17: `ContinuousLinearMap.coe_smul'` has been deprecated: Use `FunLike.coe_smul` instead

Note: The updated constant is in a different namespace. Dot notation may need to be changed (e.g., from `x.coe_smul'` to `FunLike.coe_smul x`).
warning: BoussinesqBlowup/S4/Stage.lean:4436:28: This simp argument is unused:
  Fin.sum_univ_two

Hint: Omit it from the simp argument list.
  simp [advect,̵ ̵F̵i̵n̵.̵s̵u̵m̵_̵u̵n̵i̵v̵_̵t̵w̵o̵]

Note: This linter can be disabled with `set_option linter.unusedSimpArgs false`
warning: BoussinesqBlowup/S4/Stage.lean:4755:13: `ContinuousLinearMap.add_apply` has been deprecated: Use `add_apply` instead

Note: The updated constant is in a different namespace. Dot notation may need to be changed (e.g., from `x.add_apply` to `add_apply x`).
warning: BoussinesqBlowup/S4/Stage.lean:4778:44: `EuclideanSpace.norm_single` has been deprecated: Use `PiLp.norm_single` instead

Note: The updated constant has a different type:
  ∀ (p : ℝ≥0∞) {ι : Type u_2} (β : ι → Type u_4) [hp : Fact (1 ≤ p)] [inst : Fintype ι]
    [inst_1 : (i : ι) → SeminormedAddCommGroup (β i)] [inst_2 : DecidableEq ι] (i : ι) (b : β i),
    ‖PiLp.single p i b‖ = ‖b‖
instead of
  ∀ {ι : Type u_1} {𝕜 : Type u_3} [inst : RCLike 𝕜] [inst_1 : DecidableEq ι] [inst_2 : Fintype ι] (i : ι) (a : 𝕜),
    ‖EuclideanSpace.single i a‖ = ‖a‖

Note: The updated constant is in a different namespace. Dot notation may need to be changed (e.g., from `x.norm_single` to `PiLp.norm_single x`).
warning: BoussinesqBlowup/S4/Stage.lean:4779:44: `EuclideanSpace.norm_single` has been deprecated: Use `PiLp.norm_single` instead

Note: The updated constant has a different type:
  ∀ (p : ℝ≥0∞) {ι : Type u_2} (β : ι → Type u_4) [hp : Fact (1 ≤ p)] [inst : Fintype ι]
    [inst_1 : (i : ι) → SeminormedAddCommGroup (β i)] [inst_2 : DecidableEq ι] (i : ι) (b : β i),
    ‖PiLp.single p i b‖ = ‖b‖
instead of
  ∀ {ι : Type u_1} {𝕜 : Type u_3} [inst : RCLike 𝕜] [inst_1 : DecidableEq ι] [inst_2 : Fintype ι] (i : ι) (a : 𝕜),
    ‖EuclideanSpace.single i a‖ = ‖a‖

Note: The updated constant is in a different namespace. Dot notation may need to be changed (e.g., from `x.norm_single` to `PiLp.norm_single x`).
warning: BoussinesqBlowup/S4/Stage.lean:4778:44: This simp argument is unused:
  EuclideanSpace.norm_single

Hint: Omit it from the simp argument list.
  simp [e,̵ ̵E̵u̵c̵l̵i̵d̵e̵a̵n̵S̵p̵a̵c̵e̵.̵n̵o̵r̵m̵_̵s̵i̵n̵g̵l̵e̵]

Note: This linter can be disabled with `set_option linter.unusedSimpArgs false`
warning: BoussinesqBlowup/S4/Stage.lean:4779:44: This simp argument is unused:
  EuclideanSpace.norm_single

Hint: Omit it from the simp argument list.
  simp [e,̵ ̵E̵u̵c̵l̵i̵d̵e̵a̵n̵S̵p̵a̵c̵e̵.̵n̵o̵r̵m̵_̵s̵i̵n̵g̵l̵e̵]

Note: This linter can be disabled with `set_option linter.unusedSimpArgs false`
warning: BoussinesqBlowup/S4/Stage.lean:4804:51: `ContinuousLinearMap.add_apply` has been deprecated: Use `add_apply` instead

Note: The updated constant is in a different namespace. Dot notation may need to be changed (e.g., from `x.add_apply` to `add_apply x`).
warning: BoussinesqBlowup/S4/Stage.lean:4805:4: `ContinuousLinearMap.smul_apply` has been deprecated: Use `smul_apply` instead

Note: The updated constant is in a different namespace. Dot notation may need to be changed (e.g., from `x.smul_apply` to `smul_apply x`).
warning: BoussinesqBlowup/S4/Stage.lean:4805:49: This simp argument is unused:
  FunLike.coe_smul

Hint: Omit it from the simp argument list.
  simp only [Pres2.phase, hX0, mul_zero, zero_add, ContinuousLinearMap.add_apply,
      ContinuousLinearMap.smul_apply, smul_eq_mul, F̵u̵n̵L̵i̵k̵e̵.̵c̵o̵e̵_̵s̵m̵u̵l̵,̵ ̵Pi.smul_apply, hxi]

Note: This linter can be disabled with `set_option linter.unusedSimpArgs false`
warning: BoussinesqBlowup/S4/Stage.lean:4805:67: This simp argument is unused:
  Pi.smul_apply

Hint: Omit it from the simp argument list.
  simp only [Pres2.phase, hX0, mul_zero, zero_add, ContinuousLinearMap.add_apply,
      ContinuousLinearMap.smul_apply, smul_eq_mul, FunLike.coe_smul, P̵i̵.̵s̵m̵u̵l̵_̵a̵p̵p̵l̵y̵,̵ ̵hxi]

Note: This linter can be disabled with `set_option linter.unusedSimpArgs false`
warning: BoussinesqBlowup/S4/Stage.lean:4851:62: this tactic is never executed

Note: This linter can be disabled with `set_option linter.unreachableTactic false`
warning: BoussinesqBlowup/S4/Stage.lean:4851:62: 'ring' tactic does nothing

Note: This linter can be disabled with `set_option linter.unusedTactic false`
warning: BoussinesqBlowup/S4/Stage.lean:5130:49: `ContinuousLinearMap.neg_apply` has been deprecated: Use `neg_apply` instead

Note: The updated constant is in a different namespace. Dot notation may need to be changed (e.g., from `x.neg_apply` to `neg_apply x`).
warning: BoussinesqBlowup/S4/Stage.lean:5132:17: `ContinuousLinearMap.zero_apply` has been deprecated: Use `zero_apply` instead

Note: The updated constant is in a different namespace. Dot notation may need to be changed (e.g., from `x.zero_apply` to `zero_apply x`).
warning: BoussinesqBlowup/S4/Stage.lean:5233:57: Variable name `hX` is not explicitly referenced.

The binding can be removed (if unused) or named `_` (if used implicitly).

Note: This linter can be disabled with `set_option linter.unusedVariables false`
warning: BoussinesqBlowup/S4/Stage.lean:5269:50: `ContinuousLinearMap.smul_apply` has been deprecated: Use `smul_apply` instead

Note: The updated constant is in a different namespace. Dot notation may need to be changed (e.g., from `x.smul_apply` to `smul_apply x`).
warning: BoussinesqBlowup/S4/Stage.lean:5269:82: `ContinuousLinearMap.add_apply` has been deprecated: Use `add_apply` instead

Note: The updated constant is in a different namespace. Dot notation may need to be changed (e.g., from `x.add_apply` to `add_apply x`).
warning: BoussinesqBlowup/S4/Stage.lean:5269:82: This simp argument is unused:
  ContinuousLinearMap.add_apply

Hint: Omit it from the simp argument list.
  simp only [ContinuousLinearMap.smulRight_apply, ContinuousLinearMap.smul_apply, ̵C̵o̵n̵t̵i̵n̵u̵o̵u̵s̵L̵i̵n̵e̵a̵r̵M̵a̵p̵.̵a̵d̵d̵_̵a̵p̵p̵l̵y̵,̵
      innerSL_apply_apply, shearCLM, Nat.cast_one, one_smul, real_inner_smul_left, smul_smul,
  ̲  ̲ ̲ ̲zero_smul, add_zero,
  ̵  ̵ ̵ ̵smul_eq_mul, PiLp.smul_apply, mul_one, one_mul]

Note: This linter can be disabled with `set_option linter.unusedSimpArgs false`
warning: BoussinesqBlowup/S4/Stage.lean:5270:49: This simp argument is unused:
  one_smul

Hint: Omit it from the simp argument list.
  simp only [ContinuousLinearMap.smulRight_apply, ContinuousLinearMap.smul_apply,
  ̲  ̲ ̲ ̲ContinuousLinearMap.add_apply,
  ̵  ̵ ̵ ̵innerSL_apply_apply, shearCLM, Nat.cast_one,
  ̲ o̵n̵e̵_̵s̵m̵u̵l̵,̵  ̲ ̲real_inner_smul_left, smul_smul, zero_smul, add_zero,
  ̵  ̵ ̵ ̵smul_eq_mul, PiLp.smul_apply, mul_one,
  ̲  ̲ ̲ ̲one_mul]

Note: This linter can be disabled with `set_option linter.unusedSimpArgs false`
warning: BoussinesqBlowup/S4/Stage.lean:5271:34: This simp argument is unused:
  mul_one

Hint: Omit it from the simp argument list.
  simp only [ContinuousLinearMap.smulRight_apply, ContinuousLinearMap.smul_apply,
  ̲  ̲ ̲ ̲ContinuousLinearMap.add_apply,
  ̵  ̵ ̵ ̵innerSL_apply_apply, shearCLM, Nat.cast_one, one_smul,
  ̲  ̲ ̲ ̲real_inner_smul_left, smul_smul, zero_smul, add_zero,
  ̵  ̵ ̵ ̵smul_eq_mul, PiLp.smul_apply, m̵u̵l̵_̵one,̵ ̵o̵n̵e̵_mul]

Note: This linter can be disabled with `set_option linter.unusedSimpArgs false`
warning: BoussinesqBlowup/S4/Stage.lean:5689:18: Variable name `hX` is not explicitly referenced.

The binding can be removed (if unused) or named `_` (if used implicitly).

Note: This linter can be disabled with `set_option linter.unusedVariables false`
warning: BoussinesqBlowup/S4/Stage.lean:6088:13: `ContinuousLinearMap.add_apply` has been deprecated: Use `add_apply` instead

Note: The updated constant is in a different namespace. Dot notation may need to be changed (e.g., from `x.add_apply` to `add_apply x`).
warning: BoussinesqBlowup/S4/Stage.lean:6088:44: `ContinuousLinearMap.smul_apply` has been deprecated: Use `smul_apply` instead

Note: The updated constant is in a different namespace. Dot notation may need to be changed (e.g., from `x.smul_apply` to `smul_apply x`).
warning: BoussinesqBlowup/S4/Stage.lean:6088:89: This simp argument is unused:
  FunLike.coe_smul

Hint: Omit it from the simp argument list.
  simp only [ContinuousLinearMap.add_apply, ContinuousLinearMap.smul_apply, smul_eq_mul, ̵F̵u̵n̵L̵i̵k̵e̵.̵c̵o̵e̵_̵s̵m̵u̵l̵,̵
      Pi.smul_apply]

Note: This linter can be disabled with `set_option linter.unusedSimpArgs false`
warning: BoussinesqBlowup/S4/Stage.lean:6089:4: This simp argument is unused:
  Pi.smul_apply

Hint: Omit it from the simp argument list.
  simp only [ContinuousLinearMap.add_apply, ContinuousLinearMap.smul_apply, smul_eq_mul,
  ̲  ̲ ̲ ̲F̵u̵n̵L̵i̵k̵e̵.̵c̵o̵e̵_̵s̵m̵u̵l̵,̵
  ̵ ̵ ̵ ̵ ̵P̵i̵.̵s̵m̵u̵l̵_̵a̵p̵p̵l̵y̵]̵F̲u̲n̲L̲i̲k̲e̲.̲c̲o̲e̲_̲s̲m̲u̲l̲]̲

Note: This linter can be disabled with `set_option linter.unusedSimpArgs false`
warning: BoussinesqBlowup/S4/Stage.lean:6126:79: This simp argument is unused:
  mul_comm

Hint: Omit it from the simp argument list.
  simp [EuclideanSpace.inner_eq_star_dotProduct, Fin.sum_univ_two, dotProduct,̵ ̵m̵u̵l̵_̵c̵o̵m̵m̵]

Note: This linter can be disabled with `set_option linter.unusedSimpArgs false`
warning: BoussinesqBlowup/S4/Stage.lean:6153:40: `EuclideanSpace.norm_single` has been deprecated: Use `PiLp.norm_single` instead

Note: The updated constant has a different type:
  ∀ (p : ℝ≥0∞) {ι : Type u_2} (β : ι → Type u_4) [hp : Fact (1 ≤ p)] [inst : Fintype ι]
    [inst_1 : (i : ι) → SeminormedAddCommGroup (β i)] [inst_2 : DecidableEq ι] (i : ι) (b : β i),
    ‖PiLp.single p i b‖ = ‖b‖
instead of
  ∀ {ι : Type u_1} {𝕜 : Type u_3} [inst : RCLike 𝕜] [inst_1 : DecidableEq ι] [inst_2 : Fintype ι] (i : ι) (a : 𝕜),
    ‖EuclideanSpace.single i a‖ = ‖a‖

Note: The updated constant is in a different namespace. Dot notation may need to be changed (e.g., from `x.norm_single` to `PiLp.norm_single x`).
warning: BoussinesqBlowup/S4/Stage.lean:6153:40: This simp argument is unused:
  EuclideanSpace.norm_single

Hint: Omit it from the simp argument list.
  simp [e,̵ ̵E̵u̵c̵l̵i̵d̵e̵a̵n̵S̵p̵a̵c̵e̵.̵n̵o̵r̵m̵_̵s̵i̵n̵g̵l̵e̵]

Note: This linter can be disabled with `set_option linter.unusedSimpArgs false`
warning: BoussinesqBlowup/S4/Stage.lean:6208:44: `EuclideanSpace.norm_single` has been deprecated: Use `PiLp.norm_single` instead

Note: The updated constant has a different type:
  ∀ (p : ℝ≥0∞) {ι : Type u_2} (β : ι → Type u_4) [hp : Fact (1 ≤ p)] [inst : Fintype ι]
    [inst_1 : (i : ι) → SeminormedAddCommGroup (β i)] [inst_2 : DecidableEq ι] (i : ι) (b : β i),
    ‖PiLp.single p i b‖ = ‖b‖
instead of
  ∀ {ι : Type u_1} {𝕜 : Type u_3} [inst : RCLike 𝕜] [inst_1 : DecidableEq ι] [inst_2 : Fintype ι] (i : ι) (a : 𝕜),
    ‖EuclideanSpace.single i a‖ = ‖a‖

Note: The updated constant is in a different namespace. Dot notation may need to be changed (e.g., from `x.norm_single` to `PiLp.norm_single x`).
warning: BoussinesqBlowup/S4/Stage.lean:6209:44: `EuclideanSpace.norm_single` has been deprecated: Use `PiLp.norm_single` instead

Note: The updated constant has a different type:
  ∀ (p : ℝ≥0∞) {ι : Type u_2} (β : ι → Type u_4) [hp : Fact (1 ≤ p)] [inst : Fintype ι]
    [inst_1 : (i : ι) → SeminormedAddCommGroup (β i)] [inst_2 : DecidableEq ι] (i : ι) (b : β i),
    ‖PiLp.single p i b‖ = ‖b‖
instead of
  ∀ {ι : Type u_1} {𝕜 : Type u_3} [inst : RCLike 𝕜] [inst_1 : DecidableEq ι] [inst_2 : Fintype ι] (i : ι) (a : 𝕜),
    ‖EuclideanSpace.single i a‖ = ‖a‖

Note: The updated constant is in a different namespace. Dot notation may need to be changed (e.g., from `x.norm_single` to `PiLp.norm_single x`).
warning: BoussinesqBlowup/S4/Stage.lean:6208:44: This simp argument is unused:
  EuclideanSpace.norm_single

Hint: Omit it from the simp argument list.
  simp [e,̵ ̵E̵u̵c̵l̵i̵d̵e̵a̵n̵S̵p̵a̵c̵e̵.̵n̵o̵r̵m̵_̵s̵i̵n̵g̵l̵e̵]

Note: This linter can be disabled with `set_option linter.unusedSimpArgs false`
warning: BoussinesqBlowup/S4/Stage.lean:6209:44: This simp argument is unused:
  EuclideanSpace.norm_single

Hint: Omit it from the simp argument list.
  simp [e,̵ ̵E̵u̵c̵l̵i̵d̵e̵a̵n̵S̵p̵a̵c̵e̵.̵n̵o̵r̵m̵_̵s̵i̵n̵g̵l̵e̵]

Note: This linter can be disabled with `set_option linter.unusedSimpArgs false`
warning: BoussinesqBlowup/S4/Stage.lean:6430:12: `ContinuousLinearMap.sub_apply` has been deprecated: Use `sub_apply` instead

Note: The updated constant is in a different namespace. Dot notation may need to be changed (e.g., from `x.sub_apply` to `sub_apply x`).
warning: BoussinesqBlowup/S4/Stage.lean:6432:48: `EuclideanSpace.norm_single` has been deprecated: Use `PiLp.norm_single` instead

Note: The updated constant has a different type:
  ∀ (p : ℝ≥0∞) {ι : Type u_2} (β : ι → Type u_4) [hp : Fact (1 ≤ p)] [inst : Fintype ι]
    [inst_1 : (i : ι) → SeminormedAddCommGroup (β i)] [inst_2 : DecidableEq ι] (i : ι) (b : β i),
    ‖PiLp.single p i b‖ = ‖b‖
instead of
  ∀ {ι : Type u_1} {𝕜 : Type u_3} [inst : RCLike 𝕜] [inst_1 : DecidableEq ι] [inst_2 : Fintype ι] (i : ι) (a : 𝕜),
    ‖EuclideanSpace.single i a‖ = ‖a‖

Note: The updated constant is in a different namespace. Dot notation may need to be changed (e.g., from `x.norm_single` to `PiLp.norm_single x`).
warning: BoussinesqBlowup/S4/Stage.lean:6432:48: This simp argument is unused:
  EuclideanSpace.norm_single

Hint: Omit it from the simp argument list.
  simp [e,̵ ̵E̵u̵c̵l̵i̵d̵e̵a̵n̵S̵p̵a̵c̵e̵.̵n̵o̵r̵m̵_̵s̵i̵n̵g̵l̵e̵]

Note: This linter can be disabled with `set_option linter.unusedSimpArgs false`
⚠ [8781/10108] Replayed BoussinesqBlowup.S6.RunClass
warning: BoussinesqBlowup/S6/RunClass.lean:142:49: Variable name `S` is not explicitly referenced.

The binding can be removed (if unused) or named `_` (if used implicitly).

Note: This linter can be disabled with `set_option linter.unusedVariables false`
warning: BoussinesqBlowup/S6/RunClass.lean:860:71: Variable name `hxi` is not explicitly referenced.

The binding can be removed (if unused) or named `_` (if used implicitly).

Note: This linter can be disabled with `set_option linter.unusedVariables false`
warning: BoussinesqBlowup/S6/RunClass.lean:1427:2: `push_neg` has been deprecated. Prefer using `push Not` instead.
If you'd rather continue using `push_neg` in your project, you can implement it as follows:
```
open Lean.Parser.Tactic in
macro "push_neg" cfg:optConfig loc:(location)? : tactic =>
  `(tactic| push $cfg:optConfig Not $[$loc]?)
```
warning: BoussinesqBlowup/S6/RunClass.lean:1429:2: `push_neg` has been deprecated. Prefer using `push Not` instead.
If you'd rather continue using `push_neg` in your project, you can implement it as follows:
```
open Lean.Parser.Tactic in
macro "push_neg" cfg:optConfig loc:(location)? : tactic =>
  `(tactic| push $cfg:optConfig Not $[$loc]?)
```
⚠ [8782/10108] Replayed BoussinesqBlowup.S6.Strain
warning: BoussinesqBlowup/S6/Strain.lean:74:44: Variable name `hξn_ne` is not explicitly referenced.

The binding can be removed (if unused) or named `_` (if used implicitly).

Note: This linter can be disabled with `set_option linter.unusedVariables false`
warning: BoussinesqBlowup/S6/Strain.lean:88:15: This simp argument is unused:
  neg_apply

Hint: Omit it from the simp argument list.
  simp only [n̵e̵g̵_̵a̵p̵p̵l̵y̵,̵ ̵PiLp.sub_apply, PiLp.neg_apply, PiLp.smul_apply,
  ̵  ̵ ̵ ̵ ̵ ̵smul_eq_mul, unitVec] at h1 ⊢

Note: This linter can be disabled with `set_option linter.unusedSimpArgs false`
warning: BoussinesqBlowup/S6/Strain.lean:603:62: `ContinuousLinearMap.zero_apply` has been deprecated: Use `zero_apply` instead

Note: The updated constant is in a different namespace. Dot notation may need to be changed (e.g., from `x.zero_apply` to `zero_apply x`).
warning: BoussinesqBlowup/S6/Strain.lean:646:8: `ContinuousLinearMap.add_apply` has been deprecated: Use `add_apply` instead

Note: The updated constant is in a different namespace. Dot notation may need to be changed (e.g., from `x.add_apply` to `add_apply x`).
warning: BoussinesqBlowup/S6/Strain.lean:647:6: `ContinuousLinearMap.smul_apply` has been deprecated: Use `smul_apply` instead

Note: The updated constant is in a different namespace. Dot notation may need to be changed (e.g., from `x.smul_apply` to `smul_apply x`).
warning: BoussinesqBlowup/S6/Strain.lean:635:29: This simp argument is unused:
  inner_add_right

Hint: Omit it from the simp argument list.
  simp [hP, hΩe_eq t ht, i̵n̵n̵e̵r̵_̵a̵d̵d̵_̵r̵i̵g̵h̵t̵,̵ ̵inner_smul_right, frame2D_facts_aux_inner_self_perp]

Note: This linter can be disabled with `set_option linter.unusedSimpArgs false`
⚠ [8783/10108] Replayed BoussinesqBlowup.S5.T3
warning: BoussinesqBlowup/S5/T3.lean:45:40: `ContinuousLinearMap.add_apply` has been deprecated: Use `add_apply` instead

Note: The updated constant is in a different namespace. Dot notation may need to be changed (e.g., from `x.add_apply` to `add_apply x`).
warning: BoussinesqBlowup/S5/T3.lean:68:53: Variable name `hψ₀` is not explicitly referenced.

The binding can be removed (if unused) or named `_` (if used implicitly).

Note: This linter can be disabled with `set_option linter.unusedVariables false`
warning: BoussinesqBlowup/S5/T3.lean:69:31: Variable name `hN'0` is not explicitly referenced.

The binding can be removed (if unused) or named `_` (if used implicitly).

Note: This linter can be disabled with `set_option linter.unusedVariables false`
warning: BoussinesqBlowup/S5/T3.lean:378:5: Variable name `hcoef0` is not explicitly referenced.

The binding can be removed (if unused) or named `_` (if used implicitly).

Note: This linter can be disabled with `set_option linter.unusedVariables false`
warning: BoussinesqBlowup/S5/T3.lean:386:5: Variable name `hcoef0` is not explicitly referenced.

The binding can be removed (if unused) or named `_` (if used implicitly).

Note: This linter can be disabled with `set_option linter.unusedVariables false`
warning: BoussinesqBlowup/S5/T3.lean:412:76: Variable name `hρ` is not explicitly referenced.

The binding can be removed (if unused) or named `_` (if used implicitly).

Note: This linter can be disabled with `set_option linter.unusedVariables false`
warning: BoussinesqBlowup/S5/T3.lean:425:28: Variable name `hq` is not explicitly referenced.

The binding can be removed (if unused) or named `_` (if used implicitly).

Note: This linter can be disabled with `set_option linter.unusedVariables false`
warning: BoussinesqBlowup/S5/T3.lean:425:41: Variable name `hψ₀` is not explicitly referenced.

The binding can be removed (if unused) or named `_` (if used implicitly).

Note: This linter can be disabled with `set_option linter.unusedVariables false`
warning: BoussinesqBlowup/S5/T3.lean:480:60: Variable name `hρ` is not explicitly referenced.

The binding can be removed (if unused) or named `_` (if used implicitly).

Note: This linter can be disabled with `set_option linter.unusedVariables false`
warning: BoussinesqBlowup/S5/T3.lean:504:44: Variable name `hΛ` is not explicitly referenced.

The binding can be removed (if unused) or named `_` (if used implicitly).

Note: This linter can be disabled with `set_option linter.unusedVariables false`
warning: BoussinesqBlowup/S5/T3.lean:504:57: Variable name `hr0` is not explicitly referenced.

The binding can be removed (if unused) or named `_` (if used implicitly).

Note: This linter can be disabled with `set_option linter.unusedVariables false`
warning: BoussinesqBlowup/S5/T3.lean:522:92: Variable name `hρ` is not explicitly referenced.

The binding can be removed (if unused) or named `_` (if used implicitly).

Note: This linter can be disabled with `set_option linter.unusedVariables false`
warning: BoussinesqBlowup/S5/T3.lean:538:52: Variable name `hK` is not explicitly referenced.

The binding can be removed (if unused) or named `_` (if used implicitly).

Note: This linter can be disabled with `set_option linter.unusedVariables false`
warning: BoussinesqBlowup/S5/T3.lean:538:65: Variable name `hΛ` is not explicitly referenced.

The binding can be removed (if unused) or named `_` (if used implicitly).

Note: This linter can be disabled with `set_option linter.unusedVariables false`
warning: BoussinesqBlowup/S5/T3.lean:538:91: Variable name `hρ` is not explicitly referenced.

The binding can be removed (if unused) or named `_` (if used implicitly).

Note: This linter can be disabled with `set_option linter.unusedVariables false`
warning: BoussinesqBlowup/S5/T3.lean:596:45: Variable name `hq` is not explicitly referenced.

The binding can be removed (if unused) or named `_` (if used implicitly).

Note: This linter can be disabled with `set_option linter.unusedVariables false`
⚠ [8784/10108] Replayed BoussinesqBlowup.S6.Threshold
warning: BoussinesqBlowup/S6/Threshold.lean:267:32: Variable name `hβ` is not explicitly referenced.

The binding can be removed (if unused) or named `_` (if used implicitly).

Note: This linter can be disabled with `set_option linter.unusedVariables false`
⚠ [8786/10108] Replayed BoussinesqBlowup.S6.Increments
warning: BoussinesqBlowup/S6/Increments.lean:110:67: Variable name `hψe0` is not explicitly referenced.

The binding can be removed (if unused) or named `_` (if used implicitly).

Note: This linter can be disabled with `set_option linter.unusedVariables false`
warning: BoussinesqBlowup/S6/Increments.lean:269:32: Variable name `hx0` is not explicitly referenced.

The binding can be removed (if unused) or named `_` (if used implicitly).

Note: This linter can be disabled with `set_option linter.unusedVariables false`
warning: BoussinesqBlowup/S6/Increments.lean:269:64: Variable name `hy0` is not explicitly referenced.

The binding can be removed (if unused) or named `_` (if used implicitly).

Note: This linter can be disabled with `set_option linter.unusedVariables false`
warning: BoussinesqBlowup/S6/Increments.lean:600:52: Variable name `hψ` is not explicitly referenced.

The binding can be removed (if unused) or named `_` (if used implicitly).

Note: This linter can be disabled with `set_option linter.unusedVariables false`
warning: BoussinesqBlowup/S6/Increments.lean:753:6: `ContinuousLinearMap.add_apply` has been deprecated: Use `add_apply` instead

Note: The updated constant is in a different namespace. Dot notation may need to be changed (e.g., from `x.add_apply` to `add_apply x`).
warning: BoussinesqBlowup/S6/Increments.lean:753:37: `ContinuousLinearMap.add_apply` has been deprecated: Use `add_apply` instead

Note: The updated constant is in a different namespace. Dot notation may need to be changed (e.g., from `x.add_apply` to `add_apply x`).
warning: BoussinesqBlowup/S6/Increments.lean:759:6: `ContinuousLinearMap.smul_apply` has been deprecated: Use `smul_apply` instead

Note: The updated constant is in a different namespace. Dot notation may need to be changed (e.g., from `x.smul_apply` to `smul_apply x`).
warning: BoussinesqBlowup/S6/Increments.lean:759:38: `ContinuousLinearMap.smul_apply` has been deprecated: Use `smul_apply` instead

Note: The updated constant is in a different namespace. Dot notation may need to be changed (e.g., from `x.smul_apply` to `smul_apply x`).
warning: BoussinesqBlowup/S6/Increments.lean:766:6: `ContinuousLinearMap.sum_apply` has been deprecated: Use `_root_.sum_apply` instead

Note: The updated constant is in a different namespace. Dot notation may need to be changed (e.g., from `x.sum_apply` to `_root_.sum_apply x`).
warning: BoussinesqBlowup/S6/Increments.lean:766:37: `ContinuousLinearMap.sum_apply` has been deprecated: Use `_root_.sum_apply` instead

Note: The updated constant is in a different namespace. Dot notation may need to be changed (e.g., from `x.sum_apply` to `_root_.sum_apply x`).
warning: BoussinesqBlowup/S6/Increments.lean:775:12: `ContinuousLinearMap.sub_apply` has been deprecated: Use `sub_apply` instead

Note: The updated constant is in a different namespace. Dot notation may need to be changed (e.g., from `x.sub_apply` to `sub_apply x`).
warning: BoussinesqBlowup/S6/Increments.lean:775:12: `ContinuousLinearMap.sub_apply` has been deprecated: Use `sub_apply` instead

Note: The updated constant is in a different namespace. Dot notation may need to be changed (e.g., from `x.sub_apply` to `sub_apply x`).
warning: BoussinesqBlowup/S6/Increments.lean:775:12: This simp argument is unused:
  ContinuousLinearMap.sub_apply

Hint: Omit it from the simp argument list.
  simp [̵C̵o̵n̵t̵i̵n̵u̵o̵u̵s̵L̵i̵n̵e̵a̵r̵M̵a̵p̵.̵s̵u̵b̵_̵a̵p̵p̵l̵y̵,̵ ̵C̵o̵n̵t̵i̵n̵u̵o̵u̵s̵L̵i̵n̵e̵a̵r̵M̵a̵p̵.̵s̵m̵u̵l̵R̵i̵g̵h̵t̵_̵a̵p̵p̵l̵y̵,̵[̲C̲o̲n̲t̲i̲n̲u̲o̲u̲s̲L̲i̲n̲e̲a̲r̲M̲a̲p̲.̲s̲m̲u̲l̲R̲i̲g̲h̲t̲_̲a̲p̲p̲l̲y̲,̲ innerSL_apply_apply, frame2D_facts_aux_inner_coord,
  ̲  ̲ ̲ ̲ ̲ ̲ ̲ ̲e, (frame2D_facts_aux_perp_coord x).1, (frame2D_facts_aux_perp_coord x).2]

Note: This linter can be disabled with `set_option linter.unusedSimpArgs false`
warning: BoussinesqBlowup/S6/Increments.lean:824:4: `continuousOn_finset_sum` has been deprecated: Use `continuousOn_finsetSum` instead
⚠ [8787/10108] Replayed BoussinesqBlowup.S6.Extension
warning: BoussinesqBlowup/S6/Extension.lean:146:8: `ContinuousLinearMap.sub_apply` has been deprecated: Use `sub_apply` instead

Note: The updated constant is in a different namespace. Dot notation may need to be changed (e.g., from `x.sub_apply` to `sub_apply x`).
warning: BoussinesqBlowup/S6/Extension.lean:206:37: Variable name `hx0` is not explicitly referenced.

The binding can be removed (if unused) or named `_` (if used implicitly).

Note: This linter can be disabled with `set_option linter.unusedVariables false`
warning: BoussinesqBlowup/S6/Extension.lean:263:38: Variable name `hC` is not explicitly referenced.

The binding can be removed (if unused) or named `_` (if used implicitly).

Note: This linter can be disabled with `set_option linter.unusedVariables false`
warning: BoussinesqBlowup/S6/Extension.lean:382:10: `continuousOn_finset_sum` has been deprecated: Use `continuousOn_finsetSum` instead
warning: BoussinesqBlowup/S6/Extension.lean:409:14: `continuousOn_finset_sum` has been deprecated: Use `continuousOn_finsetSum` instead
warning: BoussinesqBlowup/S6/Extension.lean:305:40: Variable name `hm` is not explicitly referenced.

The binding can be removed (if unused) or named `_` (if used implicitly).

Note: This linter can be disabled with `set_option linter.unusedVariables false`
warning: BoussinesqBlowup/S6/Extension.lean:307:15: Variable name `hγ1` is not explicitly referenced.

The binding can be removed (if unused) or named `_` (if used implicitly).

Note: This linter can be disabled with `set_option linter.unusedVariables false`
warning: BoussinesqBlowup/S6/Extension.lean:310:17: Variable name `hη` is not explicitly referenced.

The binding can be removed (if unused) or named `_` (if used implicitly).

Note: This linter can be disabled with `set_option linter.unusedVariables false`
warning: BoussinesqBlowup/S6/Extension.lean:459:4: `continuousOn_finset_sum` has been deprecated: Use `continuousOn_finsetSum` instead
warning: BoussinesqBlowup/S6/Extension.lean:439:31: Variable name `hm` is not explicitly referenced.

The binding can be removed (if unused) or named `_` (if used implicitly).

Note: This linter can be disabled with `set_option linter.unusedVariables false`
warning: BoussinesqBlowup/S6/Extension.lean:510:57: Variable name `he2l` is not explicitly referenced.

The binding can be removed (if unused) or named `_` (if used implicitly).

Note: This linter can be disabled with `set_option linter.unusedVariables false`
warning: BoussinesqBlowup/S6/Extension.lean:636:17: `ContinuousLinearMap.sub_apply` has been deprecated: Use `sub_apply` instead

Note: The updated constant is in a different namespace. Dot notation may need to be changed (e.g., from `x.sub_apply` to `sub_apply x`).
warning: BoussinesqBlowup/S6/Extension.lean:636:48: `ContinuousLinearMap.add_apply` has been deprecated: Use `add_apply` instead

Note: The updated constant is in a different namespace. Dot notation may need to be changed (e.g., from `x.add_apply` to `add_apply x`).
warning: BoussinesqBlowup/S6/Extension.lean:636:79: `ContinuousLinearMap.neg_apply` has been deprecated: Use `neg_apply` instead

Note: The updated constant is in a different namespace. Dot notation may need to be changed (e.g., from `x.neg_apply` to `neg_apply x`).
warning: BoussinesqBlowup/S6/Extension.lean:637:8: `ContinuousLinearMap.smul_apply` has been deprecated: Use `smul_apply` instead

Note: The updated constant is in a different namespace. Dot notation may need to be changed (e.g., from `x.smul_apply` to `smul_apply x`).
warning: BoussinesqBlowup/S6/Extension.lean:770:10: `ContinuousLinearMap.sub_apply` has been deprecated: Use `sub_apply` instead

Note: The updated constant is in a different namespace. Dot notation may need to be changed (e.g., from `x.sub_apply` to `sub_apply x`).
warning: BoussinesqBlowup/S6/Extension.lean:808:17: `ContinuousLinearMap.add_apply` has been deprecated: Use `add_apply` instead

Note: The updated constant is in a different namespace. Dot notation may need to be changed (e.g., from `x.add_apply` to `add_apply x`).
warning: BoussinesqBlowup/S6/Extension.lean:808:48: `ContinuousLinearMap.smul_apply` has been deprecated: Use `smul_apply` instead

Note: The updated constant is in a different namespace. Dot notation may need to be changed (e.g., from `x.smul_apply` to `smul_apply x`).
warning: BoussinesqBlowup/S6/Extension.lean:855:17: `ContinuousLinearMap.add_apply` has been deprecated: Use `add_apply` instead

Note: The updated constant is in a different namespace. Dot notation may need to be changed (e.g., from `x.add_apply` to `add_apply x`).
warning: BoussinesqBlowup/S6/Extension.lean:855:48: `ContinuousLinearMap.smul_apply` has been deprecated: Use `smul_apply` instead

Note: The updated constant is in a different namespace. Dot notation may need to be changed (e.g., from `x.smul_apply` to `smul_apply x`).
warning: BoussinesqBlowup/S6/Extension.lean:1113:47: `ContinuousLinearMap.neg_apply` has been deprecated: Use `neg_apply` instead

Note: The updated constant is in a different namespace. Dot notation may need to be changed (e.g., from `x.neg_apply` to `neg_apply x`).
warning: BoussinesqBlowup/S6/Extension.lean:1136:8: `ContinuousLinearMap.sub_apply` has been deprecated: Use `sub_apply` instead

Note: The updated constant is in a different namespace. Dot notation may need to be changed (e.g., from `x.sub_apply` to `sub_apply x`).
warning: BoussinesqBlowup/S6/Extension.lean:1136:39: `ContinuousLinearMap.sub_apply` has been deprecated: Use `sub_apply` instead

Note: The updated constant is in a different namespace. Dot notation may need to be changed (e.g., from `x.sub_apply` to `sub_apply x`).
warning: BoussinesqBlowup/S6/Extension.lean:1069:43: Variable name `hm` is not explicitly referenced.

The binding can be removed (if unused) or named `_` (if used implicitly).

Note: This linter can be disabled with `set_option linter.unusedVariables false`
warning: BoussinesqBlowup/S6/Extension.lean:1153:64: Variable name `hγ0` is not explicitly referenced.

The binding can be removed (if unused) or named `_` (if used implicitly).

Note: This linter can be disabled with `set_option linter.unusedVariables false`
warning: BoussinesqBlowup/S6/Extension.lean:1176:18: Variable name `hΘp` is not explicitly referenced.

The binding can be removed (if unused) or named `_` (if used implicitly).

Note: This linter can be disabled with `set_option linter.unusedVariables false`
⚠ [8789/10108] Replayed BoussinesqBlowup.D.Reduced
warning: BoussinesqBlowup/D/Reduced.lean:74:39: `ContinuousLinearMap.sub_apply` has been deprecated: Use `sub_apply` instead

Note: The updated constant is in a different namespace. Dot notation may need to be changed (e.g., from `x.sub_apply` to `sub_apply x`).
warning: BoussinesqBlowup/D/Reduced.lean:80:8: `ContinuousLinearMap.smul_apply` has been deprecated: Use `smul_apply` instead

Note: The updated constant is in a different namespace. Dot notation may need to be changed (e.g., from `x.smul_apply` to `smul_apply x`).
warning: BoussinesqBlowup/D/Reduced.lean:91:8: `ContinuousLinearMap.smul_apply` has been deprecated: Use `smul_apply` instead

Note: The updated constant is in a different namespace. Dot notation may need to be changed (e.g., from `x.smul_apply` to `smul_apply x`).
warning: BoussinesqBlowup/D/Reduced.lean:117:30: `ContinuousLinearMap.sum_apply` has been deprecated: Use `_root_.sum_apply` instead

Note: The updated constant is in a different namespace. Dot notation may need to be changed (e.g., from `x.sum_apply` to `_root_.sum_apply x`).
warning: BoussinesqBlowup/D/Reduced.lean:240:40: `ContinuousLinearMap.smul_apply` has been deprecated: Use `smul_apply` instead

Note: The updated constant is in a different namespace. Dot notation may need to be changed (e.g., from `x.smul_apply` to `smul_apply x`).
warning: BoussinesqBlowup/D/Reduced.lean:249:40: `ContinuousLinearMap.smul_apply` has been deprecated: Use `smul_apply` instead

Note: The updated constant is in a different namespace. Dot notation may need to be changed (e.g., from `x.smul_apply` to `smul_apply x`).
warning: BoussinesqBlowup/D/Reduced.lean:184:5: Variable name `hcont` is not explicitly referenced.

The binding can be removed (if unused) or named `_` (if used implicitly).

Note: This linter can be disabled with `set_option linter.unusedVariables false`
warning: BoussinesqBlowup/D/Reduced.lean:296:4: `EuclideanSpace.single_apply` has been deprecated: Use `PiLp.single_apply` instead

Note: The updated constant has a different type:
  ∀ (p : ENNReal) (𝕜 : Type u_1) {ι : Type u_2} [inst : DecidableEq ι] [inst_1 : Zero 𝕜] (i : ι) (a : 𝕜) (j : ι),
    (PiLp.single p i a).ofLp j = if j = i then a else 0
instead of
  ∀ {ι : Type u_1} {𝕜 : Type u_3} [inst : RCLike 𝕜] [inst_1 : DecidableEq ι] (i : ι) (a : 𝕜) (j : ι),
    (EuclideanSpace.single i a).ofLp j = if j = i then a else 0

Note: The updated constant is in a different namespace. Dot notation may need to be changed (e.g., from `x.single_apply` to `PiLp.single_apply x`).
warning: BoussinesqBlowup/D/Reduced.lean:303:7: `EuclideanSpace.single_apply` has been deprecated: Use `PiLp.single_apply` instead

Note: The updated constant has a different type:
  ∀ (p : ENNReal) (𝕜 : Type u_1) {ι : Type u_2} [inst : DecidableEq ι] [inst_1 : Zero 𝕜] (i : ι) (a : 𝕜) (j : ι),
    (PiLp.single p i a).ofLp j = if j = i then a else 0
instead of
  ∀ {ι : Type u_1} {𝕜 : Type u_3} [inst : RCLike 𝕜] [inst_1 : DecidableEq ι] (i : ι) (a : 𝕜) (j : ι),
    (EuclideanSpace.single i a).ofLp j = if j = i then a else 0

Note: The updated constant is in a different namespace. Dot notation may need to be changed (e.g., from `x.single_apply` to `PiLp.single_apply x`).
warning: BoussinesqBlowup/D/Reduced.lean:325:48: `ContinuousLinearMap.coe_smul'` has been deprecated: Use `FunLike.coe_smul` instead

Note: The updated constant is in a different namespace. Dot notation may need to be changed (e.g., from `x.coe_smul'` to `FunLike.coe_smul x`).
warning: BoussinesqBlowup/D/Reduced.lean:330:48: `ContinuousLinearMap.coe_smul'` has been deprecated: Use `FunLike.coe_smul` instead

Note: The updated constant is in a different namespace. Dot notation may need to be changed (e.g., from `x.coe_smul'` to `FunLike.coe_smul x`).
warning: BoussinesqBlowup/D/Reduced.lean:368:13: `ContinuousLinearMap.coe_add'` has been deprecated: Use `FunLike.coe_add` instead

Note: The updated constant is in a different namespace. Dot notation may need to be changed (e.g., from `x.coe_add'` to `FunLike.coe_add x`).
warning: BoussinesqBlowup/D/Reduced.lean:368:43: `ContinuousLinearMap.coe_smul'` has been deprecated: Use `FunLike.coe_smul` instead

Note: The updated constant is in a different namespace. Dot notation may need to be changed (e.g., from `x.coe_smul'` to `FunLike.coe_smul x`).
warning: BoussinesqBlowup/D/Reduced.lean:426:66: `ContinuousLinearMap.coe_smul'` has been deprecated: Use `FunLike.coe_smul` instead

Note: The updated constant is in a different namespace. Dot notation may need to be changed (e.g., from `x.coe_smul'` to `FunLike.coe_smul x`).
warning: BoussinesqBlowup/D/Reduced.lean:392:70: Variable name `hκ` is not explicitly referenced.

The binding can be removed (if unused) or named `_` (if used implicitly).

Note: This linter can be disabled with `set_option linter.unusedVariables false`
warning: BoussinesqBlowup/D/Reduced.lean:519:55: this tactic is never executed

Note: This linter can be disabled with `set_option linter.unreachableTactic false`
warning: BoussinesqBlowup/D/Reduced.lean:519:55: '(funext y; ring)' tactic does nothing

Note: This linter can be disabled with `set_option linter.unusedTactic false`
warning: BoussinesqBlowup/D/Reduced.lean:536:74: Variable name `hδ` is not explicitly referenced.

The binding can be removed (if unused) or named `_` (if used implicitly).

Note: This linter can be disabled with `set_option linter.unusedVariables false`
⚠ [8790/10108] Replayed BoussinesqBlowup.Kit.Bootstrap
warning: BoussinesqBlowup/Kit/Bootstrap.lean:46:74: Variable name `hle` is not explicitly referenced.

The binding can be removed (if unused) or named `_` (if used implicitly).

Note: This linter can be disabled with `set_option linter.unusedVariables false`
warning: BoussinesqBlowup/Kit/Bootstrap.lean:134:26: `ContinuousLinearMap.add_apply` has been deprecated: Use `add_apply` instead

Note: The updated constant is in a different namespace. Dot notation may need to be changed (e.g., from `x.add_apply` to `add_apply x`).
warning: BoussinesqBlowup/Kit/Bootstrap.lean:134:57: `ContinuousLinearMap.smul_apply` has been deprecated: Use `smul_apply` instead

Note: The updated constant is in a different namespace. Dot notation may need to be changed (e.g., from `x.smul_apply` to `smul_apply x`).
warning: BoussinesqBlowup/Kit/Bootstrap.lean:159:19: `ContinuousLinearMap.add_apply` has been deprecated: Use `add_apply` instead

Note: The updated constant is in a different namespace. Dot notation may need to be changed (e.g., from `x.add_apply` to `add_apply x`).
warning: BoussinesqBlowup/Kit/Bootstrap.lean:159:50: `ContinuousLinearMap.smul_apply` has been deprecated: Use `smul_apply` instead

Note: The updated constant is in a different namespace. Dot notation may need to be changed (e.g., from `x.smul_apply` to `smul_apply x`).
warning: BoussinesqBlowup/Kit/Bootstrap.lean:387:6: `push_neg` has been deprecated. Prefer using `push Not` instead.
If you'd rather continue using `push_neg` in your project, you can implement it as follows:
```
open Lean.Parser.Tactic in
macro "push_neg" cfg:optConfig loc:(location)? : tactic =>
  `(tactic| push $cfg:optConfig Not $[$loc]?)
```
warning: BoussinesqBlowup/Kit/Bootstrap.lean:910:13: `ContinuousMultilinearMap.zero_apply` has been deprecated: Use `zero_apply` instead

Note: The updated constant is in a different namespace. Dot notation may need to be changed (e.g., from `x.zero_apply` to `zero_apply x`).
warning: BoussinesqBlowup/Kit/Bootstrap.lean:925:49: `ContinuousMultilinearMap.zero_apply` has been deprecated: Use `zero_apply` instead

Note: The updated constant is in a different namespace. Dot notation may need to be changed (e.g., from `x.zero_apply` to `zero_apply x`).
⚠ [8791/10108] Replayed BoussinesqBlowup.D.TheoremR
warning: BoussinesqBlowup/D/TheoremR.lean:174:15: `ContinuousLinearMap.smul_apply` has been deprecated: Use `smul_apply` instead

Note: The updated constant is in a different namespace. Dot notation may need to be changed (e.g., from `x.smul_apply` to `smul_apply x`).
warning: BoussinesqBlowup/D/TheoremR.lean:176:15: `ContinuousLinearMap.smul_apply` has been deprecated: Use `smul_apply` instead

Note: The updated constant is in a different namespace. Dot notation may need to be changed (e.g., from `x.smul_apply` to `smul_apply x`).
warning: BoussinesqBlowup/D/TheoremR.lean:188:8: `ContinuousLinearMap.add_apply` has been deprecated: Use `add_apply` instead

Note: The updated constant is in a different namespace. Dot notation may need to be changed (e.g., from `x.add_apply` to `add_apply x`).
warning: BoussinesqBlowup/D/TheoremR.lean:188:39: `ContinuousLinearMap.sum_apply` has been deprecated: Use `_root_.sum_apply` instead

Note: The updated constant is in a different namespace. Dot notation may need to be changed (e.g., from `x.sum_apply` to `_root_.sum_apply x`).
warning: BoussinesqBlowup/D/TheoremR.lean:189:6: `ContinuousLinearMap.smul_apply` has been deprecated: Use `smul_apply` instead

Note: The updated constant is in a different namespace. Dot notation may need to be changed (e.g., from `x.smul_apply` to `smul_apply x`).
warning: BoussinesqBlowup/D/TheoremR.lean:196:8: `ContinuousLinearMap.add_apply` has been deprecated: Use `add_apply` instead

Note: The updated constant is in a different namespace. Dot notation may need to be changed (e.g., from `x.add_apply` to `add_apply x`).
warning: BoussinesqBlowup/D/TheoremR.lean:196:39: `ContinuousLinearMap.sum_apply` has been deprecated: Use `_root_.sum_apply` instead

Note: The updated constant is in a different namespace. Dot notation may need to be changed (e.g., from `x.sum_apply` to `_root_.sum_apply x`).
warning: BoussinesqBlowup/D/TheoremR.lean:197:6: `ContinuousLinearMap.smul_apply` has been deprecated: Use `smul_apply` instead

Note: The updated constant is in a different namespace. Dot notation may need to be changed (e.g., from `x.smul_apply` to `smul_apply x`).
warning: BoussinesqBlowup/D/TheoremR.lean:260:55: Variable name `hab` is not explicitly referenced.

The binding can be removed (if unused) or named `_` (if used implicitly).

Note: This linter can be disabled with `set_option linter.unusedVariables false`
warning: BoussinesqBlowup/D/TheoremR.lean:408:49: Variable name `hab` is not explicitly referenced.

The binding can be removed (if unused) or named `_` (if used implicitly).

Note: This linter can be disabled with `set_option linter.unusedVariables false`
warning: BoussinesqBlowup/D/TheoremR.lean:530:90: this tactic is never executed

Note: This linter can be disabled with `set_option linter.unreachableTactic false`
warning: BoussinesqBlowup/D/TheoremR.lean:530:90: 'ring' tactic does nothing

Note: This linter can be disabled with `set_option linter.unusedTactic false`
warning: BoussinesqBlowup/D/TheoremR.lean:931:6: `push_neg` has been deprecated. Prefer using `push Not` instead.
If you'd rather continue using `push_neg` in your project, you can implement it as follows:
```
open Lean.Parser.Tactic in
macro "push_neg" cfg:optConfig loc:(location)? : tactic =>
  `(tactic| push $cfg:optConfig Not $[$loc]?)
```
warning: BoussinesqBlowup/D/TheoremR.lean:882:5: Variable name `hψk` is not explicitly referenced.

The binding can be removed (if unused) or named `_` (if used implicitly).

Note: This linter can be disabled with `set_option linter.unusedVariables false`
warning: BoussinesqBlowup/D/TheoremR.lean:883:5: Variable name `hint` is not explicitly referenced.

The binding can be removed (if unused) or named `_` (if used implicitly).

Note: This linter can be disabled with `set_option linter.unusedVariables false`
warning: BoussinesqBlowup/D/TheoremR.lean:996:31: `ContinuousLinearMap.sub_apply` has been deprecated: Use `sub_apply` instead

Note: The updated constant is in a different namespace. Dot notation may need to be changed (e.g., from `x.sub_apply` to `sub_apply x`).
warning: BoussinesqBlowup/D/TheoremR.lean:1116:6: `push_neg` has been deprecated. Prefer using `push Not` instead.
If you'd rather continue using `push_neg` in your project, you can implement it as follows:
```
open Lean.Parser.Tactic in
macro "push_neg" cfg:optConfig loc:(location)? : tactic =>
  `(tactic| push $cfg:optConfig Not $[$loc]?)
```
warning: BoussinesqBlowup/D/TheoremR.lean:1123:6: `push_neg` has been deprecated. Prefer using `push Not` instead.
If you'd rather continue using `push_neg` in your project, you can implement it as follows:
```
open Lean.Parser.Tactic in
macro "push_neg" cfg:optConfig loc:(location)? : tactic =>
  `(tactic| push $cfg:optConfig Not $[$loc]?)
```
warning: BoussinesqBlowup/D/TheoremR.lean:1046:63: Variable name `hκ` is not explicitly referenced.

The binding can be removed (if unused) or named `_` (if used implicitly).

Note: This linter can be disabled with `set_option linter.unusedVariables false`
warning: BoussinesqBlowup/D/TheoremR.lean:1132:80: Variable name `htk` is not explicitly referenced.

The binding can be removed (if unused) or named `_` (if used implicitly).

Note: This linter can be disabled with `set_option linter.unusedVariables false`
warning: BoussinesqBlowup/D/TheoremR.lean:1290:4: `push_neg` has been deprecated. Prefer using `push Not` instead.
If you'd rather continue using `push_neg` in your project, you can implement it as follows:
```
open Lean.Parser.Tactic in
macro "push_neg" cfg:optConfig loc:(location)? : tactic =>
  `(tactic| push $cfg:optConfig Not $[$loc]?)
```
warning: BoussinesqBlowup/D/TheoremR.lean:1732:89: Variable name `hB` is not explicitly referenced.

The binding can be removed (if unused) or named `_` (if used implicitly).

Note: This linter can be disabled with `set_option linter.unusedVariables false`
warning: BoussinesqBlowup/D/TheoremR.lean:1947:8: `ContinuousLinearMap.add_apply` has been deprecated: Use `add_apply` instead

Note: The updated constant is in a different namespace. Dot notation may need to be changed (e.g., from `x.add_apply` to `add_apply x`).
warning: BoussinesqBlowup/D/TheoremR.lean:1978:8: `ContinuousLinearMap.add_apply` has been deprecated: Use `add_apply` instead

Note: The updated constant is in a different namespace. Dot notation may need to be changed (e.g., from `x.add_apply` to `add_apply x`).
warning: BoussinesqBlowup/D/TheoremR.lean:1982:8: `ContinuousLinearMap.add_apply` has been deprecated: Use `add_apply` instead

Note: The updated constant is in a different namespace. Dot notation may need to be changed (e.g., from `x.add_apply` to `add_apply x`).
warning: BoussinesqBlowup/D/TheoremR.lean:1982:39: `ContinuousLinearMap.add_apply` has been deprecated: Use `add_apply` instead

Note: The updated constant is in a different namespace. Dot notation may need to be changed (e.g., from `x.add_apply` to `add_apply x`).
warning: BoussinesqBlowup/D/TheoremR.lean:1996:23: `ContinuousLinearMap.smul_apply` has been deprecated: Use `smul_apply` instead

Note: The updated constant is in a different namespace. Dot notation may need to be changed (e.g., from `x.smul_apply` to `smul_apply x`).
warning: BoussinesqBlowup/D/TheoremR.lean:1996:55: `ContinuousLinearMap.add_apply` has been deprecated: Use `add_apply` instead

Note: The updated constant is in a different namespace. Dot notation may need to be changed (e.g., from `x.add_apply` to `add_apply x`).
warning: BoussinesqBlowup/D/TheoremR.lean:1997:6: `ContinuousLinearMap.sub_apply` has been deprecated: Use `sub_apply` instead

Note: The updated constant is in a different namespace. Dot notation may need to be changed (e.g., from `x.sub_apply` to `sub_apply x`).
warning: BoussinesqBlowup/D/TheoremR.lean:2001:19: `ContinuousLinearMap.smul_apply` has been deprecated: Use `smul_apply` instead

Note: The updated constant is in a different namespace. Dot notation may need to be changed (e.g., from `x.smul_apply` to `smul_apply x`).
warning: BoussinesqBlowup/D/TheoremR.lean:2001:51: `ContinuousLinearMap.add_apply` has been deprecated: Use `add_apply` instead

Note: The updated constant is in a different namespace. Dot notation may need to be changed (e.g., from `x.add_apply` to `add_apply x`).
warning: BoussinesqBlowup/D/TheoremR.lean:2007:19: `ContinuousLinearMap.smul_apply` has been deprecated: Use `smul_apply` instead

Note: The updated constant is in a different namespace. Dot notation may need to be changed (e.g., from `x.smul_apply` to `smul_apply x`).
warning: BoussinesqBlowup/D/TheoremR.lean:2007:51: `ContinuousLinearMap.sub_apply` has been deprecated: Use `sub_apply` instead

Note: The updated constant is in a different namespace. Dot notation may need to be changed (e.g., from `x.sub_apply` to `sub_apply x`).
warning: BoussinesqBlowup/D/TheoremR.lean:2105:61: Variable name `hm` is not explicitly referenced.

The binding can be removed (if unused) or named `_` (if used implicitly).

Note: This linter can be disabled with `set_option linter.unusedVariables false`
warning: BoussinesqBlowup/D/TheoremR.lean:2256:4: `continuousOn_finset_sum` has been deprecated: Use `continuousOn_finsetSum` instead
warning: BoussinesqBlowup/D/TheoremR.lean:2219:54: Variable name `hm` is not explicitly referenced.

The binding can be removed (if unused) or named `_` (if used implicitly).

Note: This linter can be disabled with `set_option linter.unusedVariables false`
warning: BoussinesqBlowup/D/TheoremR.lean:2283:37: Variable name `hxi` is not explicitly referenced.

The binding can be removed (if unused) or named `_` (if used implicitly).

Note: This linter can be disabled with `set_option linter.unusedVariables false`
warning: BoussinesqBlowup/D/TheoremR.lean:2551:14: this tactic is never executed

Note: This linter can be disabled with `set_option linter.unreachableTactic false`
warning: BoussinesqBlowup/D/TheoremR.lean:2551:4: 'all_goals rfl' tactic does nothing

Note: This linter can be disabled with `set_option linter.unusedTactic false`
warning: BoussinesqBlowup/D/TheoremR.lean:2609:2: `push_neg` has been deprecated. Prefer using `push Not` instead.
If you'd rather continue using `push_neg` in your project, you can implement it as follows:
```
open Lean.Parser.Tactic in
macro "push_neg" cfg:optConfig loc:(location)? : tactic =>
  `(tactic| push $cfg:optConfig Not $[$loc]?)
```
warning: BoussinesqBlowup/D/TheoremR.lean:2952:4: `push_neg` has been deprecated. Prefer using `push Not` instead.
If you'd rather continue using `push_neg` in your project, you can implement it as follows:
```
open Lean.Parser.Tactic in
macro "push_neg" cfg:optConfig loc:(location)? : tactic =>
  `(tactic| push $cfg:optConfig Not $[$loc]?)
```
warning: BoussinesqBlowup/D/TheoremR.lean:3271:4: `push_neg` has been deprecated. Prefer using `push Not` instead.
If you'd rather continue using `push_neg` in your project, you can implement it as follows:
```
open Lean.Parser.Tactic in
macro "push_neg" cfg:optConfig loc:(location)? : tactic =>
  `(tactic| push $cfg:optConfig Not $[$loc]?)
```
warning: BoussinesqBlowup/D/TheoremR.lean:4438:6: `push_neg` has been deprecated. Prefer using `push Not` instead.
If you'd rather continue using `push_neg` in your project, you can implement it as follows:
```
open Lean.Parser.Tactic in
macro "push_neg" cfg:optConfig loc:(location)? : tactic =>
  `(tactic| push $cfg:optConfig Not $[$loc]?)
```
warning: BoussinesqBlowup/D/TheoremR.lean:5690:4: `push_neg` has been deprecated. Prefer using `push Not` instead.
If you'd rather continue using `push_neg` in your project, you can implement it as follows:
```
open Lean.Parser.Tactic in
macro "push_neg" cfg:optConfig loc:(location)? : tactic =>
  `(tactic| push $cfg:optConfig Not $[$loc]?)
```
warning: BoussinesqBlowup/D/TheoremR.lean:5805:11: `continuousOn_finset_sum` has been deprecated: Use `continuousOn_finsetSum` instead
warning: BoussinesqBlowup/D/TheoremR.lean:6254:8: `ContinuousLinearMap.sub_apply` has been deprecated: Use `sub_apply` instead

Note: The updated constant is in a different namespace. Dot notation may need to be changed (e.g., from `x.sub_apply` to `sub_apply x`).
warning: BoussinesqBlowup/D/TheoremR.lean:6627:4: `push_neg` has been deprecated. Prefer using `push Not` instead.
If you'd rather continue using `push_neg` in your project, you can implement it as follows:
```
open Lean.Parser.Tactic in
macro "push_neg" cfg:optConfig loc:(location)? : tactic =>
  `(tactic| push $cfg:optConfig Not $[$loc]?)
```
warning: BoussinesqBlowup/D/TheoremR.lean:6649:63: Variable name `hB` is not explicitly referenced.

The binding can be removed (if unused) or named `_` (if used implicitly).

Note: This linter can be disabled with `set_option linter.unusedVariables false`
warning: BoussinesqBlowup/D/TheoremR.lean:6713:4: `push_neg` has been deprecated. Prefer using `push Not` instead.
If you'd rather continue using `push_neg` in your project, you can implement it as follows:
```
open Lean.Parser.Tactic in
macro "push_neg" cfg:optConfig loc:(location)? : tactic =>
  `(tactic| push $cfg:optConfig Not $[$loc]?)
```
⚠ [8792/10108] Replayed BoussinesqBlowup.S6.WindowKit
warning: BoussinesqBlowup/S6/WindowKit.lean:23:58: Variable name `hv` is not explicitly referenced.

The binding can be removed (if unused) or named `_` (if used implicitly).

Note: This linter can be disabled with `set_option linter.unusedVariables false`
warning: BoussinesqBlowup/S6/WindowKit.lean:64:40: `ContinuousLinearMap.smul_apply` has been deprecated: Use `smul_apply` instead

Note: The updated constant is in a different namespace. Dot notation may need to be changed (e.g., from `x.smul_apply` to `smul_apply x`).
warning: BoussinesqBlowup/S6/WindowKit.lean:69:40: `ContinuousLinearMap.smul_apply` has been deprecated: Use `smul_apply` instead

Note: The updated constant is in a different namespace. Dot notation may need to be changed (e.g., from `x.smul_apply` to `smul_apply x`).
warning: BoussinesqBlowup/S6/WindowKit.lean:87:2: `push_neg` has been deprecated. Prefer using `push Not` instead.
If you'd rather continue using `push_neg` in your project, you can implement it as follows:
```
open Lean.Parser.Tactic in
macro "push_neg" cfg:optConfig loc:(location)? : tactic =>
  `(tactic| push $cfg:optConfig Not $[$loc]?)
```
warning: BoussinesqBlowup/S6/WindowKit.lean:99:4: `push_neg` has been deprecated. Prefer using `push Not` instead.
If you'd rather continue using `push_neg` in your project, you can implement it as follows:
```
open Lean.Parser.Tactic in
macro "push_neg" cfg:optConfig loc:(location)? : tactic =>
  `(tactic| push $cfg:optConfig Not $[$loc]?)
```
warning: BoussinesqBlowup/S6/WindowKit.lean:198:24: `ContinuousLinearMap.add_apply` has been deprecated: Use `add_apply` instead

Note: The updated constant is in a different namespace. Dot notation may need to be changed (e.g., from `x.add_apply` to `add_apply x`).
warning: BoussinesqBlowup/S6/WindowKit.lean:157:28: Variable name `ht` is not explicitly referenced.

The binding can be removed (if unused) or named `_` (if used implicitly).

Note: This linter can be disabled with `set_option linter.unusedVariables false`
warning: BoussinesqBlowup/S6/WindowKit.lean:166:5: Variable name `ha` is not explicitly referenced.

The binding can be removed (if unused) or named `_` (if used implicitly).

Note: This linter can be disabled with `set_option linter.unusedVariables false`
warning: BoussinesqBlowup/S6/WindowKit.lean:336:53: Variable name `hε0` is not explicitly referenced.

The binding can be removed (if unused) or named `_` (if used implicitly).

Note: This linter can be disabled with `set_option linter.unusedVariables false`
warning: BoussinesqBlowup/S6/WindowKit.lean:517:8: `ContinuousLinearMap.smul_apply` has been deprecated: Use `smul_apply` instead

Note: The updated constant is in a different namespace. Dot notation may need to be changed (e.g., from `x.smul_apply` to `smul_apply x`).
warning: BoussinesqBlowup/S6/WindowKit.lean:568:67: `ContinuousLinearMap.add_apply` has been deprecated: Use `add_apply` instead

Note: The updated constant is in a different namespace. Dot notation may need to be changed (e.g., from `x.add_apply` to `add_apply x`).
warning: BoussinesqBlowup/S6/WindowKit.lean:569:6: `ContinuousLinearMap.smul_apply` has been deprecated: Use `smul_apply` instead

Note: The updated constant is in a different namespace. Dot notation may need to be changed (e.g., from `x.smul_apply` to `smul_apply x`).
warning: BoussinesqBlowup/S6/WindowKit.lean:569:38: `ContinuousLinearMap.sum_apply` has been deprecated: Use `sum_apply` instead

Note: The updated constant is in a different namespace. Dot notation may need to be changed (e.g., from `x.sum_apply` to `sum_apply x`).
warning: BoussinesqBlowup/S6/WindowKit.lean:572:10: This simp argument is unused:
  mul_assoc

Hint: Omit it from the simp argument list.
  simp ̵[̵m̵u̵l̵_̵a̵s̵s̵o̵c̵]̵

Note: This linter can be disabled with `set_option linter.unusedSimpArgs false`
warning: BoussinesqBlowup/S6/WindowKit.lean:762:2: `push_neg` has been deprecated. Prefer using `push Not` instead.
If you'd rather continue using `push_neg` in your project, you can implement it as follows:
```
open Lean.Parser.Tactic in
macro "push_neg" cfg:optConfig loc:(location)? : tactic =>
  `(tactic| push $cfg:optConfig Not $[$loc]?)
```
warning: BoussinesqBlowup/S6/WindowKit.lean:912:36: `ContinuousLinearMap.add_apply` has been deprecated: Use `add_apply` instead

Note: The updated constant is in a different namespace. Dot notation may need to be changed (e.g., from `x.add_apply` to `add_apply x`).
warning: BoussinesqBlowup/S6/WindowKit.lean:914:29: `ContinuousLinearMap.add_apply` has been deprecated: Use `add_apply` instead

Note: The updated constant is in a different namespace. Dot notation may need to be changed (e.g., from `x.add_apply` to `add_apply x`).
⚠ [8793/10108] Replayed BoussinesqBlowup.S6.Landing
warning: BoussinesqBlowup/S6/Landing.lean:119:91: Variable name `hB'` is not explicitly referenced.

The binding can be removed (if unused) or named `_` (if used implicitly).

Note: This linter can be disabled with `set_option linter.unusedVariables false`
warning: BoussinesqBlowup/S6/Landing.lean:437:4: `push_neg` has been deprecated. Prefer using `push Not` instead.
If you'd rather continue using `push_neg` in your project, you can implement it as follows:
```
open Lean.Parser.Tactic in
macro "push_neg" cfg:optConfig loc:(location)? : tactic =>
  `(tactic| push $cfg:optConfig Not $[$loc]?)
```
warning: BoussinesqBlowup/S6/Landing.lean:484:4: `push_neg` has been deprecated. Prefer using `push Not` instead.
If you'd rather continue using `push_neg` in your project, you can implement it as follows:
```
open Lean.Parser.Tactic in
macro "push_neg" cfg:optConfig loc:(location)? : tactic =>
  `(tactic| push $cfg:optConfig Not $[$loc]?)
```
warning: BoussinesqBlowup/S6/Landing.lean:415:5: Variable name `hsv` is not explicitly referenced.

The binding can be removed (if unused) or named `_` (if used implicitly).

Note: This linter can be disabled with `set_option linter.unusedVariables false`
warning: BoussinesqBlowup/S6/Landing.lean:614:27: 'ring' tactic does nothing

Note: This linter can be disabled with `set_option linter.unusedTactic false`
warning: BoussinesqBlowup/S6/Landing.lean:683:37: 'ring' tactic does nothing

Note: This linter can be disabled with `set_option linter.unusedTactic false`
warning: BoussinesqBlowup/S6/Landing.lean:935:2: `push_neg` has been deprecated. Prefer using `push Not` instead.
If you'd rather continue using `push_neg` in your project, you can implement it as follows:
```
open Lean.Parser.Tactic in
macro "push_neg" cfg:optConfig loc:(location)? : tactic =>
  `(tactic| push $cfg:optConfig Not $[$loc]?)
```
warning: BoussinesqBlowup/S6/Landing.lean:983:20: `push_neg` has been deprecated. Prefer using `push Not` instead.
If you'd rather continue using `push_neg` in your project, you can implement it as follows:
```
open Lean.Parser.Tactic in
macro "push_neg" cfg:optConfig loc:(location)? : tactic =>
  `(tactic| push $cfg:optConfig Not $[$loc]?)
```
warning: BoussinesqBlowup/S6/Landing.lean:1037:5: Variable name `hS` is not explicitly referenced.

The binding can be removed (if unused) or named `_` (if used implicitly).

Note: This linter can be disabled with `set_option linter.unusedVariables false`
warning: BoussinesqBlowup/S6/Landing.lean:1181:17: This simp argument is unused:
  id

Hint: Omit it from the simp argument list.
  simp only [i̵d̵,̵ ̵mul_one]

Note: This linter can be disabled with `set_option linter.unusedSimpArgs false`
warning: BoussinesqBlowup/S6/Landing.lean:1196:35: This simp argument is unused:
  pow_one

Hint: Omit it from the simp argument list.
  simp only [id, Nat.cast_ofNat, p̵o̵w̵_̵o̵n̵e̵,̵ ̵mul_one]

Note: This linter can be disabled with `set_option linter.unusedSimpArgs false`
warning: BoussinesqBlowup/S6/Landing.lean:1407:37: 'ring' tactic does nothing

Note: This linter can be disabled with `set_option linter.unusedTactic false`
warning: BoussinesqBlowup/S6/Landing.lean:1481:52: Variable name `hΦ0` is not explicitly referenced.

The binding can be removed (if unused) or named `_` (if used implicitly).

Note: This linter can be disabled with `set_option linter.unusedVariables false`
warning: BoussinesqBlowup/S6/Landing.lean:2097:4: `push_neg` has been deprecated. Prefer using `push Not` instead.
If you'd rather continue using `push_neg` in your project, you can implement it as follows:
```
open Lean.Parser.Tactic in
macro "push_neg" cfg:optConfig loc:(location)? : tactic =>
  `(tactic| push $cfg:optConfig Not $[$loc]?)
```
warning: BoussinesqBlowup/S6/Landing.lean:2042:5: Variable name `hB'` is not explicitly referenced.

The binding can be removed (if unused) or named `_` (if used implicitly).

Note: This linter can be disabled with `set_option linter.unusedVariables false`
warning: BoussinesqBlowup/S6/Landing.lean:2042:23: Variable name `habs` is not explicitly referenced.

The binding can be removed (if unused) or named `_` (if used implicitly).

Note: This linter can be disabled with `set_option linter.unusedVariables false`
warning: BoussinesqBlowup/S6/Landing.lean:2044:5: Variable name `hψ₀` is not explicitly referenced.

The binding can be removed (if unused) or named `_` (if used implicitly).

Note: This linter can be disabled with `set_option linter.unusedVariables false`
warning: BoussinesqBlowup/S6/Landing.lean:2044:33: Variable name `hκ` is not explicitly referenced.

The binding can be removed (if unused) or named `_` (if used implicitly).

Note: This linter can be disabled with `set_option linter.unusedVariables false`
warning: BoussinesqBlowup/S6/Landing.lean:2045:5: Variable name `hlevel` is not explicitly referenced.

The binding can be removed (if unused) or named `_` (if used implicitly).

Note: This linter can be disabled with `set_option linter.unusedVariables false`
warning: BoussinesqBlowup/S6/Landing.lean:2230:40: `ContinuousLinearMap.smul_apply` has been deprecated: Use `smul_apply` instead

Note: The updated constant is in a different namespace. Dot notation may need to be changed (e.g., from `x.smul_apply` to `smul_apply x`).
warning: BoussinesqBlowup/S6/Landing.lean:2239:40: `ContinuousLinearMap.smul_apply` has been deprecated: Use `smul_apply` instead

Note: The updated constant is in a different namespace. Dot notation may need to be changed (e.g., from `x.smul_apply` to `smul_apply x`).
warning: BoussinesqBlowup/S6/Landing.lean:2186:96: Variable name `hκ` is not explicitly referenced.

The binding can be removed (if unused) or named `_` (if used implicitly).

Note: This linter can be disabled with `set_option linter.unusedVariables false`
warning: BoussinesqBlowup/S6/Landing.lean:2187:90: Variable name `hwf` is not explicitly referenced.

The binding can be removed (if unused) or named `_` (if used implicitly).

Note: This linter can be disabled with `set_option linter.unusedVariables false`
warning: BoussinesqBlowup/S6/Landing.lean:2188:5: Variable name `hA4` is not explicitly referenced.

The binding can be removed (if unused) or named `_` (if used implicitly).

Note: This linter can be disabled with `set_option linter.unusedVariables false`
warning: BoussinesqBlowup/S6/Landing.lean:2277:101: Variable name `hm` is not explicitly referenced.

The binding can be removed (if unused) or named `_` (if used implicitly).

Note: This linter can be disabled with `set_option linter.unusedVariables false`
warning: BoussinesqBlowup/S6/Landing.lean:2309:57: Variable name `hab` is not explicitly referenced.

The binding can be removed (if unused) or named `_` (if used implicitly).

Note: This linter can be disabled with `set_option linter.unusedVariables false`
warning: BoussinesqBlowup/S6/Landing.lean:2333:5: Variable name `hκ` is not explicitly referenced.

The binding can be removed (if unused) or named `_` (if used implicitly).

Note: This linter can be disabled with `set_option linter.unusedVariables false`
warning: BoussinesqBlowup/S6/Landing.lean:2337:5: Variable name `hA4k` is not explicitly referenced.

The binding can be removed (if unused) or named `_` (if used implicitly).

Note: This linter can be disabled with `set_option linter.unusedVariables false`
warning: BoussinesqBlowup/S6/Landing.lean:2337:30: Variable name `hA4c` is not explicitly referenced.

The binding can be removed (if unused) or named `_` (if used implicitly).

Note: This linter can be disabled with `set_option linter.unusedVariables false`
warning: BoussinesqBlowup/S6/Landing.lean:2636:47: `ContinuousLinearMap.sub_apply` has been deprecated: Use `sub_apply` instead

Note: The updated constant is in a different namespace. Dot notation may need to be changed (e.g., from `x.sub_apply` to `sub_apply x`).
warning: BoussinesqBlowup/S6/Landing.lean:2873:17: `ContinuousLinearMap.add_apply` has been deprecated: Use `add_apply` instead

Note: The updated constant is in a different namespace. Dot notation may need to be changed (e.g., from `x.add_apply` to `add_apply x`).
warning: BoussinesqBlowup/S6/Landing.lean:2873:48: `ContinuousLinearMap.smul_apply` has been deprecated: Use `smul_apply` instead

Note: The updated constant is in a different namespace. Dot notation may need to be changed (e.g., from `x.smul_apply` to `smul_apply x`).
warning: BoussinesqBlowup/S6/Landing.lean:2878:17: `ContinuousLinearMap.add_apply` has been deprecated: Use `add_apply` instead

Note: The updated constant is in a different namespace. Dot notation may need to be changed (e.g., from `x.add_apply` to `add_apply x`).
warning: BoussinesqBlowup/S6/Landing.lean:2878:48: `ContinuousLinearMap.smul_apply` has been deprecated: Use `smul_apply` instead

Note: The updated constant is in a different namespace. Dot notation may need to be changed (e.g., from `x.smul_apply` to `smul_apply x`).
warning: BoussinesqBlowup/S6/Landing.lean:2897:69: `ContinuousLinearMap.add_apply` has been deprecated: Use `add_apply` instead

Note: The updated constant is in a different namespace. Dot notation may need to be changed (e.g., from `x.add_apply` to `add_apply x`).
warning: BoussinesqBlowup/S6/Landing.lean:2898:8: `ContinuousLinearMap.smul_apply` has been deprecated: Use `smul_apply` instead

Note: The updated constant is in a different namespace. Dot notation may need to be changed (e.g., from `x.smul_apply` to `smul_apply x`).
warning: BoussinesqBlowup/S6/Landing.lean:2898:40: `ContinuousLinearMap.sum_apply` has been deprecated: Use `sum_apply` instead

Note: The updated constant is in a different namespace. Dot notation may need to be changed (e.g., from `x.sum_apply` to `sum_apply x`).
warning: BoussinesqBlowup/S6/Landing.lean:2903:18: `ContinuousLinearMap.add_apply` has been deprecated: Use `add_apply` instead

Note: The updated constant is in a different namespace. Dot notation may need to be changed (e.g., from `x.add_apply` to `add_apply x`).
warning: BoussinesqBlowup/S6/Landing.lean:2874:8: This simp argument is unused:
  inner_smul_right

Hint: Omit it from the simp argument list.
  simp only [ContinuousLinearMap.add_apply, ContinuousLinearMap.smul_apply, hP'a,
  ̲  ̲ ̲ ̲ ̲ ̲ ̲ ̲inner_add_right, i̵n̵n̵e̵r̵_̵s̵m̵u̵l̵_̵r̵i̵g̵h̵t̵,̵ ̵hûp, zero_smul, smul_zero, inner_zero_right]

Note: This linter can be disabled with `set_option linter.unusedSimpArgs false`
warning: BoussinesqBlowup/S6/Landing.lean:2879:8: This simp argument is unused:
  inner_smul_right

Hint: Omit it from the simp argument list.
  simp only [ContinuousLinearMap.add_apply, ContinuousLinearMap.smul_apply, hP'a,
  ̲  ̲ ̲ ̲ ̲ ̲ ̲ ̲inner_add_right, i̵n̵n̵e̵r̵_̵s̵m̵u̵l̵_̵r̵i̵g̵h̵t̵,̵ ̵hûp, zero_smul, smul_zero, inner_zero_right]

Note: This linter can be disabled with `set_option linter.unusedSimpArgs false`
warning: BoussinesqBlowup/S6/Landing.lean:2899:54: This simp argument is unused:
  smul_eq_mul

Hint: Omit it from the simp argument list.
  simp only [D.TowerData.DM, D.TowerData.OmegaS, classMGradient, ContinuousLinearMap.add_apply,
          ContinuousLinearMap.smul_apply, ContinuousLinearMap.sum_apply,
  ̲  ̲ ̲ ̲ ̲ ̲ ̲ ̲reduced_dressed_prefix_aux_eps23_P, hJop,
  ̵  ̵ ̵ ̵ ̵ ̵ ̵ ̵inner_add_right, inner_smul_right, inner_sum,̵ ̵s̵m̵u̵l̵_̵e̵q̵_̵m̵u̵l̵]

Note: This linter can be disabled with `set_option linter.unusedSimpArgs false`
warning: BoussinesqBlowup/S6/Landing.lean:3225:47: `ContinuousLinearMap.sub_apply` has been deprecated: Use `sub_apply` instead

Note: The updated constant is in a different namespace. Dot notation may need to be changed (e.g., from `x.sub_apply` to `sub_apply x`).
warning: BoussinesqBlowup/S6/Landing.lean:3230:57: Variable name `hab` is not explicitly referenced.

The binding can be removed (if unused) or named `_` (if used implicitly).

Note: This linter can be disabled with `set_option linter.unusedVariables false`
warning: BoussinesqBlowup/S6/Landing.lean:3514:17: `ContinuousLinearMap.add_apply` has been deprecated: Use `add_apply` instead

Note: The updated constant is in a different namespace. Dot notation may need to be changed (e.g., from `x.add_apply` to `add_apply x`).
warning: BoussinesqBlowup/S6/Landing.lean:3514:48: `ContinuousLinearMap.smul_apply` has been deprecated: Use `smul_apply` instead

Note: The updated constant is in a different namespace. Dot notation may need to be changed (e.g., from `x.smul_apply` to `smul_apply x`).
warning: BoussinesqBlowup/S6/Landing.lean:3519:17: `ContinuousLinearMap.add_apply` has been deprecated: Use `add_apply` instead

Note: The updated constant is in a different namespace. Dot notation may need to be changed (e.g., from `x.add_apply` to `add_apply x`).
warning: BoussinesqBlowup/S6/Landing.lean:3519:48: `ContinuousLinearMap.smul_apply` has been deprecated: Use `smul_apply` instead

Note: The updated constant is in a different namespace. Dot notation may need to be changed (e.g., from `x.smul_apply` to `smul_apply x`).
warning: BoussinesqBlowup/S6/Landing.lean:3540:69: `ContinuousLinearMap.add_apply` has been deprecated: Use `add_apply` instead

Note: The updated constant is in a different namespace. Dot notation may need to be changed (e.g., from `x.add_apply` to `add_apply x`).
warning: BoussinesqBlowup/S6/Landing.lean:3541:8: `ContinuousLinearMap.smul_apply` has been deprecated: Use `smul_apply` instead

Note: The updated constant is in a different namespace. Dot notation may need to be changed (e.g., from `x.smul_apply` to `smul_apply x`).
warning: BoussinesqBlowup/S6/Landing.lean:3541:40: `ContinuousLinearMap.sum_apply` has been deprecated: Use `sum_apply` instead

Note: The updated constant is in a different namespace. Dot notation may need to be changed (e.g., from `x.sum_apply` to `sum_apply x`).
warning: BoussinesqBlowup/S6/Landing.lean:3584:17: `ContinuousLinearMap.add_apply` has been deprecated: Use `add_apply` instead

Note: The updated constant is in a different namespace. Dot notation may need to be changed (e.g., from `x.add_apply` to `add_apply x`).
warning: BoussinesqBlowup/S6/Landing.lean:3661:17: `ContinuousLinearMap.add_apply` has been deprecated: Use `add_apply` instead

Note: The updated constant is in a different namespace. Dot notation may need to be changed (e.g., from `x.add_apply` to `add_apply x`).
warning: BoussinesqBlowup/S6/Landing.lean:3542:54: This simp argument is unused:
  smul_eq_mul

Hint: Omit it from the simp argument list.
  simp only [D.TowerData.DM, D.TowerData.OmegaS, classMGradient, ContinuousLinearMap.add_apply,
          ContinuousLinearMap.smul_apply, ContinuousLinearMap.sum_apply,
  ̲  ̲ ̲ ̲ ̲ ̲ ̲ ̲reduced_dressed_prefix_aux_sweep_P, hJop,
  ̵  ̵ ̵ ̵ ̵ ̵ ̵ ̵inner_add_right, inner_smul_right, inner_sum,̵ ̵s̵m̵u̵l̵_̵e̵q̵_̵m̵u̵l̵]

Note: This linter can be disabled with `set_option linter.unusedSimpArgs false`
warning: BoussinesqBlowup/S6/Landing.lean:4124:100: Variable name `hwfc` is not explicitly referenced.

The binding can be removed (if unused) or named `_` (if used implicitly).

Note: This linter can be disabled with `set_option linter.unusedVariables false`
warning: BoussinesqBlowup/S6/Landing.lean:4231:47: Variable name `T` is not explicitly referenced.

The binding can be removed (if unused) or named `_` (if used implicitly).

Note: This linter can be disabled with `set_option linter.unusedVariables false`
warning: BoussinesqBlowup/S6/Landing.lean:4672:40: `ContinuousLinearMap.smul_apply` has been deprecated: Use `smul_apply` instead

Note: The updated constant is in a different namespace. Dot notation may need to be changed (e.g., from `x.smul_apply` to `smul_apply x`).
warning: BoussinesqBlowup/S6/Landing.lean:4681:40: `ContinuousLinearMap.smul_apply` has been deprecated: Use `smul_apply` instead

Note: The updated constant is in a different namespace. Dot notation may need to be changed (e.g., from `x.smul_apply` to `smul_apply x`).
warning: BoussinesqBlowup/S6/Landing.lean:4628:89: Variable name `hκ` is not explicitly referenced.

The binding can be removed (if unused) or named `_` (if used implicitly).

Note: This linter can be disabled with `set_option linter.unusedVariables false`
warning: BoussinesqBlowup/S6/Landing.lean:4629:90: Variable name `hwf` is not explicitly referenced.

The binding can be removed (if unused) or named `_` (if used implicitly).

Note: This linter can be disabled with `set_option linter.unusedVariables false`
warning: BoussinesqBlowup/S6/Landing.lean:4630:5: Variable name `hA4` is not explicitly referenced.

The binding can be removed (if unused) or named `_` (if used implicitly).

Note: This linter can be disabled with `set_option linter.unusedVariables false`
warning: BoussinesqBlowup/S6/Landing.lean:4695:35: Variable name `hϖ` is not explicitly referenced.

The binding can be removed (if unused) or named `_` (if used implicitly).

Note: This linter can be disabled with `set_option linter.unusedVariables false`
warning: BoussinesqBlowup/S6/Landing.lean:4891:5: Variable name `hS` is not explicitly referenced.

The binding can be removed (if unused) or named `_` (if used implicitly).

Note: This linter can be disabled with `set_option linter.unusedVariables false`
warning: BoussinesqBlowup/S6/Landing.lean:4893:40: Variable name `hzero` is not explicitly referenced.

The binding can be removed (if unused) or named `_` (if used implicitly).

Note: This linter can be disabled with `set_option linter.unusedVariables false`
warning: BoussinesqBlowup/S6/Landing.lean:4894:5: Variable name `hfirst` is not explicitly referenced.

The binding can be removed (if unused) or named `_` (if used implicitly).

Note: This linter can be disabled with `set_option linter.unusedVariables false`
warning: BoussinesqBlowup/S6/Landing.lean:4895:5: Variable name `hW` is not explicitly referenced.

The binding can be removed (if unused) or named `_` (if used implicitly).

Note: This linter can be disabled with `set_option linter.unusedVariables false`
warning: BoussinesqBlowup/S6/Landing.lean:4905:5: Variable name `hσv` is not explicitly referenced.

The binding can be removed (if unused) or named `_` (if used implicitly).

Note: This linter can be disabled with `set_option linter.unusedVariables false`
warning: BoussinesqBlowup/S6/Landing.lean:5474:5: Variable name `heps` is not explicitly referenced.

The binding can be removed (if unused) or named `_` (if used implicitly).

Note: This linter can be disabled with `set_option linter.unusedVariables false`
⚠ [8794/10108] Replayed BoussinesqBlowup.S6.Window
warning: BoussinesqBlowup/S6/Window.lean:38:58: Variable name `hv` is not explicitly referenced.

The binding can be removed (if unused) or named `_` (if used implicitly).

Note: This linter can be disabled with `set_option linter.unusedVariables false`
warning: BoussinesqBlowup/S6/Window.lean:79:40: `ContinuousLinearMap.smul_apply` has been deprecated: Use `smul_apply` instead

Note: The updated constant is in a different namespace. Dot notation may need to be changed (e.g., from `x.smul_apply` to `smul_apply x`).
warning: BoussinesqBlowup/S6/Window.lean:84:40: `ContinuousLinearMap.smul_apply` has been deprecated: Use `smul_apply` instead

Note: The updated constant is in a different namespace. Dot notation may need to be changed (e.g., from `x.smul_apply` to `smul_apply x`).
warning: BoussinesqBlowup/S6/Window.lean:92:5: Variable name `habs10` is not explicitly referenced.

The binding can be removed (if unused) or named `_` (if used implicitly).

Note: This linter can be disabled with `set_option linter.unusedVariables false`
warning: BoussinesqBlowup/S6/Window.lean:283:40: `ContinuousLinearMap.smul_apply` has been deprecated: Use `smul_apply` instead

Note: The updated constant is in a different namespace. Dot notation may need to be changed (e.g., from `x.smul_apply` to `smul_apply x`).
warning: BoussinesqBlowup/S6/Window.lean:290:40: `ContinuousLinearMap.smul_apply` has been deprecated: Use `smul_apply` instead

Note: The updated constant is in a different namespace. Dot notation may need to be changed (e.g., from `x.smul_apply` to `smul_apply x`).
warning: BoussinesqBlowup/S6/Window.lean:322:2: `push_neg` has been deprecated. Prefer using `push Not` instead.
If you'd rather continue using `push_neg` in your project, you can implement it as follows:
```
open Lean.Parser.Tactic in
macro "push_neg" cfg:optConfig loc:(location)? : tactic =>
  `(tactic| push $cfg:optConfig Not $[$loc]?)
```
warning: BoussinesqBlowup/S6/Window.lean:334:4: `push_neg` has been deprecated. Prefer using `push Not` instead.
If you'd rather continue using `push_neg` in your project, you can implement it as follows:
```
open Lean.Parser.Tactic in
macro "push_neg" cfg:optConfig loc:(location)? : tactic =>
  `(tactic| push $cfg:optConfig Not $[$loc]?)
```
warning: BoussinesqBlowup/S6/Window.lean:433:24: `ContinuousLinearMap.add_apply` has been deprecated: Use `add_apply` instead

Note: The updated constant is in a different namespace. Dot notation may need to be changed (e.g., from `x.add_apply` to `add_apply x`).
warning: BoussinesqBlowup/S6/Window.lean:392:28: Variable name `ht` is not explicitly referenced.

The binding can be removed (if unused) or named `_` (if used implicitly).

Note: This linter can be disabled with `set_option linter.unusedVariables false`
warning: BoussinesqBlowup/S6/Window.lean:401:5: Variable name `ha` is not explicitly referenced.

The binding can be removed (if unused) or named `_` (if used implicitly).

Note: This linter can be disabled with `set_option linter.unusedVariables false`
warning: BoussinesqBlowup/S6/Window.lean:571:53: Variable name `hε0` is not explicitly referenced.

The binding can be removed (if unused) or named `_` (if used implicitly).

Note: This linter can be disabled with `set_option linter.unusedVariables false`
warning: BoussinesqBlowup/S6/Window.lean:752:8: `ContinuousLinearMap.smul_apply` has been deprecated: Use `smul_apply` instead

Note: The updated constant is in a different namespace. Dot notation may need to be changed (e.g., from `x.smul_apply` to `smul_apply x`).
warning: BoussinesqBlowup/S6/Window.lean:803:67: `ContinuousLinearMap.add_apply` has been deprecated: Use `add_apply` instead

Note: The updated constant is in a different namespace. Dot notation may need to be changed (e.g., from `x.add_apply` to `add_apply x`).
warning: BoussinesqBlowup/S6/Window.lean:804:6: `ContinuousLinearMap.smul_apply` has been deprecated: Use `smul_apply` instead

Note: The updated constant is in a different namespace. Dot notation may need to be changed (e.g., from `x.smul_apply` to `smul_apply x`).
warning: BoussinesqBlowup/S6/Window.lean:804:38: `ContinuousLinearMap.sum_apply` has been deprecated: Use `sum_apply` instead

Note: The updated constant is in a different namespace. Dot notation may need to be changed (e.g., from `x.sum_apply` to `sum_apply x`).
warning: BoussinesqBlowup/S6/Window.lean:807:10: This simp argument is unused:
  mul_assoc

Hint: Omit it from the simp argument list.
  simp ̵[̵m̵u̵l̵_̵a̵s̵s̵o̵c̵]̵

Note: This linter can be disabled with `set_option linter.unusedSimpArgs false`
warning: BoussinesqBlowup/S6/Window.lean:1009:2: `push_neg` has been deprecated. Prefer using `push Not` instead.
If you'd rather continue using `push_neg` in your project, you can implement it as follows:
```
open Lean.Parser.Tactic in
macro "push_neg" cfg:optConfig loc:(location)? : tactic =>
  `(tactic| push $cfg:optConfig Not $[$loc]?)
```
warning: BoussinesqBlowup/S6/Window.lean:1143:51: Variable name `hB'` is not explicitly referenced.

The binding can be removed (if unused) or named `_` (if used implicitly).

Note: This linter can be disabled with `set_option linter.unusedVariables false`
warning: BoussinesqBlowup/S6/Window.lean:1145:5: Variable name `hwf` is not explicitly referenced.

The binding can be removed (if unused) or named `_` (if used implicitly).

Note: This linter can be disabled with `set_option linter.unusedVariables false`
warning: BoussinesqBlowup/S6/Window.lean:1413:36: `ContinuousLinearMap.add_apply` has been deprecated: Use `add_apply` instead

Note: The updated constant is in a different namespace. Dot notation may need to be changed (e.g., from `x.add_apply` to `add_apply x`).
warning: BoussinesqBlowup/S6/Window.lean:1415:29: `ContinuousLinearMap.add_apply` has been deprecated: Use `add_apply` instead

Note: The updated constant is in a different namespace. Dot notation may need to be changed (e.g., from `x.add_apply` to `add_apply x`).
warning: BoussinesqBlowup/S6/Window.lean:1442:80: Variable name `hZ2` is not explicitly referenced.

The binding can be removed (if unused) or named `_` (if used implicitly).

Note: This linter can be disabled with `set_option linter.unusedVariables false`
warning: BoussinesqBlowup/S6/Window.lean:2001:17: `ContinuousLinearMap.sub_apply` has been deprecated: Use `sub_apply` instead

Note: The updated constant is in a different namespace. Dot notation may need to be changed (e.g., from `x.sub_apply` to `sub_apply x`).
warning: BoussinesqBlowup/S6/Window.lean:2051:17: `ContinuousLinearMap.sub_apply` has been deprecated: Use `sub_apply` instead

Note: The updated constant is in a different namespace. Dot notation may need to be changed (e.g., from `x.sub_apply` to `sub_apply x`).
⚠ [8795/10108] Replayed BoussinesqBlowup.S6.ControlSmooth
warning: BoussinesqBlowup/S6/ControlSmooth.lean:22:50: `EuclideanSpace.single_apply` has been deprecated: Use `PiLp.single_apply` instead

Note: The updated constant has a different type:
  ∀ (p : ENNReal) (𝕜 : Type u_1) {ι : Type u_2} [inst : DecidableEq ι] [inst_1 : Zero 𝕜] (i : ι) (a : 𝕜) (j : ι),
    (PiLp.single p i a).ofLp j = if j = i then a else 0
instead of
  ∀ {ι : Type u_1} {𝕜 : Type u_3} [inst : RCLike 𝕜] [inst_1 : DecidableEq ι] (i : ι) (a : 𝕜) (j : ι),
    (EuclideanSpace.single i a).ofLp j = if j = i then a else 0

Note: The updated constant is in a different namespace. Dot notation may need to be changed (e.g., from `x.single_apply` to `PiLp.single_apply x`).
warning: BoussinesqBlowup/S6/ControlSmooth.lean:22:50: `EuclideanSpace.single_apply` has been deprecated: Use `PiLp.single_apply` instead

Note: The updated constant has a different type:
  ∀ (p : ENNReal) (𝕜 : Type u_1) {ι : Type u_2} [inst : DecidableEq ι] [inst_1 : Zero 𝕜] (i : ι) (a : 𝕜) (j : ι),
    (PiLp.single p i a).ofLp j = if j = i then a else 0
instead of
  ∀ {ι : Type u_1} {𝕜 : Type u_3} [inst : RCLike 𝕜] [inst_1 : DecidableEq ι] (i : ι) (a : 𝕜) (j : ι),
    (EuclideanSpace.single i a).ofLp j = if j = i then a else 0

Note: The updated constant is in a different namespace. Dot notation may need to be changed (e.g., from `x.single_apply` to `PiLp.single_apply x`).
warning: BoussinesqBlowup/S6/ControlSmooth.lean:22:50: This simp argument is unused:
  EuclideanSpace.single_apply

Hint: Omit it from the simp argument list.
  simp [perp, BoussinesqBlowup.e,̵ ̵E̵u̵c̵l̵i̵d̵e̵a̵n̵S̵p̵a̵c̵e̵.̵s̵i̵n̵g̵l̵e̵_̵a̵p̵p̵l̵y̵]

Note: This linter can be disabled with `set_option linter.unusedSimpArgs false`
warning: BoussinesqBlowup/S6/ControlSmooth.lean:347:4: `push_neg` has been deprecated. Prefer using `push Not` instead.
If you'd rather continue using `push_neg` in your project, you can implement it as follows:
```
open Lean.Parser.Tactic in
macro "push_neg" cfg:optConfig loc:(location)? : tactic =>
  `(tactic| push $cfg:optConfig Not $[$loc]?)
```
warning: BoussinesqBlowup/S6/ControlSmooth.lean:336:5: Variable name `hk0` is not explicitly referenced.

The binding can be removed (if unused) or named `_` (if used implicitly).

Note: This linter can be disabled with `set_option linter.unusedVariables false`
warning: BoussinesqBlowup/S6/ControlSmooth.lean:336:23: Variable name `hτ` is not explicitly referenced.

The binding can be removed (if unused) or named `_` (if used implicitly).

Note: This linter can be disabled with `set_option linter.unusedVariables false`
⚠ [8796/10108] Replayed BoussinesqBlowup.L.RawRecipe
warning: BoussinesqBlowup/L/RawRecipe.lean:82:37: Variable name `N` is not explicitly referenced.

The binding can be removed (if unused) or named `_` (if used implicitly).

Note: This linter can be disabled with `set_option linter.unusedVariables false`
warning: BoussinesqBlowup/L/RawRecipe.lean:99:37: Variable name `N` is not explicitly referenced.

The binding can be removed (if unused) or named `_` (if used implicitly).

Note: This linter can be disabled with `set_option linter.unusedVariables false`
warning: BoussinesqBlowup/L/RawRecipe.lean:108:28: Variable name `N` is not explicitly referenced.

The binding can be removed (if unused) or named `_` (if used implicitly).

Note: This linter can be disabled with `set_option linter.unusedVariables false`
⚠ [8798/10108] Replayed BoussinesqBlowup.L.KinematicsLip
warning: BoussinesqBlowup/L/KinematicsLip.lean:43:52: `ContinuousLinearMap.neg_apply` has been deprecated: Use `neg_apply` instead

Note: The updated constant is in a different namespace. Dot notation may need to be changed (e.g., from `x.neg_apply` to `neg_apply x`).
warning: BoussinesqBlowup/L/KinematicsLip.lean:55:75: Variable name `hx` is not explicitly referenced.

The binding can be removed (if unused) or named `_` (if used implicitly).

Note: This linter can be disabled with `set_option linter.unusedVariables false`
warning: BoussinesqBlowup/L/KinematicsLip.lean:86:6: `ContinuousLinearMap.sub_apply` has been deprecated: Use `sub_apply` instead

Note: The updated constant is in a different namespace. Dot notation may need to be changed (e.g., from `x.sub_apply` to `sub_apply x`).
warning: BoussinesqBlowup/L/KinematicsLip.lean:97:24: `ContinuousLinearMap.sub_apply` has been deprecated: Use `sub_apply` instead

Note: The updated constant is in a different namespace. Dot notation may need to be changed (e.g., from `x.sub_apply` to `sub_apply x`).
warning: BoussinesqBlowup/L/KinematicsLip.lean:71:5: Variable name `hA₁` is not explicitly referenced.

The binding can be removed (if unused) or named `_` (if used implicitly).

Note: This linter can be disabled with `set_option linter.unusedVariables false`
warning: BoussinesqBlowup/L/KinematicsLip.lean:71:41: Variable name `hA₂` is not explicitly referenced.

The binding can be removed (if unused) or named `_` (if used implicitly).

Note: This linter can be disabled with `set_option linter.unusedVariables false`
warning: BoussinesqBlowup/L/KinematicsLip.lean:372:11: `continuousOn_finset_sum` has been deprecated: Use `continuousOn_finsetSum` instead
warning: BoussinesqBlowup/L/KinematicsLip.lean:372:48: `continuousOn_finset_sum` has been deprecated: Use `continuousOn_finsetSum` instead
warning: BoussinesqBlowup/L/KinematicsLip.lean:374:11: `continuousOn_finset_sum` has been deprecated: Use `continuousOn_finsetSum` instead
warning: BoussinesqBlowup/L/KinematicsLip.lean:374:48: `continuousOn_finset_sum` has been deprecated: Use `continuousOn_finsetSum` instead
warning: BoussinesqBlowup/L/KinematicsLip.lean:467:35: Used `tac1 <;> tac2` where `(tac1; tac2)` would suffice

Note: This linter can be disabled with `set_option linter.unnecessarySeqFocus false`
warning: BoussinesqBlowup/L/KinematicsLip.lean:632:29: `ContinuousLinearMap.mul_apply` has been deprecated: Use `mul_apply_eq_comp` instead

Note: The updated constant is in a different namespace. Dot notation may need to be changed (e.g., from `x.mul_apply` to `mul_apply_eq_comp x`).
warning: BoussinesqBlowup/L/KinematicsLip.lean:632:75: `ContinuousLinearMap.one_apply` has been deprecated: Use `one_apply_eq_self` instead

Note: The updated constant is in a different namespace. Dot notation may need to be changed (e.g., from `x.one_apply` to `one_apply_eq_self x`).
⚠ [8799/10108] Replayed BoussinesqBlowup.L.RecipeReg
warning: BoussinesqBlowup/L/RecipeReg.lean:280:26: `EuclideanSpace.norm_single` has been deprecated: Use `PiLp.norm_single` instead

Note: The updated constant has a different type:
  ∀ (p : ℝ≥0∞) {ι : Type u_2} (β : ι → Type u_4) [hp : Fact (1 ≤ p)] [inst : Fintype ι]
    [inst_1 : (i : ι) → SeminormedAddCommGroup (β i)] [inst_2 : DecidableEq ι] (i : ι) (b : β i),
    ‖PiLp.single p i b‖ = ‖b‖
instead of
  ∀ {ι : Type u_1} {𝕜 : Type u_3} [inst : RCLike 𝕜] [inst_1 : DecidableEq ι] [inst_2 : Fintype ι] (i : ι) (a : 𝕜),
    ‖EuclideanSpace.single i a‖ = ‖a‖

Note: The updated constant is in a different namespace. Dot notation may need to be changed (e.g., from `x.norm_single` to `PiLp.norm_single x`).
warning: BoussinesqBlowup/L/RecipeReg.lean:280:26: This simp argument is unused:
  EuclideanSpace.norm_single

Hint: Omit it from the simp argument list.
  simp [norm_smul, e,̵ ̵E̵u̵c̵l̵i̵d̵e̵a̵n̵S̵p̵a̵c̵e̵.̵n̵o̵r̵m̵_̵s̵i̵n̵g̵l̵e̵]

Note: This linter can be disabled with `set_option linter.unusedSimpArgs false`
⚠ [8800/10108] Replayed BoussinesqBlowup.L.RecipeRegOps
warning: BoussinesqBlowup/L/RecipeRegOps.lean:547:81: Variable name `hα` is not explicitly referenced.

The binding can be removed (if unused) or named `_` (if used implicitly).

Note: This linter can be disabled with `set_option linter.unusedVariables false`
warning: BoussinesqBlowup/L/RecipeRegOps.lean:574:5: Variable name `hα` is not explicitly referenced.

The binding can be removed (if unused) or named `_` (if used implicitly).

Note: This linter can be disabled with `set_option linter.unusedVariables false`
warning: BoussinesqBlowup/L/RecipeRegOps.lean:574:18: Variable name `hαd` is not explicitly referenced.

The binding can be removed (if unused) or named `_` (if used implicitly).

Note: This linter can be disabled with `set_option linter.unusedVariables false`
warning: BoussinesqBlowup/L/RecipeRegOps.lean:575:33: Variable name `hw₂` is not explicitly referenced.

The binding can be removed (if unused) or named `_` (if used implicitly).

Note: This linter can be disabled with `set_option linter.unusedVariables false`
warning: BoussinesqBlowup/L/RecipeRegOps.lean:577:5: Variable name `hs₁th` is not explicitly referenced.

The binding can be removed (if unused) or named `_` (if used implicitly).

Note: This linter can be disabled with `set_option linter.unusedVariables false`
warning: BoussinesqBlowup/L/RecipeRegOps.lean:577:36: Variable name `hs₁om` is not explicitly referenced.

The binding can be removed (if unused) or named `_` (if used implicitly).

Note: This linter can be disabled with `set_option linter.unusedVariables false`
warning: BoussinesqBlowup/L/RecipeRegOps.lean:1715:33: Used `tac1 <;> tac2` where `(tac1; tac2)` would suffice

Note: This linter can be disabled with `set_option linter.unnecessarySeqFocus false`
warning: BoussinesqBlowup/L/RecipeRegOps.lean:2220:7: Variable name `x` is not explicitly referenced.

The binding can be removed (if unused) or named `_` (if used implicitly).

Note: This linter can be disabled with `set_option linter.unusedVariables false`
warning: BoussinesqBlowup/L/RecipeRegOps.lean:2221:8: Variable name `x` is not explicitly referenced.

The binding can be removed (if unused) or named `_` (if used implicitly).

Note: This linter can be disabled with `set_option linter.unusedVariables false`
⚠ [8801/10108] Replayed BoussinesqBlowup.L.RecipeRegDuhamel
warning: BoussinesqBlowup/L/RecipeRegDuhamel.lean:368:15: `ContinuousLinearMap.sub_apply` has been deprecated: Use `sub_apply` instead

Note: The updated constant is in a different namespace. Dot notation may need to be changed (e.g., from `x.sub_apply` to `sub_apply x`).
warning: BoussinesqBlowup/L/RecipeRegDuhamel.lean:536:60: Variable name `z` is not explicitly referenced.

The binding can be removed (if unused) or named `_` (if used implicitly).

Note: This linter can be disabled with `set_option linter.unusedVariables false`
⚠ [8802/10108] Replayed BoussinesqBlowup.L.RecipeRegFt
warning: BoussinesqBlowup/L/RecipeRegFt.lean:73:4: `push_neg` has been deprecated. Prefer using `push Not` instead.
If you'd rather continue using `push_neg` in your project, you can implement it as follows:
```
open Lean.Parser.Tactic in
macro "push_neg" cfg:optConfig loc:(location)? : tactic =>
  `(tactic| push $cfg:optConfig Not $[$loc]?)
```
warning: BoussinesqBlowup/L/RecipeRegFt.lean:88:4: `push_neg` has been deprecated. Prefer using `push Not` instead.
If you'd rather continue using `push_neg` in your project, you can implement it as follows:
```
open Lean.Parser.Tactic in
macro "push_neg" cfg:optConfig loc:(location)? : tactic =>
  `(tactic| push $cfg:optConfig Not $[$loc]?)
```
warning: BoussinesqBlowup/L/RecipeRegFt.lean:1913:22: Variable name `h` is not explicitly referenced.

The binding can be removed (if unused) or named `_` (if used implicitly).

Note: This linter can be disabled with `set_option linter.unusedVariables false`
warning: BoussinesqBlowup/L/RecipeRegFt.lean:2260:6: `push_neg` has been deprecated. Prefer using `push Not` instead.
If you'd rather continue using `push_neg` in your project, you can implement it as follows:
```
open Lean.Parser.Tactic in
macro "push_neg" cfg:optConfig loc:(location)? : tactic =>
  `(tactic| push $cfg:optConfig Not $[$loc]?)
```
warning: BoussinesqBlowup/L/RecipeRegFt.lean:2341:6: `push_neg` has been deprecated. Prefer using `push Not` instead.
If you'd rather continue using `push_neg` in your project, you can implement it as follows:
```
open Lean.Parser.Tactic in
macro "push_neg" cfg:optConfig loc:(location)? : tactic =>
  `(tactic| push $cfg:optConfig Not $[$loc]?)
```
⚠ [8804/10108] Replayed BoussinesqBlowup.L.RawCongr
warning: BoussinesqBlowup/L/RawCongr.lean:337:35: This simp argument is unused:
  hi

Hint: Omit it from the simp argument list.
  simp only [Raw.pieceFam, hi,̵ ̵h̵i̵2, hj0, if_true, if_false]

Note: This linter can be disabled with `set_option linter.unusedSimpArgs false`
warning: BoussinesqBlowup/L/RawCongr.lean:337:58: This simp argument is unused:
  if_false

Hint: Omit it from the simp argument list.
  simp only [Raw.pieceFam, hi, hi2, hj0, if_true,̵ ̵i̵f̵_̵f̵a̵l̵s̵e̵]

Note: This linter can be disabled with `set_option linter.unusedSimpArgs false`
warning: BoussinesqBlowup/L/RawCongr.lean:339:35: This simp argument is unused:
  hi

Hint: Omit it from the simp argument list.
  simp only [Raw.pieceFam, hi,̵ ̵h̵i̵2, hj0, if_true, if_false]

Note: This linter can be disabled with `set_option linter.unusedSimpArgs false`
warning: BoussinesqBlowup/L/RawCongr.lean:339:58: This simp argument is unused:
  if_false

Hint: Omit it from the simp argument list.
  simp only [Raw.pieceFam, hi, hi2, hj0, if_true,̵ ̵i̵f̵_̵f̵a̵l̵s̵e̵]

Note: This linter can be disabled with `set_option linter.unusedSimpArgs false`
warning: BoussinesqBlowup/L/RawCongr.lean:345:35: This simp argument is unused:
  hi

Hint: Omit it from the simp argument list.
  simp only [Raw.pieceFam, hi,̵ ̵h̵i̵2, hj0, if_true, if_false]

Note: This linter can be disabled with `set_option linter.unusedSimpArgs false`
warning: BoussinesqBlowup/L/RawCongr.lean:348:35: This simp argument is unused:
  hi

Hint: Omit it from the simp argument list.
  simp only [Raw.pieceFam, hi,̵ ̵h̵i̵2, hj0, if_true, if_false]

Note: This linter can be disabled with `set_option linter.unusedSimpArgs false`
warning: BoussinesqBlowup/L/RawCongr.lean:618:41: Variable name `hfr` is not explicitly referenced.

The binding can be removed (if unused) or named `_` (if used implicitly).

Note: This linter can be disabled with `set_option linter.unusedVariables false`
warning: BoussinesqBlowup/L/RawCongr.lean:618:68: Variable name `hX` is not explicitly referenced.

The binding can be removed (if unused) or named `_` (if used implicitly).

Note: This linter can be disabled with `set_option linter.unusedVariables false`
⚠ [8805/10108] Replayed BoussinesqBlowup.L.Tower
warning: BoussinesqBlowup/L/Tower.lean:459:20: `ContinuousLinearMap.neg_apply` has been deprecated: Use `neg_apply` instead

Note: The updated constant is in a different namespace. Dot notation may need to be changed (e.g., from `x.neg_apply` to `neg_apply x`).
warning: BoussinesqBlowup/L/Tower.lean:701:9: `continuousOn_finset_sum` has been deprecated: Use `continuousOn_finsetSum` instead
warning: BoussinesqBlowup/L/Tower.lean:701:46: `continuousOn_finset_sum` has been deprecated: Use `continuousOn_finsetSum` instead
warning: BoussinesqBlowup/L/Tower.lean:704:62: Variable name `γ` is not explicitly referenced.

The binding can be removed (if unused) or named `_` (if used implicitly).

Note: This linter can be disabled with `set_option linter.unusedVariables false`
warning: BoussinesqBlowup/L/Tower.lean:1066:18: `ContinuousLinearMap.neg_apply` has been deprecated: Use `neg_apply` instead

Note: The updated constant is in a different namespace. Dot notation may need to be changed (e.g., from `x.neg_apply` to `neg_apply x`).
warning: BoussinesqBlowup/L/Tower.lean:1112:14: Used `tac1 <;> tac2` where `(tac1; tac2)` would suffice

Note: This linter can be disabled with `set_option linter.unnecessarySeqFocus false`
warning: BoussinesqBlowup/L/Tower.lean:1798:12: `ContinuousLinearMap.sub_apply` has been deprecated: Use `sub_apply` instead

Note: The updated constant is in a different namespace. Dot notation may need to be changed (e.g., from `x.sub_apply` to `sub_apply x`).
⚠ [8806/10108] Replayed BoussinesqBlowup.L.HistoryDict
warning: BoussinesqBlowup/L/HistoryDict.lean:54:62: Variable name `hT` is not explicitly referenced.

The binding can be removed (if unused) or named `_` (if used implicitly).

Note: This linter can be disabled with `set_option linter.unusedVariables false`
⚠ [8807/10108] Replayed BoussinesqBlowup.L.Parity
warning: BoussinesqBlowup/L/Parity.lean:421:11: `continuousOn_finset_sum` has been deprecated: Use `continuousOn_finsetSum` instead
warning: BoussinesqBlowup/L/Parity.lean:421:48: `continuousOn_finset_sum` has been deprecated: Use `continuousOn_finsetSum` instead
warning: BoussinesqBlowup/L/Parity.lean:422:6: `continuousOn_finset_sum` has been deprecated: Use `continuousOn_finsetSum` instead
warning: BoussinesqBlowup/L/Parity.lean:485:49: This simp argument is unused:
  smul_neg

Hint: Omit it from the simp argument list.
  simp only [PiLp.neg_apply, mul_neg, neg_add, s̵m̵u̵l̵_̵neg,̵ ̵n̵e̵g̵_smul, sub_neg_eq_add, neg_sub]

Note: This linter can be disabled with `set_option linter.unusedSimpArgs false`
warning: BoussinesqBlowup/L/Parity.lean:485:59: This simp argument is unused:
  neg_smul

Hint: Omit it from the simp argument list.
  simp only [PiLp.neg_apply, mul_neg, neg_add, smul_neg, n̵e̵g̵_̵sm̵ul̵,̵ ̵s̵u̵b_neg_eq_add, neg_sub]

Note: This linter can be disabled with `set_option linter.unusedSimpArgs false`
warning: BoussinesqBlowup/L/Parity.lean:485:85: This simp argument is unused:
  neg_sub

Hint: Omit it from the simp argument list.
  simp only [PiLp.neg_apply, mul_neg, neg_add, smul_neg, neg_smul, sub_neg_eq_add,̵ ̵n̵e̵g̵_̵s̵u̵b̵]

Note: This linter can be disabled with `set_option linter.unusedSimpArgs false`
warning: BoussinesqBlowup/L/Parity.lean:520:5: Variable name `hcont` is not explicitly referenced.

The binding can be removed (if unused) or named `_` (if used implicitly).

Note: This linter can be disabled with `set_option linter.unusedVariables false`
⚠ [8808/10108] Replayed BoussinesqBlowup.L.StageLaws
warning: BoussinesqBlowup/L/StageLaws.lean:156:38: `EuclideanSpace.single_apply` has been deprecated: Use `PiLp.single_apply` instead

Note: The updated constant has a different type:
  ∀ (p : ℝ≥0∞) (𝕜 : Type u_1) {ι : Type u_2} [inst : DecidableEq ι] [inst_1 : Zero 𝕜] (i : ι) (a : 𝕜) (j : ι),
    (PiLp.single p i a).ofLp j = if j = i then a else 0
instead of
  ∀ {ι : Type u_1} {𝕜 : Type u_3} [inst : RCLike 𝕜] [inst_1 : DecidableEq ι] (i : ι) (a : 𝕜) (j : ι),
    (EuclideanSpace.single i a).ofLp j = if j = i then a else 0

Note: The updated constant is in a different namespace. Dot notation may need to be changed (e.g., from `x.single_apply` to `PiLp.single_apply x`).
warning: BoussinesqBlowup/L/StageLaws.lean:156:38: This simp argument is unused:
  EuclideanSpace.single_apply

Hint: Omit it from the simp argument list.
  simp [Fin.sum_univ_two, dotProduct,̵ ̵E̵u̵c̵l̵i̵d̵e̵a̵n̵S̵p̵a̵c̵e̵.̵s̵i̵n̵g̵l̵e̵_̵a̵p̵p̵l̵y̵]

Note: This linter can be disabled with `set_option linter.unusedSimpArgs false`
warning: BoussinesqBlowup/L/StageLaws.lean:160:33: `EuclideanSpace.single_apply` has been deprecated: Use `PiLp.single_apply` instead

Note: The updated constant has a different type:
  ∀ (p : ℝ≥0∞) (𝕜 : Type u_1) {ι : Type u_2} [inst : DecidableEq ι] [inst_1 : Zero 𝕜] (i : ι) (a : 𝕜) (j : ι),
    (PiLp.single p i a).ofLp j = if j = i then a else 0
instead of
  ∀ {ι : Type u_1} {𝕜 : Type u_3} [inst : RCLike 𝕜] [inst_1 : DecidableEq ι] (i : ι) (a : 𝕜) (j : ι),
    (EuclideanSpace.single i a).ofLp j = if j = i then a else 0

Note: The updated constant is in a different namespace. Dot notation may need to be changed (e.g., from `x.single_apply` to `PiLp.single_apply x`).
warning: BoussinesqBlowup/L/StageLaws.lean:160:33: `EuclideanSpace.single_apply` has been deprecated: Use `PiLp.single_apply` instead

Note: The updated constant has a different type:
  ∀ (p : ℝ≥0∞) (𝕜 : Type u_1) {ι : Type u_2} [inst : DecidableEq ι] [inst_1 : Zero 𝕜] (i : ι) (a : 𝕜) (j : ι),
    (PiLp.single p i a).ofLp j = if j = i then a else 0
instead of
  ∀ {ι : Type u_1} {𝕜 : Type u_3} [inst : RCLike 𝕜] [inst_1 : DecidableEq ι] (i : ι) (a : 𝕜) (j : ι),
    (EuclideanSpace.single i a).ofLp j = if j = i then a else 0

Note: The updated constant is in a different namespace. Dot notation may need to be changed (e.g., from `x.single_apply` to `PiLp.single_apply x`).
warning: BoussinesqBlowup/L/StageLaws.lean:160:33: This simp argument is unused:
  EuclideanSpace.single_apply

Hint: Omit it from the simp argument list.
  simp [perp, e,̵ ̵E̵u̵c̵l̵i̵d̵e̵a̵n̵S̵p̵a̵c̵e̵.̵s̵i̵n̵g̵l̵e̵_̵a̵p̵p̵l̵y̵]

Note: This linter can be disabled with `set_option linter.unusedSimpArgs false`
warning: BoussinesqBlowup/L/StageLaws.lean:174:11: `EuclideanSpace.norm_single` has been deprecated: Use `PiLp.norm_single` instead

Note: The updated constant has a different type:
  ∀ (p : ℝ≥0∞) {ι : Type u_2} (β : ι → Type u_4) [hp : Fact (1 ≤ p)] [inst : Fintype ι]
    [inst_1 : (i : ι) → SeminormedAddCommGroup (β i)] [inst_2 : DecidableEq ι] (i : ι) (b : β i),
    ‖PiLp.single p i b‖ = ‖b‖
instead of
  ∀ {ι : Type u_1} {𝕜 : Type u_3} [inst : RCLike 𝕜] [inst_1 : DecidableEq ι] [inst_2 : Fintype ι] (i : ι) (a : 𝕜),
    ‖EuclideanSpace.single i a‖ = ‖a‖

Note: The updated constant is in a different namespace. Dot notation may need to be changed (e.g., from `x.norm_single` to `PiLp.norm_single x`).
warning: BoussinesqBlowup/L/StageLaws.lean:174:11: This simp argument is unused:
  EuclideanSpace.norm_single

Hint: Omit it from the simp argument list.
  simp [e,̵ ̵E̵u̵c̵l̵i̵d̵e̵a̵n̵S̵p̵a̵c̵e̵.̵n̵o̵r̵m̵_̵s̵i̵n̵g̵l̵e̵]

Note: This linter can be disabled with `set_option linter.unusedSimpArgs false`
warning: BoussinesqBlowup/L/StageLaws.lean:179:26: `EuclideanSpace.single_apply` has been deprecated: Use `PiLp.single_apply` instead

Note: The updated constant has a different type:
  ∀ (p : ℝ≥0∞) (𝕜 : Type u_1) {ι : Type u_2} [inst : DecidableEq ι] [inst_1 : Zero 𝕜] (i : ι) (a : 𝕜) (j : ι),
    (PiLp.single p i a).ofLp j = if j = i then a else 0
instead of
  ∀ {ι : Type u_1} {𝕜 : Type u_3} [inst : RCLike 𝕜] [inst_1 : DecidableEq ι] (i : ι) (a : 𝕜) (j : ι),
    (EuclideanSpace.single i a).ofLp j = if j = i then a else 0

Note: The updated constant is in a different namespace. Dot notation may need to be changed (e.g., from `x.single_apply` to `PiLp.single_apply x`).
warning: BoussinesqBlowup/L/StageLaws.lean:179:26: This simp argument is unused:
  EuclideanSpace.single_apply

Hint: Omit it from the simp argument list.
  simp [Fin.sum_univ_two,̵ ̵E̵u̵c̵l̵i̵d̵e̵a̵n̵S̵p̵a̵c̵e̵.̵s̵i̵n̵g̵l̵e̵_̵a̵p̵p̵l̵y̵]

Note: This linter can be disabled with `set_option linter.unusedSimpArgs false`
warning: BoussinesqBlowup/L/StageLaws.lean:188:15: This simp argument is unused:
  Finset.card_univ

Hint: Omit it from the simp argument list.
  simp only [̵F̵i̵n̵s̵e̵t̵.̵c̵a̵r̵d̵_̵u̵n̵i̵v̵,̵ ̵F̵i̵n̵t̵y̵p̵e̵.̵c̵a̵r̵d̵_̵f̵i̵n̵]̵[̲F̲i̲n̲t̲y̲p̲e̲.̲c̲a̲r̲d̲_̲f̲i̲n̲]̲ at this

Note: This linter can be disabled with `set_option linter.unusedSimpArgs false`
warning: BoussinesqBlowup/L/StageLaws.lean:385:33: `EuclideanSpace.single_apply` has been deprecated: Use `PiLp.single_apply` instead

Note: The updated constant has a different type:
  ∀ (p : ℝ≥0∞) (𝕜 : Type u_1) {ι : Type u_2} [inst : DecidableEq ι] [inst_1 : Zero 𝕜] (i : ι) (a : 𝕜) (j : ι),
    (PiLp.single p i a).ofLp j = if j = i then a else 0
instead of
  ∀ {ι : Type u_1} {𝕜 : Type u_3} [inst : RCLike 𝕜] [inst_1 : DecidableEq ι] (i : ι) (a : 𝕜) (j : ι),
    (EuclideanSpace.single i a).ofLp j = if j = i then a else 0

Note: The updated constant is in a different namespace. Dot notation may need to be changed (e.g., from `x.single_apply` to `PiLp.single_apply x`).
warning: BoussinesqBlowup/L/StageLaws.lean:385:33: `EuclideanSpace.single_apply` has been deprecated: Use `PiLp.single_apply` instead

Note: The updated constant has a different type:
  ∀ (p : ℝ≥0∞) (𝕜 : Type u_1) {ι : Type u_2} [inst : DecidableEq ι] [inst_1 : Zero 𝕜] (i : ι) (a : 𝕜) (j : ι),
    (PiLp.single p i a).ofLp j = if j = i then a else 0
instead of
  ∀ {ι : Type u_1} {𝕜 : Type u_3} [inst : RCLike 𝕜] [inst_1 : DecidableEq ι] (i : ι) (a : 𝕜) (j : ι),
    (EuclideanSpace.single i a).ofLp j = if j = i then a else 0

Note: The updated constant is in a different namespace. Dot notation may need to be changed (e.g., from `x.single_apply` to `PiLp.single_apply x`).
warning: BoussinesqBlowup/L/StageLaws.lean:385:33: This simp argument is unused:
  EuclideanSpace.single_apply

Hint: Omit it from the simp argument list.
  simp [perp, e,̵ ̵E̵u̵c̵l̵i̵d̵e̵a̵n̵S̵p̵a̵c̵e̵.̵s̵i̵n̵g̵l̵e̵_̵a̵p̵p̵l̵y̵]

Note: This linter can be disabled with `set_option linter.unusedSimpArgs false`
warning: BoussinesqBlowup/L/StageLaws.lean:385:62: Used `tac1 <;> tac2` where `(tac1; tac2)` would suffice

Note: This linter can be disabled with `set_option linter.unnecessarySeqFocus false`
warning: BoussinesqBlowup/L/StageLaws.lean:389:20: `EuclideanSpace.single_apply` has been deprecated: Use `PiLp.single_apply` instead

Note: The updated constant has a different type:
  ∀ (p : ℝ≥0∞) (𝕜 : Type u_1) {ι : Type u_2} [inst : DecidableEq ι] [inst_1 : Zero 𝕜] (i : ι) (a : 𝕜) (j : ι),
    (PiLp.single p i a).ofLp j = if j = i then a else 0
instead of
  ∀ {ι : Type u_1} {𝕜 : Type u_3} [inst : RCLike 𝕜] [inst_1 : DecidableEq ι] (i : ι) (a : 𝕜) (j : ι),
    (EuclideanSpace.single i a).ofLp j = if j = i then a else 0

Note: The updated constant is in a different namespace. Dot notation may need to be changed (e.g., from `x.single_apply` to `PiLp.single_apply x`).
warning: BoussinesqBlowup/L/StageLaws.lean:389:20: This simp argument is unused:
  EuclideanSpace.single_apply

Hint: Omit it from the simp argument list.
  simp [frameE2, e, E̵u̵c̵l̵i̵d̵e̵a̵n̵S̵p̵a̵c̵e̵.̵s̵i̵n̵g̵l̵e̵_̵a̵p̵p̵l̵y̵,̵ ̵Real.sin_sq_add_cos_sq]

Note: This linter can be disabled with `set_option linter.unusedSimpArgs false`
warning: BoussinesqBlowup/L/StageLaws.lean:397:20: `EuclideanSpace.single_apply` has been deprecated: Use `PiLp.single_apply` instead

Note: The updated constant has a different type:
  ∀ (p : ℝ≥0∞) (𝕜 : Type u_1) {ι : Type u_2} [inst : DecidableEq ι] [inst_1 : Zero 𝕜] (i : ι) (a : 𝕜) (j : ι),
    (PiLp.single p i a).ofLp j = if j = i then a else 0
instead of
  ∀ {ι : Type u_1} {𝕜 : Type u_3} [inst : RCLike 𝕜] [inst_1 : DecidableEq ι] (i : ι) (a : 𝕜) (j : ι),
    (EuclideanSpace.single i a).ofLp j = if j = i then a else 0

Note: The updated constant is in a different namespace. Dot notation may need to be changed (e.g., from `x.single_apply` to `PiLp.single_apply x`).
warning: BoussinesqBlowup/L/StageLaws.lean:397:20: This simp argument is unused:
  EuclideanSpace.single_apply

Hint: Omit it from the simp argument list.
  simp [frameE2, e,̵ ̵E̵u̵c̵l̵i̵d̵e̵a̵n̵S̵p̵a̵c̵e̵.̵s̵i̵n̵g̵l̵e̵_̵a̵p̵p̵l̵y̵]

Note: This linter can be disabled with `set_option linter.unusedSimpArgs false`
warning: BoussinesqBlowup/L/StageLaws.lean:446:45: This simp argument is unused:
  Finset.card_univ

Hint: Omit it from the simp argument list.
  simp only [̵F̵i̵n̵s̵e̵t̵.̵c̵a̵r̵d̵_̵u̵n̵i̵v̵,̵ ̵F̵i̵n̵t̵y̵p̵e̵.̵c̵a̵r̵d̵_̵f̵i̵n̵]̵[̲F̲i̲n̲t̲y̲p̲e̲.̲c̲a̲r̲d̲_̲f̲i̲n̲]̲ at this

Note: This linter can be disabled with `set_option linter.unusedSimpArgs false`
warning: BoussinesqBlowup/L/StageLaws.lean:449:87: Variable name `hRJ` is not explicitly referenced.

The binding can be removed (if unused) or named `_` (if used implicitly).

Note: This linter can be disabled with `set_option linter.unusedVariables false`
warning: BoussinesqBlowup/L/StageLaws.lean:1733:18: `EuclideanSpace.single_apply` has been deprecated: Use `PiLp.single_apply` instead

Note: The updated constant has a different type:
  ∀ (p : ℝ≥0∞) (𝕜 : Type u_1) {ι : Type u_2} [inst : DecidableEq ι] [inst_1 : Zero 𝕜] (i : ι) (a : 𝕜) (j : ι),
    (PiLp.single p i a).ofLp j = if j = i then a else 0
instead of
  ∀ {ι : Type u_1} {𝕜 : Type u_3} [inst : RCLike 𝕜] [inst_1 : DecidableEq ι] (i : ι) (a : 𝕜) (j : ι),
    (EuclideanSpace.single i a).ofLp j = if j = i then a else 0

Note: The updated constant is in a different namespace. Dot notation may need to be changed (e.g., from `x.single_apply` to `PiLp.single_apply x`).
warning: BoussinesqBlowup/L/StageLaws.lean:1733:18: `EuclideanSpace.single_apply` has been deprecated: Use `PiLp.single_apply` instead

Note: The updated constant has a different type:
  ∀ (p : ℝ≥0∞) (𝕜 : Type u_1) {ι : Type u_2} [inst : DecidableEq ι] [inst_1 : Zero 𝕜] (i : ι) (a : 𝕜) (j : ι),
    (PiLp.single p i a).ofLp j = if j = i then a else 0
instead of
  ∀ {ι : Type u_1} {𝕜 : Type u_3} [inst : RCLike 𝕜] [inst_1 : DecidableEq ι] (i : ι) (a : 𝕜) (j : ι),
    (EuclideanSpace.single i a).ofLp j = if j = i then a else 0

Note: The updated constant is in a different namespace. Dot notation may need to be changed (e.g., from `x.single_apply` to `PiLp.single_apply x`).
warning: BoussinesqBlowup/L/StageLaws.lean:1733:18: This simp argument is unused:
  EuclideanSpace.single_apply

Hint: Omit it from the simp argument list.
  simp [Cm24.Poly.linVec, Cm24.Poly.coeff, Cm24.jet, Cm24.mixedPartial, Cm24.iterPartial,
  ̲  ̲ ̲ ̲ ̲ ̲Cm24.partialDeriv, pd, e, Cm24.e, h̵M̵,̵ ̵E̵u̵c̵l̵i̵d̵e̵a̵n̵S̵p̵a̵c̵e̵.̵s̵i̵n̵g̵l̵e̵_̵a̵p̵p̵l̵y̵]̵h̲M̲]̲

Note: This linter can be disabled with `set_option linter.unusedSimpArgs false`
warning: BoussinesqBlowup/L/StageLaws.lean:1766:17: This simp argument is unused:
  Fin.val_mk

Hint: Omit it from the simp argument list.
  simp only [F̵i̵n̵.̵v̵a̵l̵_̵m̵k̵,̵ ̵Nat.sub_add_cancel hk1, max_eq_left hs']

Note: This linter can be disabled with `set_option linter.unusedSimpArgs false`
warning: BoussinesqBlowup/L/StageLaws.lean:1897:2: `push_neg` has been deprecated. Prefer using `push Not` instead.
If you'd rather continue using `push_neg` in your project, you can implement it as follows:
```
open Lean.Parser.Tactic in
macro "push_neg" cfg:optConfig loc:(location)? : tactic =>
  `(tactic| push $cfg:optConfig Not $[$loc]?)
```
warning: BoussinesqBlowup/L/StageLaws.lean:1916:17: `push_neg` has been deprecated. Prefer using `push Not` instead.
If you'd rather continue using `push_neg` in your project, you can implement it as follows:
```
open Lean.Parser.Tactic in
macro "push_neg" cfg:optConfig loc:(location)? : tactic =>
  `(tactic| push $cfg:optConfig Not $[$loc]?)
```
warning: BoussinesqBlowup/L/StageLaws.lean:2002:2: `push_neg` has been deprecated. Prefer using `push Not` instead.
If you'd rather continue using `push_neg` in your project, you can implement it as follows:
```
open Lean.Parser.Tactic in
macro "push_neg" cfg:optConfig loc:(location)? : tactic =>
  `(tactic| push $cfg:optConfig Not $[$loc]?)
```
warning: BoussinesqBlowup/L/StageLaws.lean:2179:14: `ContinuousLinearMap.sum_apply` has been deprecated: Use `sum_apply` instead

Note: The updated constant is in a different namespace. Dot notation may need to be changed (e.g., from `x.sum_apply` to `sum_apply x`).
warning: BoussinesqBlowup/L/StageLaws.lean:2179:14: This simp argument is unused:
  ContinuousLinearMap.sum_apply

Hint: Omit it from the simp argument list.
  simp [hJ v,̵ ̵C̵o̵n̵t̵i̵n̵u̵o̵u̵s̵L̵i̵n̵e̵a̵r̵M̵a̵p̵.̵s̵u̵m̵_̵a̵p̵p̵l̵y̵]

Note: This linter can be disabled with `set_option linter.unusedSimpArgs false`
warning: BoussinesqBlowup/L/StageLaws.lean:2210:5: Variable name `htInf` is not explicitly referenced.

The binding can be removed (if unused) or named `_` (if used implicitly).

Note: This linter can be disabled with `set_option linter.unusedVariables false`
warning: BoussinesqBlowup/L/StageLaws.lean:2989:14: `ContinuousLinearMap.sum_apply` has been deprecated: Use `sum_apply` instead

Note: The updated constant is in a different namespace. Dot notation may need to be changed (e.g., from `x.sum_apply` to `sum_apply x`).
warning: BoussinesqBlowup/L/StageLaws.lean:3270:66: `push_neg` has been deprecated. Prefer using `push Not` instead.
If you'd rather continue using `push_neg` in your project, you can implement it as follows:
```
open Lean.Parser.Tactic in
macro "push_neg" cfg:optConfig loc:(location)? : tactic =>
  `(tactic| push $cfg:optConfig Not $[$loc]?)
```
warning: BoussinesqBlowup/L/StageLaws.lean:3280:2: `push_neg` has been deprecated. Prefer using `push Not` instead.
If you'd rather continue using `push_neg` in your project, you can implement it as follows:
```
open Lean.Parser.Tactic in
macro "push_neg" cfg:optConfig loc:(location)? : tactic =>
  `(tactic| push $cfg:optConfig Not $[$loc]?)
```
warning: BoussinesqBlowup/L/StageLaws.lean:3350:44: `Set.right_mem_Iic` has been deprecated: Use `Set.self_mem_Iic` instead
warning: BoussinesqBlowup/L/StageLaws.lean:3355:4: `push_neg` has been deprecated. Prefer using `push Not` instead.
If you'd rather continue using `push_neg` in your project, you can implement it as follows:
```
open Lean.Parser.Tactic in
macro "push_neg" cfg:optConfig loc:(location)? : tactic =>
  `(tactic| push $cfg:optConfig Not $[$loc]?)
```
warning: BoussinesqBlowup/L/StageLaws.lean:3365:68: `push_neg` has been deprecated. Prefer using `push Not` instead.
If you'd rather continue using `push_neg` in your project, you can implement it as follows:
```
open Lean.Parser.Tactic in
macro "push_neg" cfg:optConfig loc:(location)? : tactic =>
  `(tactic| push $cfg:optConfig Not $[$loc]?)
```
warning: BoussinesqBlowup/L/StageLaws.lean:3396:62: Variable name `hroom` is not explicitly referenced.

The binding can be removed (if unused) or named `_` (if used implicitly).

Note: This linter can be disabled with `set_option linter.unusedVariables false`
warning: BoussinesqBlowup/L/StageLaws.lean:3444:8: This simp argument is unused:
  Fin.sum_univ_two

Hint: Omit it from the simp argument list.
  simp ̵[̵F̵i̵n̵.̵s̵u̵m̵_̵u̵n̵i̵v̵_̵t̵w̵o̵]̵

Note: This linter can be disabled with `set_option linter.unusedSimpArgs false`
warning: BoussinesqBlowup/L/StageLaws.lean:3496:44: `EuclideanSpace.single_apply` has been deprecated: Use `PiLp.single_apply` instead

Note: The updated constant has a different type:
  ∀ (p : ℝ≥0∞) (𝕜 : Type u_1) {ι : Type u_2} [inst : DecidableEq ι] [inst_1 : Zero 𝕜] (i : ι) (a : 𝕜) (j : ι),
    (PiLp.single p i a).ofLp j = if j = i then a else 0
instead of
  ∀ {ι : Type u_1} {𝕜 : Type u_3} [inst : RCLike 𝕜] [inst_1 : DecidableEq ι] (i : ι) (a : 𝕜) (j : ι),
    (EuclideanSpace.single i a).ofLp j = if j = i then a else 0

Note: The updated constant is in a different namespace. Dot notation may need to be changed (e.g., from `x.single_apply` to `PiLp.single_apply x`).
warning: BoussinesqBlowup/L/StageLaws.lean:3496:44: `EuclideanSpace.single_apply` has been deprecated: Use `PiLp.single_apply` instead

Note: The updated constant has a different type:
  ∀ (p : ℝ≥0∞) (𝕜 : Type u_1) {ι : Type u_2} [inst : DecidableEq ι] [inst_1 : Zero 𝕜] (i : ι) (a : 𝕜) (j : ι),
    (PiLp.single p i a).ofLp j = if j = i then a else 0
instead of
  ∀ {ι : Type u_1} {𝕜 : Type u_3} [inst : RCLike 𝕜] [inst_1 : DecidableEq ι] (i : ι) (a : 𝕜) (j : ι),
    (EuclideanSpace.single i a).ofLp j = if j = i then a else 0

Note: The updated constant is in a different namespace. Dot notation may need to be changed (e.g., from `x.single_apply` to `PiLp.single_apply x`).
warning: BoussinesqBlowup/L/StageLaws.lean:3496:44: This simp argument is unused:
  EuclideanSpace.single_apply

Hint: Omit it from the simp argument list.
  simp [perp, frameE2, e,̵ ̵E̵u̵c̵l̵i̵d̵e̵a̵n̵S̵p̵a̵c̵e̵.̵s̵i̵n̵g̵l̵e̵_̵a̵p̵p̵l̵y̵]

Note: This linter can be disabled with `set_option linter.unusedSimpArgs false`
warning: BoussinesqBlowup/L/StageLaws.lean:3512:29: `ContinuousLinearMap.add_apply` has been deprecated: Use `add_apply` instead

Note: The updated constant is in a different namespace. Dot notation may need to be changed (e.g., from `x.add_apply` to `add_apply x`).
warning: BoussinesqBlowup/L/StageLaws.lean:3512:60: `ContinuousLinearMap.neg_apply` has been deprecated: Use `neg_apply` instead

Note: The updated constant is in a different namespace. Dot notation may need to be changed (e.g., from `x.neg_apply` to `neg_apply x`).
warning: BoussinesqBlowup/L/StageLaws.lean:3538:17: `Fin.coe_castSucc` has been deprecated: Use `Fin.val_castSucc` instead
warning: BoussinesqBlowup/L/StageLaws.lean:3569:44: `ContinuousLinearMap.smul_apply` has been deprecated: Use `smul_apply` instead

Note: The updated constant is in a different namespace. Dot notation may need to be changed (e.g., from `x.smul_apply` to `smul_apply x`).
warning: BoussinesqBlowup/L/StageLaws.lean:3601:15: `ContinuousLinearMap.add_apply` has been deprecated: Use `add_apply` instead

Note: The updated constant is in a different namespace. Dot notation may need to be changed (e.g., from `x.add_apply` to `add_apply x`).
warning: BoussinesqBlowup/L/StageLaws.lean:3601:46: `ContinuousLinearMap.smul_apply` has been deprecated: Use `smul_apply` instead

Note: The updated constant is in a different namespace. Dot notation may need to be changed (e.g., from `x.smul_apply` to `smul_apply x`).
warning: BoussinesqBlowup/L/StageLaws.lean:3615:15: `ContinuousLinearMap.add_apply` has been deprecated: Use `add_apply` instead

Note: The updated constant is in a different namespace. Dot notation may need to be changed (e.g., from `x.add_apply` to `add_apply x`).
warning: BoussinesqBlowup/L/StageLaws.lean:3615:46: `ContinuousLinearMap.smul_apply` has been deprecated: Use `smul_apply` instead

Note: The updated constant is in a different namespace. Dot notation may need to be changed (e.g., from `x.smul_apply` to `smul_apply x`).
warning: BoussinesqBlowup/L/StageLaws.lean:3623:62: This simp argument is unused:
  ← hJdef

Hint: Omit it from the simp argument list.
  simp only [Cdot, max_eq_left (hlev t ht), ← hξdef, ← hηdef,̵ ̵←̵ ̵h̵J̵d̵e̵f̵]

Note: Simp arguments with `←` have the additional effect of removing the other direction from the simp set, even if the simp argument itself is unused. If the hint above does not work, try replacing `←` with `-` to only get that effect and silence this warning.

Note: This linter can be disabled with `set_option linter.unusedSimpArgs false`
warning: BoussinesqBlowup/L/StageLaws.lean:3681:81: Variable name `hX0` is not explicitly referenced.

The binding can be removed (if unused) or named `_` (if used implicitly).

Note: This linter can be disabled with `set_option linter.unusedVariables false`
info: BoussinesqBlowup/L/StageLaws.lean:3743:25: Try this:
  [apply] ring_nf
  
  The `ring` tactic failed to close the goal. Use `ring_nf` to obtain a normal form.
    
  Note that `ring` works primarily in *commutative* rings. If you have a noncommutative ring, abelian group or module, consider using `noncomm_ring`, `abel` or `module` instead.
warning: BoussinesqBlowup/L/StageLaws.lean:3773:88: Variable name `hX0` is not explicitly referenced.

The binding can be removed (if unused) or named `_` (if used implicitly).

Note: This linter can be disabled with `set_option linter.unusedVariables false`
warning: BoussinesqBlowup/L/StageLaws.lean:3914:19: `push_neg` has been deprecated. Prefer using `push Not` instead.
If you'd rather continue using `push_neg` in your project, you can implement it as follows:
```
open Lean.Parser.Tactic in
macro "push_neg" cfg:optConfig loc:(location)? : tactic =>
  `(tactic| push $cfg:optConfig Not $[$loc]?)
```
warning: BoussinesqBlowup/L/StageLaws.lean:3965:6: `push_neg` has been deprecated. Prefer using `push Not` instead.
If you'd rather continue using `push_neg` in your project, you can implement it as follows:
```
open Lean.Parser.Tactic in
macro "push_neg" cfg:optConfig loc:(location)? : tactic =>
  `(tactic| push $cfg:optConfig Not $[$loc]?)
```
warning: BoussinesqBlowup/L/StageLaws.lean:4036:6: `push_neg` has been deprecated. Prefer using `push Not` instead.
If you'd rather continue using `push_neg` in your project, you can implement it as follows:
```
open Lean.Parser.Tactic in
macro "push_neg" cfg:optConfig loc:(location)? : tactic =>
  `(tactic| push $cfg:optConfig Not $[$loc]?)
```
warning: BoussinesqBlowup/L/StageLaws.lean:3852:43: Variable name `hfirst` is not explicitly referenced.

The binding can be removed (if unused) or named `_` (if used implicitly).

Note: This linter can be disabled with `set_option linter.unusedVariables false`
warning: BoussinesqBlowup/L/StageLaws.lean:3858:5: Variable name `hCdot` is not explicitly referenced.

The binding can be removed (if unused) or named `_` (if used implicitly).

Note: This linter can be disabled with `set_option linter.unusedVariables false`
warning: BoussinesqBlowup/L/StageLaws.lean:3864:5: Variable name `hnocross` is not explicitly referenced.

The binding can be removed (if unused) or named `_` (if used implicitly).

Note: This linter can be disabled with `set_option linter.unusedVariables false`
warning: BoussinesqBlowup/L/StageLaws.lean:3868:5: Variable name `hnocrossEnd` is not explicitly referenced.

The binding can be removed (if unused) or named `_` (if used implicitly).

Note: This linter can be disabled with `set_option linter.unusedVariables false`
warning: BoussinesqBlowup/L/StageLaws.lean:3870:5: Variable name `hnoland` is not explicitly referenced.

The binding can be removed (if unused) or named `_` (if used implicitly).

Note: This linter can be disabled with `set_option linter.unusedVariables false`
info: BoussinesqBlowup/L/StageLaws.lean:4133:25: Try this:
  [apply] ring_nf
  
  The `ring` tactic failed to close the goal. Use `ring_nf` to obtain a normal form.
    
  Note that `ring` works primarily in *commutative* rings. If you have a noncommutative ring, abelian group or module, consider using `noncomm_ring`, `abel` or `module` instead.
warning: BoussinesqBlowup/L/StageLaws.lean:4310:8: `push_neg` has been deprecated. Prefer using `push Not` instead.
If you'd rather continue using `push_neg` in your project, you can implement it as follows:
```
open Lean.Parser.Tactic in
macro "push_neg" cfg:optConfig loc:(location)? : tactic =>
  `(tactic| push $cfg:optConfig Not $[$loc]?)
```
warning: BoussinesqBlowup/L/StageLaws.lean:4160:5: Variable name `hnoland` is not explicitly referenced.

The binding can be removed (if unused) or named `_` (if used implicitly).

Note: This linter can be disabled with `set_option linter.unusedVariables false`
warning: BoussinesqBlowup/L/StageLaws.lean:4586:19: `push_neg` has been deprecated. Prefer using `push Not` instead.
If you'd rather continue using `push_neg` in your project, you can implement it as follows:
```
open Lean.Parser.Tactic in
macro "push_neg" cfg:optConfig loc:(location)? : tactic =>
  `(tactic| push $cfg:optConfig Not $[$loc]?)
```
warning: BoussinesqBlowup/L/StageLaws.lean:4618:6: `push_neg` has been deprecated. Prefer using `push Not` instead.
If you'd rather continue using `push_neg` in your project, you can implement it as follows:
```
open Lean.Parser.Tactic in
macro "push_neg" cfg:optConfig loc:(location)? : tactic =>
  `(tactic| push $cfg:optConfig Not $[$loc]?)
```
warning: BoussinesqBlowup/L/StageLaws.lean:4691:6: `push_neg` has been deprecated. Prefer using `push Not` instead.
If you'd rather continue using `push_neg` in your project, you can implement it as follows:
```
open Lean.Parser.Tactic in
macro "push_neg" cfg:optConfig loc:(location)? : tactic =>
  `(tactic| push $cfg:optConfig Not $[$loc]?)
```
warning: BoussinesqBlowup/L/StageLaws.lean:4472:5: Variable name `hnoland` is not explicitly referenced.

The binding can be removed (if unused) or named `_` (if used implicitly).

Note: This linter can be disabled with `set_option linter.unusedVariables false`
warning: BoussinesqBlowup/L/StageLaws.lean:4891:4: `push_neg` has been deprecated. Prefer using `push Not` instead.
If you'd rather continue using `push_neg` in your project, you can implement it as follows:
```
open Lean.Parser.Tactic in
macro "push_neg" cfg:optConfig loc:(location)? : tactic =>
  `(tactic| push $cfg:optConfig Not $[$loc]?)
```
warning: BoussinesqBlowup/L/StageLaws.lean:4825:5: Variable name `hnoland` is not explicitly referenced.

The binding can be removed (if unused) or named `_` (if used implicitly).

Note: This linter can be disabled with `set_option linter.unusedVariables false`
warning: BoussinesqBlowup/L/StageLaws.lean:5148:4: `push_neg` has been deprecated. Prefer using `push Not` instead.
If you'd rather continue using `push_neg` in your project, you can implement it as follows:
```
open Lean.Parser.Tactic in
macro "push_neg" cfg:optConfig loc:(location)? : tactic =>
  `(tactic| push $cfg:optConfig Not $[$loc]?)
```
warning: BoussinesqBlowup/L/StageLaws.lean:5151:6: `push_neg` has been deprecated. Prefer using `push Not` instead.
If you'd rather continue using `push_neg` in your project, you can implement it as follows:
```
open Lean.Parser.Tactic in
macro "push_neg" cfg:optConfig loc:(location)? : tactic =>
  `(tactic| push $cfg:optConfig Not $[$loc]?)
```
⚠ [8809/10108] Replayed BoussinesqBlowup.S6.StepRecords
warning: BoussinesqBlowup/S6/StepRecords.lean:443:4: `push_neg` has been deprecated. Prefer using `push Not` instead.
If you'd rather continue using `push_neg` in your project, you can implement it as follows:
```
open Lean.Parser.Tactic in
macro "push_neg" cfg:optConfig loc:(location)? : tactic =>
  `(tactic| push $cfg:optConfig Not $[$loc]?)
```
warning: BoussinesqBlowup/S6/StepRecords.lean:454:6: `push_neg` has been deprecated. Prefer using `push Not` instead.
If you'd rather continue using `push_neg` in your project, you can implement it as follows:
```
open Lean.Parser.Tactic in
macro "push_neg" cfg:optConfig loc:(location)? : tactic =>
  `(tactic| push $cfg:optConfig Not $[$loc]?)
```
warning: BoussinesqBlowup/S6/StepRecords.lean:498:4: `push_neg` has been deprecated. Prefer using `push Not` instead.
If you'd rather continue using `push_neg` in your project, you can implement it as follows:
```
open Lean.Parser.Tactic in
macro "push_neg" cfg:optConfig loc:(location)? : tactic =>
  `(tactic| push $cfg:optConfig Not $[$loc]?)
```
warning: BoussinesqBlowup/S6/StepRecords.lean:508:6: `push_neg` has been deprecated. Prefer using `push Not` instead.
If you'd rather continue using `push_neg` in your project, you can implement it as follows:
```
open Lean.Parser.Tactic in
macro "push_neg" cfg:optConfig loc:(location)? : tactic =>
  `(tactic| push $cfg:optConfig Not $[$loc]?)
```
warning: BoussinesqBlowup/S6/StepRecords.lean:829:52: `ContinuousLinearMap.neg_apply` has been deprecated: Use `neg_apply` instead

Note: The updated constant is in a different namespace. Dot notation may need to be changed (e.g., from `x.neg_apply` to `neg_apply x`).
warning: BoussinesqBlowup/S6/StepRecords.lean:1213:18: Variable name `hr0` is not explicitly referenced.

The binding can be removed (if unused) or named `_` (if used implicitly).

Note: This linter can be disabled with `set_option linter.unusedVariables false`
warning: BoussinesqBlowup/S6/StepRecords.lean:1328:12: `ContinuousLinearMap.sub_apply` has been deprecated: Use `sub_apply` instead

Note: The updated constant is in a different namespace. Dot notation may need to be changed (e.g., from `x.sub_apply` to `sub_apply x`).
warning: BoussinesqBlowup/S6/StepRecords.lean:1328:12: This simp argument is unused:
  ContinuousLinearMap.sub_apply

Hint: Omit it from the simp argument list.
  simp ̵[̵C̵o̵n̵t̵i̵n̵u̵o̵u̵s̵L̵i̵n̵e̵a̵r̵M̵a̵p̵.̵s̵u̵b̵_̵a̵p̵p̵l̵y̵]̵

Note: This linter can be disabled with `set_option linter.unusedSimpArgs false`
warning: BoussinesqBlowup/S6/StepRecords.lean:1370:74: Variable name `hg0` is not explicitly referenced.

The binding can be removed (if unused) or named `_` (if used implicitly).

Note: This linter can be disabled with `set_option linter.unusedVariables false`
warning: BoussinesqBlowup/S6/StepRecords.lean:1396:63: Variable name `hK` is not explicitly referenced.

The binding can be removed (if unused) or named `_` (if used implicitly).

Note: This linter can be disabled with `set_option linter.unusedVariables false`
warning: BoussinesqBlowup/S6/StepRecords.lean:1456:20: Variable name `hA` is not explicitly referenced.

The binding can be removed (if unused) or named `_` (if used implicitly).

Note: This linter can be disabled with `set_option linter.unusedVariables false`
warning: BoussinesqBlowup/S6/StepRecords.lean:1457:5: Variable name `hcC` is not explicitly referenced.

The binding can be removed (if unused) or named `_` (if used implicitly).

Note: This linter can be disabled with `set_option linter.unusedVariables false`
warning: BoussinesqBlowup/S6/StepRecords.lean:1486:44: Used `tac1 <;> tac2` where `(tac1; tac2)` would suffice

Note: This linter can be disabled with `set_option linter.unnecessarySeqFocus false`
warning: BoussinesqBlowup/S6/StepRecords.lean:1520:53: Used `tac1 <;> tac2` where `(tac1; tac2)` would suffice

Note: This linter can be disabled with `set_option linter.unnecessarySeqFocus false`
warning: BoussinesqBlowup/S6/StepRecords.lean:1527:76: Variable name `hδ0` is not explicitly referenced.

The binding can be removed (if unused) or named `_` (if used implicitly).

Note: This linter can be disabled with `set_option linter.unusedVariables false`
warning: BoussinesqBlowup/S6/StepRecords.lean:1618:57: Variable name `hBP` is not explicitly referenced.

The binding can be removed (if unused) or named `_` (if used implicitly).

Note: This linter can be disabled with `set_option linter.unusedVariables false`
warning: BoussinesqBlowup/S6/StepRecords.lean:1825:59: Variable name `hC0` is not explicitly referenced.

The binding can be removed (if unused) or named `_` (if used implicitly).

Note: This linter can be disabled with `set_option linter.unusedVariables false`
warning: BoussinesqBlowup/S6/StepRecords.lean:2825:5: Variable name `hk` is not explicitly referenced.

The binding can be removed (if unused) or named `_` (if used implicitly).

Note: This linter can be disabled with `set_option linter.unusedVariables false`
warning: BoussinesqBlowup/S6/StepRecords.lean:3170:2: `push_neg` has been deprecated. Prefer using `push Not` instead.
If you'd rather continue using `push_neg` in your project, you can implement it as follows:
```
open Lean.Parser.Tactic in
macro "push_neg" cfg:optConfig loc:(location)? : tactic =>
  `(tactic| push $cfg:optConfig Not $[$loc]?)
```
warning: BoussinesqBlowup/S6/StepRecords.lean:3533:28: `ContinuousLinearMap.coe_sum'` has been deprecated: Use `FunLike.coe_sum` instead

Note: The updated constant is in a different namespace. Dot notation may need to be changed (e.g., from `x.coe_sum'` to `FunLike.coe_sum x`).
warning: BoussinesqBlowup/S6/StepRecords.lean:3541:91: Variable name `hSR` is not explicitly referenced.

The binding can be removed (if unused) or named `_` (if used implicitly).

Note: This linter can be disabled with `set_option linter.unusedVariables false`
warning: BoussinesqBlowup/S6/StepRecords.lean:3764:17: `push_neg` has been deprecated. Prefer using `push Not` instead.
If you'd rather continue using `push_neg` in your project, you can implement it as follows:
```
open Lean.Parser.Tactic in
macro "push_neg" cfg:optConfig loc:(location)? : tactic =>
  `(tactic| push $cfg:optConfig Not $[$loc]?)
```
warning: BoussinesqBlowup/S6/StepRecords.lean:3834:17: `push_neg` has been deprecated. Prefer using `push Not` instead.
If you'd rather continue using `push_neg` in your project, you can implement it as follows:
```
open Lean.Parser.Tactic in
macro "push_neg" cfg:optConfig loc:(location)? : tactic =>
  `(tactic| push $cfg:optConfig Not $[$loc]?)
```
warning: BoussinesqBlowup/S6/StepRecords.lean:3843:4: `push_neg` has been deprecated. Prefer using `push Not` instead.
If you'd rather continue using `push_neg` in your project, you can implement it as follows:
```
open Lean.Parser.Tactic in
macro "push_neg" cfg:optConfig loc:(location)? : tactic =>
  `(tactic| push $cfg:optConfig Not $[$loc]?)
```
warning: BoussinesqBlowup/S6/StepRecords.lean:3874:17: `push_neg` has been deprecated. Prefer using `push Not` instead.
If you'd rather continue using `push_neg` in your project, you can implement it as follows:
```
open Lean.Parser.Tactic in
macro "push_neg" cfg:optConfig loc:(location)? : tactic =>
  `(tactic| push $cfg:optConfig Not $[$loc]?)
```
warning: BoussinesqBlowup/S6/StepRecords.lean:3898:6: `push_neg` has been deprecated. Prefer using `push Not` instead.
If you'd rather continue using `push_neg` in your project, you can implement it as follows:
```
open Lean.Parser.Tactic in
macro "push_neg" cfg:optConfig loc:(location)? : tactic =>
  `(tactic| push $cfg:optConfig Not $[$loc]?)
```
warning: BoussinesqBlowup/S6/StepRecords.lean:4531:49: Variable name `hTlen` is not explicitly referenced.

The binding can be removed (if unused) or named `_` (if used implicitly).

Note: This linter can be disabled with `set_option linter.unusedVariables false`
warning: BoussinesqBlowup/S6/StepRecords.lean:4813:46: Variable name `hD'` is not explicitly referenced.

The binding can be removed (if unused) or named `_` (if used implicitly).

Note: This linter can be disabled with `set_option linter.unusedVariables false`
warning: BoussinesqBlowup/S6/StepRecords.lean:5187:17: `push_neg` has been deprecated. Prefer using `push Not` instead.
If you'd rather continue using `push_neg` in your project, you can implement it as follows:
```
open Lean.Parser.Tactic in
macro "push_neg" cfg:optConfig loc:(location)? : tactic =>
  `(tactic| push $cfg:optConfig Not $[$loc]?)
```
warning: BoussinesqBlowup/S6/StepRecords.lean:5257:17: `push_neg` has been deprecated. Prefer using `push Not` instead.
If you'd rather continue using `push_neg` in your project, you can implement it as follows:
```
open Lean.Parser.Tactic in
macro "push_neg" cfg:optConfig loc:(location)? : tactic =>
  `(tactic| push $cfg:optConfig Not $[$loc]?)
```
warning: BoussinesqBlowup/S6/StepRecords.lean:5266:4: `push_neg` has been deprecated. Prefer using `push Not` instead.
If you'd rather continue using `push_neg` in your project, you can implement it as follows:
```
open Lean.Parser.Tactic in
macro "push_neg" cfg:optConfig loc:(location)? : tactic =>
  `(tactic| push $cfg:optConfig Not $[$loc]?)
```
warning: BoussinesqBlowup/S6/StepRecords.lean:5297:17: `push_neg` has been deprecated. Prefer using `push Not` instead.
If you'd rather continue using `push_neg` in your project, you can implement it as follows:
```
open Lean.Parser.Tactic in
macro "push_neg" cfg:optConfig loc:(location)? : tactic =>
  `(tactic| push $cfg:optConfig Not $[$loc]?)
```
warning: BoussinesqBlowup/S6/StepRecords.lean:5321:6: `push_neg` has been deprecated. Prefer using `push Not` instead.
If you'd rather continue using `push_neg` in your project, you can implement it as follows:
```
open Lean.Parser.Tactic in
macro "push_neg" cfg:optConfig loc:(location)? : tactic =>
  `(tactic| push $cfg:optConfig Not $[$loc]?)
```
⚠ [8810/10108] Replayed BoussinesqBlowup.L.MemberRuns
warning: BoussinesqBlowup/L/MemberRuns.lean:531:6: `ContinuousLinearMap.add_apply` has been deprecated: Use `add_apply` instead

Note: The updated constant is in a different namespace. Dot notation may need to be changed (e.g., from `x.add_apply` to `add_apply x`).
warning: BoussinesqBlowup/L/MemberRuns.lean:531:37: `ContinuousLinearMap.smul_apply` has been deprecated: Use `smul_apply` instead

Note: The updated constant is in a different namespace. Dot notation may need to be changed (e.g., from `x.smul_apply` to `smul_apply x`).
warning: BoussinesqBlowup/L/MemberRuns.lean:532:4: `ContinuousLinearMap.sum_apply` has been deprecated: Use `sum_apply` instead

Note: The updated constant is in a different namespace. Dot notation may need to be changed (e.g., from `x.sum_apply` to `sum_apply x`).
warning: BoussinesqBlowup/L/MemberRuns.lean:569:4: `push_neg` has been deprecated. Prefer using `push Not` instead.
If you'd rather continue using `push_neg` in your project, you can implement it as follows:
```
open Lean.Parser.Tactic in
macro "push_neg" cfg:optConfig loc:(location)? : tactic =>
  `(tactic| push $cfg:optConfig Not $[$loc]?)
```
warning: BoussinesqBlowup/L/MemberRuns.lean:769:34: `ContinuousLinearMap.add_apply` has been deprecated: Use `add_apply` instead

Note: The updated constant is in a different namespace. Dot notation may need to be changed (e.g., from `x.add_apply` to `add_apply x`).
warning: BoussinesqBlowup/L/MemberRuns.lean:769:65: `ContinuousLinearMap.smul_apply` has been deprecated: Use `smul_apply` instead

Note: The updated constant is in a different namespace. Dot notation may need to be changed (e.g., from `x.smul_apply` to `smul_apply x`).
warning: BoussinesqBlowup/L/MemberRuns.lean:771:32: `ContinuousLinearMap.add_apply` has been deprecated: Use `add_apply` instead

Note: The updated constant is in a different namespace. Dot notation may need to be changed (e.g., from `x.add_apply` to `add_apply x`).
warning: BoussinesqBlowup/L/MemberRuns.lean:771:63: `ContinuousLinearMap.smul_apply` has been deprecated: Use `smul_apply` instead

Note: The updated constant is in a different namespace. Dot notation may need to be changed (e.g., from `x.smul_apply` to `smul_apply x`).
warning: BoussinesqBlowup/L/MemberRuns.lean:1325:32: Variable name `κ` is not explicitly referenced.

The binding can be removed (if unused) or named `_` (if used implicitly).

Note: This linter can be disabled with `set_option linter.unusedVariables false`
warning: BoussinesqBlowup/L/MemberRuns.lean:2134:17: Variable name `hC` is not explicitly referenced.

The binding can be removed (if unused) or named `_` (if used implicitly).

Note: This linter can be disabled with `set_option linter.unusedVariables false`
warning: BoussinesqBlowup/L/MemberRuns.lean:2177:52: Variable name `hB` is not explicitly referenced.

The binding can be removed (if unused) or named `_` (if used implicitly).

Note: This linter can be disabled with `set_option linter.unusedVariables false`
warning: BoussinesqBlowup/L/MemberRuns.lean:2385:15: `ContinuousLinearMap.sub_apply` has been deprecated: Use `sub_apply` instead

Note: The updated constant is in a different namespace. Dot notation may need to be changed (e.g., from `x.sub_apply` to `sub_apply x`).
warning: BoussinesqBlowup/L/MemberRuns.lean:2385:62: This simp argument is unused:
  WithLp.ofLp_sub

Hint: Omit it from the simp argument list.
  simp only [ContinuousLinearMap.sub_apply, PiLp.sub_apply, W̵i̵t̵h̵L̵p̵.̵o̵f̵L̵p̵_̵s̵u̵b̵,̵ ̵Pi.sub_apply]

Note: This linter can be disabled with `set_option linter.unusedSimpArgs false`
warning: BoussinesqBlowup/L/MemberRuns.lean:2385:79: This simp argument is unused:
  Pi.sub_apply

Hint: Omit it from the simp argument list.
  simp only [ContinuousLinearMap.sub_apply, PiLp.sub_apply, WithLp.ofLp_sub,̵ ̵P̵i̵.̵s̵u̵b̵_̵a̵p̵p̵l̵y̵]

Note: This linter can be disabled with `set_option linter.unusedSimpArgs false`
warning: BoussinesqBlowup/L/MemberRuns.lean:2627:19: This simp argument is unused:
  hWzdef

Hint: Omit it from the simp argument list.
  simp only [h̵W̵z̵d̵e̵f̵,̵ ̵lowerMerge, hi, if_true]

Note: This linter can be disabled with `set_option linter.unusedSimpArgs false`
warning: BoussinesqBlowup/L/MemberRuns.lean:2627:27: This simp argument is unused:
  lowerMerge

Hint: Omit it from the simp argument list.
  simp only [hWzdef, l̵o̵w̵e̵r̵M̵e̵r̵g̵e̵,̵ ̵hi, if_true]

Note: This linter can be disabled with `set_option linter.unusedSimpArgs false`
warning: BoussinesqBlowup/L/MemberRuns.lean:2629:19: This simp argument is unused:
  hWzdef

Hint: Omit it from the simp argument list.
  simp only [h̵W̵z̵d̵e̵f̵,̵ ̵lowerMerge, hi, if_false]

Note: This linter can be disabled with `set_option linter.unusedSimpArgs false`
warning: BoussinesqBlowup/L/MemberRuns.lean:2629:27: This simp argument is unused:
  lowerMerge

Hint: Omit it from the simp argument list.
  simp only [hWzdef, l̵o̵w̵e̵r̵M̵e̵r̵g̵e̵,̵ ̵hi, if_false]

Note: This linter can be disabled with `set_option linter.unusedSimpArgs false`
⚠ [8811/10108] Replayed BoussinesqBlowup.L.FamilyN
warning: BoussinesqBlowup/L/FamilyN.lean:111:5: Variable name `hQ` is not explicitly referenced.

The binding can be removed (if unused) or named `_` (if used implicitly).

Note: This linter can be disabled with `set_option linter.unusedVariables false`
warning: BoussinesqBlowup/L/FamilyN.lean:118:5: Variable name `hP` is not explicitly referenced.

The binding can be removed (if unused) or named `_` (if used implicitly).

Note: This linter can be disabled with `set_option linter.unusedVariables false`
warning: BoussinesqBlowup/L/FamilyN.lean:287:55: Variable name `hP` is not explicitly referenced.

The binding can be removed (if unused) or named `_` (if used implicitly).

Note: This linter can be disabled with `set_option linter.unusedVariables false`
⚠ [8812/10108] Replayed BoussinesqBlowup.L.RecipeTimeSmooth
warning: BoussinesqBlowup/L/RecipeTimeSmooth.lean:63:22: Variable name `h` is not explicitly referenced.

The binding can be removed (if unused) or named `_` (if used implicitly).

Note: This linter can be disabled with `set_option linter.unusedVariables false`
warning: BoussinesqBlowup/L/RecipeTimeSmooth.lean:64:17: Variable name `hth` is not explicitly referenced.

The binding can be removed (if unused) or named `_` (if used implicitly).

Note: This linter can be disabled with `set_option linter.unusedVariables false`
warning: BoussinesqBlowup/L/RecipeTimeSmooth.lean:65:5: Variable name `hom` is not explicitly referenced.

The binding can be removed (if unused) or named `_` (if used implicitly).

Note: This linter can be disabled with `set_option linter.unusedVariables false`
⚠ [8813/10108] Replayed BoussinesqBlowup.L.TowerTimeSmooth
warning: BoussinesqBlowup/L/TowerTimeSmooth.lean:168:20: `ContinuousLinearMap.neg_apply` has been deprecated: Use `neg_apply` instead

Note: The updated constant is in a different namespace. Dot notation may need to be changed (e.g., from `x.neg_apply` to `neg_apply x`).
warning: BoussinesqBlowup/L/TowerTimeSmooth.lean:305:21: `ContinuousLinearMap.add_apply` has been deprecated: Use `add_apply` instead

Note: The updated constant is in a different namespace. Dot notation may need to be changed (e.g., from `x.add_apply` to `add_apply x`).
warning: BoussinesqBlowup/L/TowerTimeSmooth.lean:306:4: `ContinuousLinearMap.smul_apply` has been deprecated: Use `smul_apply` instead

Note: The updated constant is in a different namespace. Dot notation may need to be changed (e.g., from `x.smul_apply` to `smul_apply x`).
warning: BoussinesqBlowup/L/TowerTimeSmooth.lean:325:59: Variable name `hU` is not explicitly referenced.

The binding can be removed (if unused) or named `_` (if used implicitly).

Note: This linter can be disabled with `set_option linter.unusedVariables false`
warning: BoussinesqBlowup/L/TowerTimeSmooth.lean:550:80: Variable name `htsε` is not explicitly referenced.

The binding can be removed (if unused) or named `_` (if used implicitly).

Note: This linter can be disabled with `set_option linter.unusedVariables false`
⚠ [8814/10108] Replayed BoussinesqBlowup.L.LocalStep
warning: BoussinesqBlowup/L/LocalStep.lean:16:101: Variable name `hb` is not explicitly referenced.

The binding can be removed (if unused) or named `_` (if used implicitly).

Note: This linter can be disabled with `set_option linter.unusedVariables false`
warning: BoussinesqBlowup/L/LocalStep.lean:84:82: Variable name `ht₀` is not explicitly referenced.

The binding can be removed (if unused) or named `_` (if used implicitly).

Note: This linter can be disabled with `set_option linter.unusedVariables false`
warning: BoussinesqBlowup/L/LocalStep.lean:329:4: `push_neg` has been deprecated. Prefer using `push Not` instead.
If you'd rather continue using `push_neg` in your project, you can implement it as follows:
```
open Lean.Parser.Tactic in
macro "push_neg" cfg:optConfig loc:(location)? : tactic =>
  `(tactic| push $cfg:optConfig Not $[$loc]?)
```
warning: BoussinesqBlowup/L/LocalStep.lean:378:4: `push_neg` has been deprecated. Prefer using `push Not` instead.
If you'd rather continue using `push_neg` in your project, you can implement it as follows:
```
open Lean.Parser.Tactic in
macro "push_neg" cfg:optConfig loc:(location)? : tactic =>
  `(tactic| push $cfg:optConfig Not $[$loc]?)
```
warning: BoussinesqBlowup/L/LocalStep.lean:255:5: Variable name `htrajZ` is not explicitly referenced.

The binding can be removed (if unused) or named `_` (if used implicitly).

Note: This linter can be disabled with `set_option linter.unusedVariables false`
warning: BoussinesqBlowup/L/LocalStep.lean:435:72: This simp argument is unused:
  hmanb

Hint: Omit it from the simp argument list.
  simp only [lawV, dPu, dPC, clampC, Cdot, phaseDataOf, hpsi, hvarpi, hm̵a̵n̵b̵,̵ ̵h̵tc, hsg, hD, hc1, hc2, hc3]

Note: This linter can be disabled with `set_option linter.unusedSimpArgs false`
warning: BoussinesqBlowup/L/LocalStep.lean:442:61: This simp argument is unused:
  hvarpi

Hint: Omit it from the simp argument list.
  simp only [lawH, dHold, clampC, Cdot, phaseDataOf, hpsi, hv̵a̵r̵p̵i̵,̵ ̵h̵manb, htc, hsg, hD, hc1, hc2, hc3]

Note: This linter can be disabled with `set_option linter.unusedSimpArgs false`
warning: BoussinesqBlowup/L/LocalStep.lean:442:69: This simp argument is unused:
  hmanb

Hint: Omit it from the simp argument list.
  simp only [lawH, dHold, clampC, Cdot, phaseDataOf, hpsi, hvarpi, hm̵a̵n̵b̵,̵ ̵h̵tc, hsg, hD, hc1, hc2, hc3]

Note: This linter can be disabled with `set_option linter.unusedSimpArgs false`
warning: BoussinesqBlowup/L/LocalStep.lean:442:76: This simp argument is unused:
  htc

Hint: Omit it from the simp argument list.
  simp only [lawH, dHold, clampC, Cdot, phaseDataOf, hpsi, hvarpi, hmanb, ht̵c̵,̵ ̵h̵sg, hD, hc1, hc2, hc3]

Note: This linter can be disabled with `set_option linter.unusedSimpArgs false`
warning: BoussinesqBlowup/L/LocalStep.lean:442:81: This simp argument is unused:
  hsg

Hint: Omit it from the simp argument list.
  simp only [lawH, dHold, clampC, Cdot, phaseDataOf, hpsi, hvarpi, hmanb, htc, hs̵g̵,̵ ̵h̵D, hc1, hc2, hc3]

Note: This linter can be disabled with `set_option linter.unusedSimpArgs false`
warning: BoussinesqBlowup/L/LocalStep.lean:442:86: This simp argument is unused:
  hD

Hint: Omit it from the simp argument list.
  simp only [lawH, dHold, clampC, Cdot, phaseDataOf, hpsi, hvarpi, hmanb, htc, hsg, hD̵,̵ ̵h̵c1, hc2, hc3]

Note: This linter can be disabled with `set_option linter.unusedSimpArgs false`
warning: BoussinesqBlowup/L/LocalStep.lean:591:29: `ContinuousLinearMap.sum_apply` has been deprecated: Use `sum_apply` instead

Note: The updated constant is in a different namespace. Dot notation may need to be changed (e.g., from `x.sum_apply` to `sum_apply x`).
warning: BoussinesqBlowup/L/LocalStep.lean:687:78: Variable name `hB'` is not explicitly referenced.

The binding can be removed (if unused) or named `_` (if used implicitly).

Note: This linter can be disabled with `set_option linter.unusedVariables false`
warning: BoussinesqBlowup/L/LocalStep.lean:1262:22: `EuclideanSpace.single_apply` has been deprecated: Use `PiLp.single_apply` instead

Note: The updated constant has a different type:
  ∀ (p : ℝ≥0∞) (𝕜 : Type u_1) {ι : Type u_2} [inst : DecidableEq ι] [inst_1 : Zero 𝕜] (i : ι) (a : 𝕜) (j : ι),
    (PiLp.single p i a).ofLp j = if j = i then a else 0
instead of
  ∀ {ι : Type u_1} {𝕜 : Type u_3} [inst : RCLike 𝕜] [inst_1 : DecidableEq ι] (i : ι) (a : 𝕜) (j : ι),
    (EuclideanSpace.single i a).ofLp j = if j = i then a else 0

Note: The updated constant is in a different namespace. Dot notation may need to be changed (e.g., from `x.single_apply` to `PiLp.single_apply x`).
warning: BoussinesqBlowup/L/LocalStep.lean:1262:22: This simp argument is unused:
  EuclideanSpace.single_apply

Hint: Omit it from the simp argument list.
  simp [frameE2, e,̵ ̵E̵u̵c̵l̵i̵d̵e̵a̵n̵S̵p̵a̵c̵e̵.̵s̵i̵n̵g̵l̵e̵_̵a̵p̵p̵l̵y̵] at this

Note: This linter can be disabled with `set_option linter.unusedSimpArgs false`
⚠ [8815/10108] Replayed BoussinesqBlowup.S4.LayerSup
warning: BoussinesqBlowup/S4/LayerSup.lean:391:91: This simp argument is unused:
  Prod.mk.injEq

Hint: Omit it from the simp argument list.
  simp only [pieces_flat_at_tIn_auxUMenvC, Complex.re_ofReal_mul, Complex.im_ofReal_mul, P̵r̵o̵d̵.̵mk̵.̵i̵n̵j̵E̵q̵,̵ ̵m̵ul_neg,
        and_self]

Note: This linter can be disabled with `set_option linter.unusedSimpArgs false`
warning: BoussinesqBlowup/S4/LayerSup.lean:392:6: This simp argument is unused:
  and_self

Hint: Omit it from the simp argument list.
  simp only [pieces_flat_at_tIn_auxUMenvC, Complex.re_ofReal_mul, Complex.im_ofReal_mul,
  ̲  ̲ ̲ ̲ ̲ ̲Prod.mk.injEq, mul_neg,̵
  ̵ ̵ ̵ ̵ ̵ ̵ ̵a̵n̵d̵_̵s̵e̵l̵f̵]

Note: This linter can be disabled with `set_option linter.unusedSimpArgs false`
warning: BoussinesqBlowup/S4/LayerSup.lean:472:42: This simp argument is unused:
  pieces_flat_at_tIn_auxSmulTimeTh

Hint: Omit it from the simp argument list.
  simp only [pieces_flat_at_tIn_auxSumTo, pieces_flat_at_tIn_auxSmulTimeT̵h̵,̵ ̵p̵i̵e̵c̵e̵s̵_̵f̵l̵a̵t̵_̵a̵t̵_̵t̵I̵n̵_̵a̵u̵x̵S̵m̵u̵l̵T̵i̵m̵e̵Om,
      pieces_flat_at_tIn_auxUM, pieces_flat_at_tIn_auxOT, pieces_flat_at_tIn_auxPG,
  ̲  ̲ ̲ ̲pieces_flat_at_tIn_auxDot,
  ̵  ̵ ̵ ̵pieces_flat_at_tIn_auxAdd, pieces_flat_at_tIn_auxPpos]

Note: This linter can be disabled with `set_option linter.unusedSimpArgs false`
warning: BoussinesqBlowup/S4/LayerSup.lean:612:46: Variable name `hab` is not explicitly referenced.

The binding can be removed (if unused) or named `_` (if used implicitly).

Note: This linter can be disabled with `set_option linter.unusedVariables false`
warning: BoussinesqBlowup/S4/LayerSup.lean:893:102: This simp argument is unused:
  h1

Hint: Omit it from the simp argument list.
  simp [pieceFam,
  ̲  ̲ ̲ ̲ ̲ ̲ ̲ ̲ ̲ ̲ ̲ ̲ ̲ ̲h̵1̵,̵ ̵h2, h3]

Note: This linter can be disabled with `set_option linter.unusedSimpArgs false`
warning: BoussinesqBlowup/S4/LayerSup.lean:902:90: This simp argument is unused:
  h1

Hint: Omit it from the simp argument list.
  simp [pieceFam, h1̵,̵ ̵h̵2, h3]

Note: This linter can be disabled with `set_option linter.unusedSimpArgs false`
warning: BoussinesqBlowup/S4/LayerSup.lean:1099:49: `ContinuousMultilinearMap.zero_apply` has been deprecated: Use `zero_apply` instead

Note: The updated constant is in a different namespace. Dot notation may need to be changed (e.g., from `x.zero_apply` to `zero_apply x`).
warning: BoussinesqBlowup/S4/LayerSup.lean:1129:4: `push_neg` has been deprecated. Prefer using `push Not` instead.
If you'd rather continue using `push_neg` in your project, you can implement it as follows:
```
open Lean.Parser.Tactic in
macro "push_neg" cfg:optConfig loc:(location)? : tactic =>
  `(tactic| push $cfg:optConfig Not $[$loc]?)
```
⚠ [8816/10108] Replayed BoussinesqBlowup.S6.TheoremH
warning: BoussinesqBlowup/S6/TheoremH.lean:660:4: `push_neg` has been deprecated. Prefer using `push Not` instead.
If you'd rather continue using `push_neg` in your project, you can implement it as follows:
```
open Lean.Parser.Tactic in
macro "push_neg" cfg:optConfig loc:(location)? : tactic =>
  `(tactic| push $cfg:optConfig Not $[$loc]?)
```
warning: BoussinesqBlowup/S6/TheoremH.lean:655:64: Variable name `hlo` is not explicitly referenced.

The binding can be removed (if unused) or named `_` (if used implicitly).

Note: This linter can be disabled with `set_option linter.unusedVariables false`
warning: BoussinesqBlowup/S6/TheoremH.lean:671:28: Variable name `hats` is not explicitly referenced.

The binding can be removed (if unused) or named `_` (if used implicitly).

Note: This linter can be disabled with `set_option linter.unusedVariables false`
warning: BoussinesqBlowup/S6/TheoremH.lean:1425:35: `ContinuousLinearMap.sum_apply` has been deprecated: Use `sum_apply` instead

Note: The updated constant is in a different namespace. Dot notation may need to be changed (e.g., from `x.sum_apply` to `sum_apply x`).
warning: BoussinesqBlowup/S6/TheoremH.lean:1736:5: Variable name `hi` is not explicitly referenced.

The binding can be removed (if unused) or named `_` (if used implicitly).

Note: This linter can be disabled with `set_option linter.unusedVariables false`
warning: BoussinesqBlowup/S6/TheoremH.lean:1737:69: Variable name `hK` is not explicitly referenced.

The binding can be removed (if unused) or named `_` (if used implicitly).

Note: This linter can be disabled with `set_option linter.unusedVariables false`
warning: BoussinesqBlowup/S6/TheoremH.lean:1739:5: Variable name `hglob` is not explicitly referenced.

The binding can be removed (if unused) or named `_` (if used implicitly).

Note: This linter can be disabled with `set_option linter.unusedVariables false`
warning: BoussinesqBlowup/S6/TheoremH.lean:1740:5: Variable name `hN` is not explicitly referenced.

The binding can be removed (if unused) or named `_` (if used implicitly).

Note: This linter can be disabled with `set_option linter.unusedVariables false`
warning: BoussinesqBlowup/S6/TheoremH.lean:1858:2: `push_neg` has been deprecated. Prefer using `push Not` instead.
If you'd rather continue using `push_neg` in your project, you can implement it as follows:
```
open Lean.Parser.Tactic in
macro "push_neg" cfg:optConfig loc:(location)? : tactic =>
  `(tactic| push $cfg:optConfig Not $[$loc]?)
```
warning: BoussinesqBlowup/S6/TheoremH.lean:1902:58: Used `tac1 <;> tac2` where `(tac1; tac2)` would suffice

Note: This linter can be disabled with `set_option linter.unnecessarySeqFocus false`
warning: BoussinesqBlowup/S6/TheoremH.lean:1957:60: Used `tac1 <;> tac2` where `(tac1; tac2)` would suffice

Note: This linter can be disabled with `set_option linter.unnecessarySeqFocus false`
warning: BoussinesqBlowup/S6/TheoremH.lean:1961:37: '(try ring)' tactic does nothing

Note: This linter can be disabled with `set_option linter.unusedTactic false`
warning: BoussinesqBlowup/S6/TheoremH.lean:1989:37: '(try ring)' tactic does nothing

Note: This linter can be disabled with `set_option linter.unusedTactic false`
warning: BoussinesqBlowup/S6/TheoremH.lean:2141:20: `push_neg` has been deprecated. Prefer using `push Not` instead.
If you'd rather continue using `push_neg` in your project, you can implement it as follows:
```
open Lean.Parser.Tactic in
macro "push_neg" cfg:optConfig loc:(location)? : tactic =>
  `(tactic| push $cfg:optConfig Not $[$loc]?)
```
warning: BoussinesqBlowup/S6/TheoremH.lean:2269:73: Variable name `hκ` is not explicitly referenced.

The binding can be removed (if unused) or named `_` (if used implicitly).

Note: This linter can be disabled with `set_option linter.unusedVariables false`
warning: BoussinesqBlowup/S6/TheoremH.lean:2655:56: Used `tac1 <;> tac2` where `(tac1; tac2)` would suffice

Note: This linter can be disabled with `set_option linter.unnecessarySeqFocus false`
warning: BoussinesqBlowup/S6/TheoremH.lean:2975:54: Variable name `hB'` is not explicitly referenced.

The binding can be removed (if unused) or named `_` (if used implicitly).

Note: This linter can be disabled with `set_option linter.unusedVariables false`
warning: BoussinesqBlowup/S6/TheoremH.lean:2976:5: Variable name `hcond` is not explicitly referenced.

The binding can be removed (if unused) or named `_` (if used implicitly).

Note: This linter can be disabled with `set_option linter.unusedVariables false`
warning: BoussinesqBlowup/S6/TheoremH.lean:3109:30: `ContinuousLinearMap.sum_apply` has been deprecated: Use `sum_apply` instead

Note: The updated constant is in a different namespace. Dot notation may need to be changed (e.g., from `x.sum_apply` to `sum_apply x`).
warning: BoussinesqBlowup/S6/TheoremH.lean:3241:54: Variable name `hB'` is not explicitly referenced.

The binding can be removed (if unused) or named `_` (if used implicitly).

Note: This linter can be disabled with `set_option linter.unusedVariables false`
warning: BoussinesqBlowup/S6/TheoremH.lean:3295:54: Variable name `hB'` is not explicitly referenced.

The binding can be removed (if unused) or named `_` (if used implicitly).

Note: This linter can be disabled with `set_option linter.unusedVariables false`
warning: BoussinesqBlowup/S6/TheoremH.lean:3296:5: Variable name `helapsed` is not explicitly referenced.

The binding can be removed (if unused) or named `_` (if used implicitly).

Note: This linter can be disabled with `set_option linter.unusedVariables false`
warning: BoussinesqBlowup/S6/TheoremH.lean:3431:5: Variable name `hwf` is not explicitly referenced.

The binding can be removed (if unused) or named `_` (if used implicitly).

Note: This linter can be disabled with `set_option linter.unusedVariables false`
warning: BoussinesqBlowup/S6/TheoremH.lean:3493:5: Variable name `hwf` is not explicitly referenced.

The binding can be removed (if unused) or named `_` (if used implicitly).

Note: This linter can be disabled with `set_option linter.unusedVariables false`
warning: BoussinesqBlowup/S6/TheoremH.lean:3722:5: Variable name `hwf` is not explicitly referenced.

The binding can be removed (if unused) or named `_` (if used implicitly).

Note: This linter can be disabled with `set_option linter.unusedVariables false`
warning: BoussinesqBlowup/S6/TheoremH.lean:3747:27: Variable name `hZ2` is not explicitly referenced.

The binding can be removed (if unused) or named `_` (if used implicitly).

Note: This linter can be disabled with `set_option linter.unusedVariables false`
warning: BoussinesqBlowup/S6/TheoremH.lean:3885:17: `ContinuousLinearMap.sub_apply` has been deprecated: Use `sub_apply` instead

Note: The updated constant is in a different namespace. Dot notation may need to be changed (e.g., from `x.sub_apply` to `sub_apply x`).
warning: BoussinesqBlowup/S6/TheoremH.lean:3935:17: `ContinuousLinearMap.sub_apply` has been deprecated: Use `sub_apply` instead

Note: The updated constant is in a different namespace. Dot notation may need to be changed (e.g., from `x.sub_apply` to `sub_apply x`).
warning: BoussinesqBlowup/S6/TheoremH.lean:4282:43: `EuclideanSpace.norm_single` has been deprecated: Use `PiLp.norm_single` instead

Note: The updated constant has a different type:
  ∀ (p : ENNReal) {ι : Type u_2} (β : ι → Type u_4) [hp : Fact (1 ≤ p)] [inst : Fintype ι]
    [inst_1 : (i : ι) → SeminormedAddCommGroup (β i)] [inst_2 : DecidableEq ι] (i : ι) (b : β i),
    ‖PiLp.single p i b‖ = ‖b‖
instead of
  ∀ {ι : Type u_1} {𝕜 : Type u_3} [inst : RCLike 𝕜] [inst_1 : DecidableEq ι] [inst_2 : Fintype ι] (i : ι) (a : 𝕜),
    ‖EuclideanSpace.single i a‖ = ‖a‖

Note: The updated constant is in a different namespace. Dot notation may need to be changed (e.g., from `x.norm_single` to `PiLp.norm_single x`).
warning: BoussinesqBlowup/S6/TheoremH.lean:4282:43: This simp argument is unused:
  EuclideanSpace.norm_single

Hint: Omit it from the simp argument list.
  simp [e,̵ ̵E̵u̵c̵l̵i̵d̵e̵a̵n̵S̵p̵a̵c̵e̵.̵n̵o̵r̵m̵_̵s̵i̵n̵g̵l̵e̵]

Note: This linter can be disabled with `set_option linter.unusedSimpArgs false`
warning: BoussinesqBlowup/S6/TheoremH.lean:4329:2: `push_neg` has been deprecated. Prefer using `push Not` instead.
If you'd rather continue using `push_neg` in your project, you can implement it as follows:
```
open Lean.Parser.Tactic in
macro "push_neg" cfg:optConfig loc:(location)? : tactic =>
  `(tactic| push $cfg:optConfig Not $[$loc]?)
```
warning: BoussinesqBlowup/S6/TheoremH.lean:4644:18: This simp argument is unused:
  h00

Hint: Omit it from the simp argument list.
  simp only [hTD, h0̵0̵,̵ ̵h̵G0, div_one] at hpos hexit

Note: This linter can be disabled with `set_option linter.unusedSimpArgs false`
warning: BoussinesqBlowup/S6/TheoremH.lean:4644:23: This simp argument is unused:
  hG0

Hint: Omit it from the simp argument list.
  simp only [hTD, h00, h̵G̵0̵,̵ ̵div_one] at hpos hexit

Note: This linter can be disabled with `set_option linter.unusedSimpArgs false`
warning: BoussinesqBlowup/S6/TheoremH.lean:4644:28: This simp argument is unused:
  div_one

Hint: Omit it from the simp argument list.
  simp only [hTD, h00, hG0,̵ ̵d̵i̵v̵_̵o̵n̵e̵] at hpos hexit

Note: This linter can be disabled with `set_option linter.unusedSimpArgs false`
warning: BoussinesqBlowup/S6/TheoremH.lean:4815:43: `EuclideanSpace.norm_single` has been deprecated: Use `PiLp.norm_single` instead

Note: The updated constant has a different type:
  ∀ (p : ENNReal) {ι : Type u_2} (β : ι → Type u_4) [hp : Fact (1 ≤ p)] [inst : Fintype ι]
    [inst_1 : (i : ι) → SeminormedAddCommGroup (β i)] [inst_2 : DecidableEq ι] (i : ι) (b : β i),
    ‖PiLp.single p i b‖ = ‖b‖
instead of
  ∀ {ι : Type u_1} {𝕜 : Type u_3} [inst : RCLike 𝕜] [inst_1 : DecidableEq ι] [inst_2 : Fintype ι] (i : ι) (a : 𝕜),
    ‖EuclideanSpace.single i a‖ = ‖a‖

Note: The updated constant is in a different namespace. Dot notation may need to be changed (e.g., from `x.norm_single` to `PiLp.norm_single x`).
warning: BoussinesqBlowup/S6/TheoremH.lean:4815:43: This simp argument is unused:
  EuclideanSpace.norm_single

Hint: Omit it from the simp argument list.
  simp [e,̵ ̵E̵u̵c̵l̵i̵d̵e̵a̵n̵S̵p̵a̵c̵e̵.̵n̵o̵r̵m̵_̵s̵i̵n̵g̵l̵e̵]

Note: This linter can be disabled with `set_option linter.unusedSimpArgs false`
warning: BoussinesqBlowup/S6/TheoremH.lean:4937:4: `push_neg` has been deprecated. Prefer using `push Not` instead.
If you'd rather continue using `push_neg` in your project, you can implement it as follows:
```
open Lean.Parser.Tactic in
macro "push_neg" cfg:optConfig loc:(location)? : tactic =>
  `(tactic| push $cfg:optConfig Not $[$loc]?)
```
warning: BoussinesqBlowup/S6/TheoremH.lean:4949:6: `push_neg` has been deprecated. Prefer using `push Not` instead.
If you'd rather continue using `push_neg` in your project, you can implement it as follows:
```
open Lean.Parser.Tactic in
macro "push_neg" cfg:optConfig loc:(location)? : tactic =>
  `(tactic| push $cfg:optConfig Not $[$loc]?)
```
warning: BoussinesqBlowup/S6/TheoremH.lean:5000:45: `EuclideanSpace.norm_single` has been deprecated: Use `PiLp.norm_single` instead

Note: The updated constant has a different type:
  ∀ (p : ENNReal) {ι : Type u_2} (β : ι → Type u_4) [hp : Fact (1 ≤ p)] [inst : Fintype ι]
    [inst_1 : (i : ι) → SeminormedAddCommGroup (β i)] [inst_2 : DecidableEq ι] (i : ι) (b : β i),
    ‖PiLp.single p i b‖ = ‖b‖
instead of
  ∀ {ι : Type u_1} {𝕜 : Type u_3} [inst : RCLike 𝕜] [inst_1 : DecidableEq ι] [inst_2 : Fintype ι] (i : ι) (a : 𝕜),
    ‖EuclideanSpace.single i a‖ = ‖a‖

Note: The updated constant is in a different namespace. Dot notation may need to be changed (e.g., from `x.norm_single` to `PiLp.norm_single x`).
warning: BoussinesqBlowup/S6/TheoremH.lean:4891:109: Variable name `htk` is not explicitly referenced.

The binding can be removed (if unused) or named `_` (if used implicitly).

Note: This linter can be disabled with `set_option linter.unusedVariables false`
warning: BoussinesqBlowup/S6/TheoremH.lean:5000:45: This simp argument is unused:
  EuclideanSpace.norm_single

Hint: Omit it from the simp argument list.
  simp [e,̵ ̵E̵u̵c̵l̵i̵d̵e̵a̵n̵S̵p̵a̵c̵e̵.̵n̵o̵r̵m̵_̵s̵i̵n̵g̵l̵e̵]

Note: This linter can be disabled with `set_option linter.unusedSimpArgs false`
warning: BoussinesqBlowup/S6/TheoremH.lean:5398:5: Variable name `hwf` is not explicitly referenced.

The binding can be removed (if unused) or named `_` (if used implicitly).

Note: This linter can be disabled with `set_option linter.unusedVariables false`
warning: BoussinesqBlowup/S6/TheoremH.lean:5412:54: Variable name `hB'` is not explicitly referenced.

The binding can be removed (if unused) or named `_` (if used implicitly).

Note: This linter can be disabled with `set_option linter.unusedVariables false`
warning: BoussinesqBlowup/S6/TheoremH.lean:5413:5: Variable name `helapsed` is not explicitly referenced.

The binding can be removed (if unused) or named `_` (if used implicitly).

Note: This linter can be disabled with `set_option linter.unusedVariables false`
warning: BoussinesqBlowup/S6/TheoremH.lean:5415:5: Variable name `hrec` is not explicitly referenced.

The binding can be removed (if unused) or named `_` (if used implicitly).

Note: This linter can be disabled with `set_option linter.unusedVariables false`
warning: BoussinesqBlowup/S6/TheoremH.lean:5416:5: Variable name `hwf` is not explicitly referenced.

The binding can be removed (if unused) or named `_` (if used implicitly).

Note: This linter can be disabled with `set_option linter.unusedVariables false`
warning: BoussinesqBlowup/S6/TheoremH.lean:5417:5: Variable name `hdress` is not explicitly referenced.

The binding can be removed (if unused) or named `_` (if used implicitly).

Note: This linter can be disabled with `set_option linter.unusedVariables false`
warning: BoussinesqBlowup/S6/TheoremH.lean:5553:10: `ContinuousLinearMap.mul_apply` has been deprecated: Use `mul_apply_eq_comp` instead

Note: The updated constant is in a different namespace. Dot notation may need to be changed (e.g., from `x.mul_apply` to `mul_apply_eq_comp x`).
warning: BoussinesqBlowup/S6/TheoremH.lean:5554:6: `ContinuousLinearMap.one_apply` has been deprecated: Use `one_apply_eq_self` instead

Note: The updated constant is in a different namespace. Dot notation may need to be changed (e.g., from `x.one_apply` to `one_apply_eq_self x`).
warning: BoussinesqBlowup/S6/TheoremH.lean:5848:5: Variable name `hwf` is not explicitly referenced.

The binding can be removed (if unused) or named `_` (if used implicitly).

Note: This linter can be disabled with `set_option linter.unusedVariables false`
warning: BoussinesqBlowup/S6/TheoremH.lean:5890:15: `ContinuousLinearMap.sub_apply` has been deprecated: Use `sub_apply` instead

Note: The updated constant is in a different namespace. Dot notation may need to be changed (e.g., from `x.sub_apply` to `sub_apply x`).
warning: BoussinesqBlowup/S6/TheoremH.lean:5992:6: `push_neg` has been deprecated. Prefer using `push Not` instead.
If you'd rather continue using `push_neg` in your project, you can implement it as follows:
```
open Lean.Parser.Tactic in
macro "push_neg" cfg:optConfig loc:(location)? : tactic =>
  `(tactic| push $cfg:optConfig Not $[$loc]?)
```
warning: BoussinesqBlowup/S6/TheoremH.lean:6117:5: Variable name `hwf` is not explicitly referenced.

The binding can be removed (if unused) or named `_` (if used implicitly).

Note: This linter can be disabled with `set_option linter.unusedVariables false`
warning: BoussinesqBlowup/S6/TheoremH.lean:6274:6: `ContinuousLinearMap.sum_apply` has been deprecated: Use `sum_apply` instead

Note: The updated constant is in a different namespace. Dot notation may need to be changed (e.g., from `x.sum_apply` to `sum_apply x`).
warning: BoussinesqBlowup/S6/TheoremH.lean:6274:37: `ContinuousLinearMap.smul_apply` has been deprecated: Use `smul_apply` instead

Note: The updated constant is in a different namespace. Dot notation may need to be changed (e.g., from `x.smul_apply` to `smul_apply x`).
warning: BoussinesqBlowup/S6/TheoremH.lean:6285:17: `ContinuousLinearMap.sub_apply` has been deprecated: Use `sub_apply` instead

Note: The updated constant is in a different namespace. Dot notation may need to be changed (e.g., from `x.sub_apply` to `sub_apply x`).
warning: BoussinesqBlowup/S6/TheoremH.lean:6285:48: `ContinuousLinearMap.smul_apply` has been deprecated: Use `smul_apply` instead

Note: The updated constant is in a different namespace. Dot notation may need to be changed (e.g., from `x.smul_apply` to `smul_apply x`).
warning: BoussinesqBlowup/S6/TheoremH.lean:6700:109: Variable name `htk` is not explicitly referenced.

The binding can be removed (if unused) or named `_` (if used implicitly).

Note: This linter can be disabled with `set_option linter.unusedVariables false`
warning: BoussinesqBlowup/S6/TheoremH.lean:6975:4: `push_neg` has been deprecated. Prefer using `push Not` instead.
If you'd rather continue using `push_neg` in your project, you can implement it as follows:
```
open Lean.Parser.Tactic in
macro "push_neg" cfg:optConfig loc:(location)? : tactic =>
  `(tactic| push $cfg:optConfig Not $[$loc]?)
```
warning: BoussinesqBlowup/S6/TheoremH.lean:7735:32: `ContinuousLinearMap.sum_apply` has been deprecated: Use `sum_apply` instead

Note: The updated constant is in a different namespace. Dot notation may need to be changed (e.g., from `x.sum_apply` to `sum_apply x`).
warning: BoussinesqBlowup/S6/TheoremH.lean:8900:109: Variable name `htk` is not explicitly referenced.

The binding can be removed (if unused) or named `_` (if used implicitly).

Note: This linter can be disabled with `set_option linter.unusedVariables false`
warning: BoussinesqBlowup/S6/TheoremH.lean:8905:5: Variable name `hcross` is not explicitly referenced.

The binding can be removed (if unused) or named `_` (if used implicitly).

Note: This linter can be disabled with `set_option linter.unusedVariables false`
warning: BoussinesqBlowup/S6/TheoremH.lean:8906:5: Variable name `hlevel0` is not explicitly referenced.

The binding can be removed (if unused) or named `_` (if used implicitly).

Note: This linter can be disabled with `set_option linter.unusedVariables false`
warning: BoussinesqBlowup/S6/TheoremH.lean:8909:5: Variable name `hlevU` is not explicitly referenced.

The binding can be removed (if unused) or named `_` (if used implicitly).

Note: This linter can be disabled with `set_option linter.unusedVariables false`
warning: BoussinesqBlowup/S6/TheoremH.lean:9178:4: `push_neg` has been deprecated. Prefer using `push Not` instead.
If you'd rather continue using `push_neg` in your project, you can implement it as follows:
```
open Lean.Parser.Tactic in
macro "push_neg" cfg:optConfig loc:(location)? : tactic =>
  `(tactic| push $cfg:optConfig Not $[$loc]?)
```
warning: BoussinesqBlowup/S6/TheoremH.lean:9167:53: Variable name `hU4` is not explicitly referenced.

The binding can be removed (if unused) or named `_` (if used implicitly).

Note: This linter can be disabled with `set_option linter.unusedVariables false`
warning: BoussinesqBlowup/S6/TheoremH.lean:9559:45: `push_neg` has been deprecated. Prefer using `push Not` instead.
If you'd rather continue using `push_neg` in your project, you can implement it as follows:
```
open Lean.Parser.Tactic in
macro "push_neg" cfg:optConfig loc:(location)? : tactic =>
  `(tactic| push $cfg:optConfig Not $[$loc]?)
```
warning: BoussinesqBlowup/S6/TheoremH.lean:9559:62: `push_neg` has been deprecated. Prefer using `push Not` instead.
If you'd rather continue using `push_neg` in your project, you can implement it as follows:
```
open Lean.Parser.Tactic in
macro "push_neg" cfg:optConfig loc:(location)? : tactic =>
  `(tactic| push $cfg:optConfig Not $[$loc]?)
```
warning: BoussinesqBlowup/S6/TheoremH.lean:9822:6: `push_neg` has been deprecated. Prefer using `push Not` instead.
If you'd rather continue using `push_neg` in your project, you can implement it as follows:
```
open Lean.Parser.Tactic in
macro "push_neg" cfg:optConfig loc:(location)? : tactic =>
  `(tactic| push $cfg:optConfig Not $[$loc]?)
```
warning: BoussinesqBlowup/S6/TheoremH.lean:9829:2: `push_neg` has been deprecated. Prefer using `push Not` instead.
If you'd rather continue using `push_neg` in your project, you can implement it as follows:
```
open Lean.Parser.Tactic in
macro "push_neg" cfg:optConfig loc:(location)? : tactic =>
  `(tactic| push $cfg:optConfig Not $[$loc]?)
```
warning: BoussinesqBlowup/S6/TheoremH.lean:9757:56: Variable name `hms` is not explicitly referenced.

The binding can be removed (if unused) or named `_` (if used implicitly).

Note: This linter can be disabled with `set_option linter.unusedVariables false`
warning: BoussinesqBlowup/S6/TheoremH.lean:10656:44: Variable name `ht0` is not explicitly referenced.

The binding can be removed (if unused) or named `_` (if used implicitly).

Note: This linter can be disabled with `set_option linter.unusedVariables false`
warning: BoussinesqBlowup/S6/TheoremH.lean:10805:17: Variable name `hD` is not explicitly referenced.

The binding can be removed (if unused) or named `_` (if used implicitly).

Note: This linter can be disabled with `set_option linter.unusedVariables false`
warning: BoussinesqBlowup/S6/TheoremH.lean:10806:54: Variable name `hB'` is not explicitly referenced.

The binding can be removed (if unused) or named `_` (if used implicitly).

Note: This linter can be disabled with `set_option linter.unusedVariables false`
warning: BoussinesqBlowup/S6/TheoremH.lean:10808:5: Variable name `hz` is not explicitly referenced.

The binding can be removed (if unused) or named `_` (if used implicitly).

Note: This linter can be disabled with `set_option linter.unusedVariables false`
warning: BoussinesqBlowup/S6/TheoremH.lean:11007:40: `ContinuousLinearMap.smul_apply` has been deprecated: Use `smul_apply` instead

Note: The updated constant is in a different namespace. Dot notation may need to be changed (e.g., from `x.smul_apply` to `smul_apply x`).
warning: BoussinesqBlowup/S6/TheoremH.lean:11920:54: Variable name `hB'` is not explicitly referenced.

The binding can be removed (if unused) or named `_` (if used implicitly).

Note: This linter can be disabled with `set_option linter.unusedVariables false`
warning: BoussinesqBlowup/S6/TheoremH.lean:12086:17: Variable name `hD` is not explicitly referenced.

The binding can be removed (if unused) or named `_` (if used implicitly).

Note: This linter can be disabled with `set_option linter.unusedVariables false`
warning: BoussinesqBlowup/S6/TheoremH.lean:12087:54: Variable name `hB'` is not explicitly referenced.

The binding can be removed (if unused) or named `_` (if used implicitly).

Note: This linter can be disabled with `set_option linter.unusedVariables false`
warning: BoussinesqBlowup/S6/TheoremH.lean:12679:6: `push_neg` has been deprecated. Prefer using `push Not` instead.
If you'd rather continue using `push_neg` in your project, you can implement it as follows:
```
open Lean.Parser.Tactic in
macro "push_neg" cfg:optConfig loc:(location)? : tactic =>
  `(tactic| push $cfg:optConfig Not $[$loc]?)
```
warning: BoussinesqBlowup/S6/TheoremH.lean:12687:23: `push_neg` has been deprecated. Prefer using `push Not` instead.
If you'd rather continue using `push_neg` in your project, you can implement it as follows:
```
open Lean.Parser.Tactic in
macro "push_neg" cfg:optConfig loc:(location)? : tactic =>
  `(tactic| push $cfg:optConfig Not $[$loc]?)
```
warning: BoussinesqBlowup/S6/TheoremH.lean:12725:6: `push_neg` has been deprecated. Prefer using `push Not` instead.
If you'd rather continue using `push_neg` in your project, you can implement it as follows:
```
open Lean.Parser.Tactic in
macro "push_neg" cfg:optConfig loc:(location)? : tactic =>
  `(tactic| push $cfg:optConfig Not $[$loc]?)
```
warning: BoussinesqBlowup/S6/TheoremH.lean:12771:10: `push_neg` has been deprecated. Prefer using `push Not` instead.
If you'd rather continue using `push_neg` in your project, you can implement it as follows:
```
open Lean.Parser.Tactic in
macro "push_neg" cfg:optConfig loc:(location)? : tactic =>
  `(tactic| push $cfg:optConfig Not $[$loc]?)
```
warning: BoussinesqBlowup/S6/TheoremH.lean:12983:2: `push_neg` has been deprecated. Prefer using `push Not` instead.
If you'd rather continue using `push_neg` in your project, you can implement it as follows:
```
open Lean.Parser.Tactic in
macro "push_neg" cfg:optConfig loc:(location)? : tactic =>
  `(tactic| push $cfg:optConfig Not $[$loc]?)
```
warning: BoussinesqBlowup/S6/TheoremH.lean:13298:4: `push_neg` has been deprecated. Prefer using `push Not` instead.
If you'd rather continue using `push_neg` in your project, you can implement it as follows:
```
open Lean.Parser.Tactic in
macro "push_neg" cfg:optConfig loc:(location)? : tactic =>
  `(tactic| push $cfg:optConfig Not $[$loc]?)
```
warning: BoussinesqBlowup/S6/TheoremH.lean:13449:8: `push_neg` has been deprecated. Prefer using `push Not` instead.
If you'd rather continue using `push_neg` in your project, you can implement it as follows:
```
open Lean.Parser.Tactic in
macro "push_neg" cfg:optConfig loc:(location)? : tactic =>
  `(tactic| push $cfg:optConfig Not $[$loc]?)
```
warning: BoussinesqBlowup/S6/TheoremH.lean:13471:6: `push_neg` has been deprecated. Prefer using `push Not` instead.
If you'd rather continue using `push_neg` in your project, you can implement it as follows:
```
open Lean.Parser.Tactic in
macro "push_neg" cfg:optConfig loc:(location)? : tactic =>
  `(tactic| push $cfg:optConfig Not $[$loc]?)
```
warning: BoussinesqBlowup/S6/TheoremH.lean:13808:75: Variable name `hkt` is not explicitly referenced.

The binding can be removed (if unused) or named `_` (if used implicitly).

Note: This linter can be disabled with `set_option linter.unusedVariables false`
warning: BoussinesqBlowup/S6/TheoremH.lean:14565:49: Variable name `hW` is not explicitly referenced.

The binding can be removed (if unused) or named `_` (if used implicitly).

Note: This linter can be disabled with `set_option linter.unusedVariables false`
warning: BoussinesqBlowup/S6/TheoremH.lean:14565:101: Variable name `hk` is not explicitly referenced.

The binding can be removed (if unused) or named `_` (if used implicitly).

Note: This linter can be disabled with `set_option linter.unusedVariables false`
warning: BoussinesqBlowup/S6/TheoremH.lean:14566:67: Variable name `hrun` is not explicitly referenced.

The binding can be removed (if unused) or named `_` (if used implicitly).

Note: This linter can be disabled with `set_option linter.unusedVariables false`
warning: BoussinesqBlowup/S6/TheoremH.lean:14567:5: Variable name `hdress` is not explicitly referenced.

The binding can be removed (if unused) or named `_` (if used implicitly).

Note: This linter can be disabled with `set_option linter.unusedVariables false`
warning: BoussinesqBlowup/S6/TheoremH.lean:14735:13: `EuclideanSpace.single_apply` has been deprecated: Use `PiLp.single_apply` instead

Note: The updated constant has a different type:
  ∀ (p : ENNReal) (𝕜 : Type u_1) {ι : Type u_2} [inst : DecidableEq ι] [inst_1 : Zero 𝕜] (i : ι) (a : 𝕜) (j : ι),
    (PiLp.single p i a).ofLp j = if j = i then a else 0
instead of
  ∀ {ι : Type u_1} {𝕜 : Type u_3} [inst : RCLike 𝕜] [inst_1 : DecidableEq ι] (i : ι) (a : 𝕜) (j : ι),
    (EuclideanSpace.single i a).ofLp j = if j = i then a else 0

Note: The updated constant is in a different namespace. Dot notation may need to be changed (e.g., from `x.single_apply` to `PiLp.single_apply x`).
warning: BoussinesqBlowup/S6/TheoremH.lean:14736:13: `EuclideanSpace.single_apply` has been deprecated: Use `PiLp.single_apply` instead

Note: The updated constant has a different type:
  ∀ (p : ENNReal) (𝕜 : Type u_1) {ι : Type u_2} [inst : DecidableEq ι] [inst_1 : Zero 𝕜] (i : ι) (a : 𝕜) (j : ι),
    (PiLp.single p i a).ofLp j = if j = i then a else 0
instead of
  ∀ {ι : Type u_1} {𝕜 : Type u_3} [inst : RCLike 𝕜] [inst_1 : DecidableEq ι] (i : ι) (a : 𝕜) (j : ι),
    (EuclideanSpace.single i a).ofLp j = if j = i then a else 0

Note: The updated constant is in a different namespace. Dot notation may need to be changed (e.g., from `x.single_apply` to `PiLp.single_apply x`).
warning: BoussinesqBlowup/S6/TheoremH.lean:14735:13: This simp argument is unused:
  EuclideanSpace.single_apply

Hint: Omit it from the simp argument list.
  simp [e, E̵u̵c̵l̵i̵d̵e̵a̵n̵S̵p̵a̵c̵e̵.̵s̵i̵n̵g̵l̵e̵_̵a̵p̵p̵l̵y̵,̵ ̵h0]

Note: This linter can be disabled with `set_option linter.unusedSimpArgs false`
warning: BoussinesqBlowup/S6/TheoremH.lean:14736:13: This simp argument is unused:
  EuclideanSpace.single_apply

Hint: Omit it from the simp argument list.
  simp [e,̵ ̵E̵u̵c̵l̵i̵d̵e̵a̵n̵S̵p̵a̵c̵e̵.̵s̵i̵n̵g̵l̵e̵_̵a̵p̵p̵l̵y̵]

Note: This linter can be disabled with `set_option linter.unusedSimpArgs false`
warning: BoussinesqBlowup/S6/TheoremH.lean:15323:17: `push_neg` has been deprecated. Prefer using `push Not` instead.
If you'd rather continue using `push_neg` in your project, you can implement it as follows:
```
open Lean.Parser.Tactic in
macro "push_neg" cfg:optConfig loc:(location)? : tactic =>
  `(tactic| push $cfg:optConfig Not $[$loc]?)
```
warning: BoussinesqBlowup/S6/TheoremH.lean:15528:5: Variable name `hlam` is not explicitly referenced.

The binding can be removed (if unused) or named `_` (if used implicitly).

Note: This linter can be disabled with `set_option linter.unusedVariables false`
warning: BoussinesqBlowup/S6/TheoremH.lean:15536:5: Variable name `hW3` is not explicitly referenced.

The binding can be removed (if unused) or named `_` (if used implicitly).

Note: This linter can be disabled with `set_option linter.unusedVariables false`
warning: BoussinesqBlowup/S6/TheoremH.lean:15667:41: Used `tac1 <;> tac2` where `(tac1; tac2)` would suffice

Note: This linter can be disabled with `set_option linter.unnecessarySeqFocus false`
warning: BoussinesqBlowup/S6/TheoremH.lean:15816:18: Variable name `hCt` is not explicitly referenced.

The binding can be removed (if unused) or named `_` (if used implicitly).

Note: This linter can be disabled with `set_option linter.unusedVariables false`
warning: BoussinesqBlowup/S6/TheoremH.lean:16178:17: `push_neg` has been deprecated. Prefer using `push Not` instead.
If you'd rather continue using `push_neg` in your project, you can implement it as follows:
```
open Lean.Parser.Tactic in
macro "push_neg" cfg:optConfig loc:(location)? : tactic =>
  `(tactic| push $cfg:optConfig Not $[$loc]?)
```
warning: BoussinesqBlowup/S6/TheoremH.lean:16166:29: This simp argument is unused:
  hkne

Hint: Omit it from the simp argument list.
  simp [TowerData.Theta,̵ ̵h̵k̵n̵e̵]

Note: This linter can be disabled with `set_option linter.unusedSimpArgs false`
warning: BoussinesqBlowup/S6/TheoremH.lean:16199:29: This simp argument is unused:
  hkne

Hint: Omit it from the simp argument list.
  simp [TowerData.Theta,̵ ̵h̵k̵n̵e̵]

Note: This linter can be disabled with `set_option linter.unusedSimpArgs false`
warning: BoussinesqBlowup/S6/TheoremH.lean:16219:88: Variable name `hdress` is not explicitly referenced.

The binding can be removed (if unused) or named `_` (if used implicitly).

Note: This linter can be disabled with `set_option linter.unusedVariables false`
warning: BoussinesqBlowup/S6/TheoremH.lean:16220:40: Variable name `hzero` is not explicitly referenced.

The binding can be removed (if unused) or named `_` (if used implicitly).

Note: This linter can be disabled with `set_option linter.unusedVariables false`
warning: BoussinesqBlowup/S6/TheoremH.lean:16221:5: Variable name `hfirst` is not explicitly referenced.

The binding can be removed (if unused) or named `_` (if used implicitly).

Note: This linter can be disabled with `set_option linter.unusedVariables false`
warning: BoussinesqBlowup/S6/TheoremH.lean:17232:4: `push_neg` has been deprecated. Prefer using `push Not` instead.
If you'd rather continue using `push_neg` in your project, you can implement it as follows:
```
open Lean.Parser.Tactic in
macro "push_neg" cfg:optConfig loc:(location)? : tactic =>
  `(tactic| push $cfg:optConfig Not $[$loc]?)
```
warning: BoussinesqBlowup/S6/TheoremH.lean:17556:65: `ContinuousLinearMap.smul_apply` has been deprecated: Use `smul_apply` instead

Note: The updated constant is in a different namespace. Dot notation may need to be changed (e.g., from `x.smul_apply` to `smul_apply x`).
warning: BoussinesqBlowup/S6/TheoremH.lean:17561:17: `ContinuousLinearMap.sub_apply` has been deprecated: Use `sub_apply` instead

Note: The updated constant is in a different namespace. Dot notation may need to be changed (e.g., from `x.sub_apply` to `sub_apply x`).
warning: BoussinesqBlowup/S6/TheoremH.lean:17626:15: `ContinuousLinearMap.neg_apply` has been deprecated: Use `neg_apply` instead

Note: The updated constant is in a different namespace. Dot notation may need to be changed (e.g., from `x.neg_apply` to `neg_apply x`).
warning: BoussinesqBlowup/S6/TheoremH.lean:17626:46: `ContinuousLinearMap.sub_apply` has been deprecated: Use `sub_apply` instead

Note: The updated constant is in a different namespace. Dot notation may need to be changed (e.g., from `x.sub_apply` to `sub_apply x`).
warning: BoussinesqBlowup/S6/TheoremH.lean:17708:4: `continuousOn_finset_sum` has been deprecated: Use `continuousOn_finsetSum` instead
warning: BoussinesqBlowup/S6/TheoremH.lean:17626:15: This simp argument is unused:
  ContinuousLinearMap.neg_apply

Hint: Omit it from the simp argument list.
  simp only [̵C̵o̵n̵t̵i̵n̵u̵o̵u̵s̵L̵i̵n̵e̵a̵r̵M̵a̵p̵.̵n̵e̵g̵_̵a̵p̵p̵l̵y̵,̵ ̵C̵o̵n̵t̵i̵n̵u̵o̵u̵s̵L̵i̵n̵e̵a̵r̵M̵a̵p̵.̵s̵u̵b̵_̵a̵p̵p̵l̵y̵]̵[̲C̲o̲n̲t̲i̲n̲u̲o̲u̲s̲L̲i̲n̲e̲a̲r̲M̲a̲p̲.̲s̲u̲b̲_̲a̲p̲p̲l̲y̲]̲

Note: This linter can be disabled with `set_option linter.unusedSimpArgs false`
warning: BoussinesqBlowup/S6/TheoremH.lean:17844:54: Variable name `hB'` is not explicitly referenced.

The binding can be removed (if unused) or named `_` (if used implicitly).

Note: This linter can be disabled with `set_option linter.unusedVariables false`
warning: BoussinesqBlowup/S6/TheoremH.lean:17846:5: Variable name `hstrain` is not explicitly referenced.

The binding can be removed (if unused) or named `_` (if used implicitly).

Note: This linter can be disabled with `set_option linter.unusedVariables false`
warning: BoussinesqBlowup/S6/TheoremH.lean:17847:5: Variable name `hkhat` is not explicitly referenced.

The binding can be removed (if unused) or named `_` (if used implicitly).

Note: This linter can be disabled with `set_option linter.unusedVariables false`
warning: BoussinesqBlowup/S6/TheoremH.lean:17848:5: Variable name `hcap` is not explicitly referenced.

The binding can be removed (if unused) or named `_` (if used implicitly).

Note: This linter can be disabled with `set_option linter.unusedVariables false`
warning: BoussinesqBlowup/S6/TheoremH.lean:17850:5: Variable name `hr` is not explicitly referenced.

The binding can be removed (if unused) or named `_` (if used implicitly).

Note: This linter can be disabled with `set_option linter.unusedVariables false`
warning: BoussinesqBlowup/S6/TheoremH.lean:17851:5: Variable name `hlin` is not explicitly referenced.

The binding can be removed (if unused) or named `_` (if used implicitly).

Note: This linter can be disabled with `set_option linter.unusedVariables false`
warning: BoussinesqBlowup/S6/TheoremH.lean:17852:5: Variable name `hjet` is not explicitly referenced.

The binding can be removed (if unused) or named `_` (if used implicitly).

Note: This linter can be disabled with `set_option linter.unusedVariables false`
warning: BoussinesqBlowup/S6/TheoremH.lean:18264:24: `push_neg` has been deprecated. Prefer using `push Not` instead.
If you'd rather continue using `push_neg` in your project, you can implement it as follows:
```
open Lean.Parser.Tactic in
macro "push_neg" cfg:optConfig loc:(location)? : tactic =>
  `(tactic| push $cfg:optConfig Not $[$loc]?)
```
warning: BoussinesqBlowup/S6/TheoremH.lean:18907:41: Used `tac1 <;> tac2` where `(tac1; tac2)` would suffice

Note: This linter can be disabled with `set_option linter.unnecessarySeqFocus false`
warning: BoussinesqBlowup/S6/TheoremH.lean:19532:5: Variable name `hzero` is not explicitly referenced.

The binding can be removed (if unused) or named `_` (if used implicitly).

Note: This linter can be disabled with `set_option linter.unusedVariables false`
warning: BoussinesqBlowup/S6/TheoremH.lean:19533:5: Variable name `hfirst` is not explicitly referenced.

The binding can be removed (if unused) or named `_` (if used implicitly).

Note: This linter can be disabled with `set_option linter.unusedVariables false`
warning: BoussinesqBlowup/S6/TheoremH.lean:19584:5: Variable name `hrun` is not explicitly referenced.

The binding can be removed (if unused) or named `_` (if used implicitly).

Note: This linter can be disabled with `set_option linter.unusedVariables false`
warning: BoussinesqBlowup/S6/TheoremH.lean:19584:61: Variable name `hB` is not explicitly referenced.

The binding can be removed (if unused) or named `_` (if used implicitly).

Note: This linter can be disabled with `set_option linter.unusedVariables false`
warning: BoussinesqBlowup/S6/TheoremH.lean:19586:5: Variable name `hrec` is not explicitly referenced.

The binding can be removed (if unused) or named `_` (if used implicitly).

Note: This linter can be disabled with `set_option linter.unusedVariables false`
warning: BoussinesqBlowup/S6/TheoremH.lean:19587:5: Variable name `hwf` is not explicitly referenced.

The binding can be removed (if unused) or named `_` (if used implicitly).

Note: This linter can be disabled with `set_option linter.unusedVariables false`
warning: BoussinesqBlowup/S6/TheoremH.lean:20116:88: Variable name `hdress` is not explicitly referenced.

The binding can be removed (if unused) or named `_` (if used implicitly).

Note: This linter can be disabled with `set_option linter.unusedVariables false`
⚠ [8817/10108] Replayed BoussinesqBlowup.S6.TheoremK
warning: BoussinesqBlowup/S6/TheoremK.lean:704:18: Variable name `hκ'` is not explicitly referenced.

The binding can be removed (if unused) or named `_` (if used implicitly).

Note: This linter can be disabled with `set_option linter.unusedVariables false`
warning: BoussinesqBlowup/S6/TheoremK.lean:2219:39: `ContinuousLinearMap.sum_apply` has been deprecated: Use `sum_apply` instead

Note: The updated constant is in a different namespace. Dot notation may need to be changed (e.g., from `x.sum_apply` to `sum_apply x`).
⚠ [8818/10108] Replayed BoussinesqBlowup.S7.ForceSum
warning: BoussinesqBlowup/S7/ForceSum.lean:215:5: Variable name `hNdom` is not explicitly referenced.

The binding can be removed (if unused) or named `_` (if used implicitly).

Note: This linter can be disabled with `set_option linter.unusedVariables false`
⚠ [8819/10108] Replayed BoussinesqBlowup.S7.Readout
warning: BoussinesqBlowup/S7/Readout.lean:110:6: `push_neg` has been deprecated. Prefer using `push Not` instead.
If you'd rather continue using `push_neg` in your project, you can implement it as follows:
```
open Lean.Parser.Tactic in
macro "push_neg" cfg:optConfig loc:(location)? : tactic =>
  `(tactic| push $cfg:optConfig Not $[$loc]?)
```
warning: BoussinesqBlowup/S7/Readout.lean:213:15: `ContinuousLinearMap.coe_sum'` has been deprecated: Use `FunLike.coe_sum` instead

Note: The updated constant is in a different namespace. Dot notation may need to be changed (e.g., from `x.coe_sum'` to `FunLike.coe_sum x`).
warning: BoussinesqBlowup/S7/Readout.lean:147:5: Variable name `hNdom` is not explicitly referenced.

The binding can be removed (if unused) or named `_` (if used implicitly).

Note: This linter can be disabled with `set_option linter.unusedVariables false`
warning: BoussinesqBlowup/S7/Readout.lean:253:8: `ContinuousLinearMap.smul_apply` has been deprecated: Use `smul_apply` instead

Note: The updated constant is in a different namespace. Dot notation may need to be changed (e.g., from `x.smul_apply` to `smul_apply x`).
warning: BoussinesqBlowup/S7/Readout.lean:372:46: `EuclideanSpace.norm_single` has been deprecated: Use `PiLp.norm_single` instead

Note: The updated constant has a different type:
  ∀ (p : ENNReal) {ι : Type u_2} (β : ι → Type u_4) [hp : Fact (1 ≤ p)] [inst : Fintype ι]
    [inst_1 : (i : ι) → SeminormedAddCommGroup (β i)] [inst_2 : DecidableEq ι] (i : ι) (b : β i),
    ‖PiLp.single p i b‖ = ‖b‖
instead of
  ∀ {ι : Type u_1} {𝕜 : Type u_3} [inst : RCLike 𝕜] [inst_1 : DecidableEq ι] [inst_2 : Fintype ι] (i : ι) (a : 𝕜),
    ‖EuclideanSpace.single i a‖ = ‖a‖

Note: The updated constant is in a different namespace. Dot notation may need to be changed (e.g., from `x.norm_single` to `PiLp.norm_single x`).
warning: BoussinesqBlowup/S7/Readout.lean:372:46: This simp argument is unused:
  EuclideanSpace.norm_single

Hint: Omit it from the simp argument list.
  simp [e,̵ ̵E̵u̵c̵l̵i̵d̵e̵a̵n̵S̵p̵a̵c̵e̵.̵n̵o̵r̵m̵_̵s̵i̵n̵g̵l̵e̵]

Note: This linter can be disabled with `set_option linter.unusedSimpArgs false`
warning: BoussinesqBlowup/S7/Readout.lean:377:79: Variable name `hP` is not explicitly referenced.

The binding can be removed (if unused) or named `_` (if used implicitly).

Note: This linter can be disabled with `set_option linter.unusedVariables false`
warning: BoussinesqBlowup/S7/Readout.lean:378:70: Variable name `hτT` is not explicitly referenced.

The binding can be removed (if unused) or named `_` (if used implicitly).

Note: This linter can be disabled with `set_option linter.unusedVariables false`
warning: BoussinesqBlowup/S7/Readout.lean:515:4: `push_neg` has been deprecated. Prefer using `push Not` instead.
If you'd rather continue using `push_neg` in your project, you can implement it as follows:
```
open Lean.Parser.Tactic in
macro "push_neg" cfg:optConfig loc:(location)? : tactic =>
  `(tactic| push $cfg:optConfig Not $[$loc]?)
```
warning: BoussinesqBlowup/S7/Readout.lean:592:6: `push_neg` has been deprecated. Prefer using `push Not` instead.
If you'd rather continue using `push_neg` in your project, you can implement it as follows:
```
open Lean.Parser.Tactic in
macro "push_neg" cfg:optConfig loc:(location)? : tactic =>
  `(tactic| push $cfg:optConfig Not $[$loc]?)
```
warning: BoussinesqBlowup/S7/Readout.lean:670:15: `ContinuousLinearMap.coe_sum'` has been deprecated: Use `FunLike.coe_sum` instead

Note: The updated constant is in a different namespace. Dot notation may need to be changed (e.g., from `x.coe_sum'` to `FunLike.coe_sum x`).
warning: BoussinesqBlowup/S7/Readout.lean:699:4: `push_neg` has been deprecated. Prefer using `push Not` instead.
If you'd rather continue using `push_neg` in your project, you can implement it as follows:
```
open Lean.Parser.Tactic in
macro "push_neg" cfg:optConfig loc:(location)? : tactic =>
  `(tactic| push $cfg:optConfig Not $[$loc]?)
```
warning: BoussinesqBlowup/S7/Readout.lean:747:21: `push_neg` has been deprecated. Prefer using `push Not` instead.
If you'd rather continue using `push_neg` in your project, you can implement it as follows:
```
open Lean.Parser.Tactic in
macro "push_neg" cfg:optConfig loc:(location)? : tactic =>
  `(tactic| push $cfg:optConfig Not $[$loc]?)
```
warning: BoussinesqBlowup/S7/Readout.lean:557:70: Variable name `hτT` is not explicitly referenced.

The binding can be removed (if unused) or named `_` (if used implicitly).

Note: This linter can be disabled with `set_option linter.unusedVariables false`
warning: BoussinesqBlowup/S7/Readout.lean:834:4: `push_neg` has been deprecated. Prefer using `push Not` instead.
If you'd rather continue using `push_neg` in your project, you can implement it as follows:
```
open Lean.Parser.Tactic in
macro "push_neg" cfg:optConfig loc:(location)? : tactic =>
  `(tactic| push $cfg:optConfig Not $[$loc]?)
```
warning: BoussinesqBlowup/S7/Readout.lean:945:21: `push_neg` has been deprecated. Prefer using `push Not` instead.
If you'd rather continue using `push_neg` in your project, you can implement it as follows:
```
open Lean.Parser.Tactic in
macro "push_neg" cfg:optConfig loc:(location)? : tactic =>
  `(tactic| push $cfg:optConfig Not $[$loc]?)
```
warning: BoussinesqBlowup/S7/Readout.lean:871:70: Variable name `hτT` is not explicitly referenced.

The binding can be removed (if unused) or named `_` (if used implicitly).

Note: This linter can be disabled with `set_option linter.unusedVariables false`
warning: BoussinesqBlowup/S7/Readout.lean:1067:4: `push_neg` has been deprecated. Prefer using `push Not` instead.
If you'd rather continue using `push_neg` in your project, you can implement it as follows:
```
open Lean.Parser.Tactic in
macro "push_neg" cfg:optConfig loc:(location)? : tactic =>
  `(tactic| push $cfg:optConfig Not $[$loc]?)
```
warning: BoussinesqBlowup/S7/Readout.lean:1173:2: `push_neg` has been deprecated. Prefer using `push Not` instead.
If you'd rather continue using `push_neg` in your project, you can implement it as follows:
```
open Lean.Parser.Tactic in
macro "push_neg" cfg:optConfig loc:(location)? : tactic =>
  `(tactic| push $cfg:optConfig Not $[$loc]?)
```
warning: BoussinesqBlowup/S7/Readout.lean:1288:4: `push_neg` has been deprecated. Prefer using `push Not` instead.
If you'd rather continue using `push_neg` in your project, you can implement it as follows:
```
open Lean.Parser.Tactic in
macro "push_neg" cfg:optConfig loc:(location)? : tactic =>
  `(tactic| push $cfg:optConfig Not $[$loc]?)
```
warning: BoussinesqBlowup/S7/Readout.lean:1308:6: `push_neg` has been deprecated. Prefer using `push Not` instead.
If you'd rather continue using `push_neg` in your project, you can implement it as follows:
```
open Lean.Parser.Tactic in
macro "push_neg" cfg:optConfig loc:(location)? : tactic =>
  `(tactic| push $cfg:optConfig Not $[$loc]?)
```
warning: BoussinesqBlowup/S7/Readout.lean:1436:13: `ContinuousLinearMap.add_apply` has been deprecated: Use `add_apply` instead

Note: The updated constant is in a different namespace. Dot notation may need to be changed (e.g., from `x.add_apply` to `add_apply x`).
warning: BoussinesqBlowup/S7/Readout.lean:1466:13: `ContinuousLinearMap.smul_apply` has been deprecated: Use `smul_apply` instead

Note: The updated constant is in a different namespace. Dot notation may need to be changed (e.g., from `x.smul_apply` to `smul_apply x`).
warning: BoussinesqBlowup/S7/Readout.lean:1479:5: Variable name `hNdom` is not explicitly referenced.

The binding can be removed (if unused) or named `_` (if used implicitly).

Note: This linter can be disabled with `set_option linter.unusedVariables false`
warning: BoussinesqBlowup/S7/Readout.lean:1674:24: `ContinuousLinearMap.smul_apply` has been deprecated: Use `smul_apply` instead

Note: The updated constant is in a different namespace. Dot notation may need to be changed (e.g., from `x.smul_apply` to `smul_apply x`).
warning: BoussinesqBlowup/S7/Readout.lean:1674:56: `ContinuousLinearMap.smul_apply` has been deprecated: Use `smul_apply` instead

Note: The updated constant is in a different namespace. Dot notation may need to be changed (e.g., from `x.smul_apply` to `smul_apply x`).
warning: BoussinesqBlowup/S7/Readout.lean:1681:18: `ContinuousLinearMap.smul_apply` has been deprecated: Use `smul_apply` instead

Note: The updated constant is in a different namespace. Dot notation may need to be changed (e.g., from `x.smul_apply` to `smul_apply x`).
warning: BoussinesqBlowup/S7/Readout.lean:1681:50: `ContinuousLinearMap.smul_apply` has been deprecated: Use `smul_apply` instead

Note: The updated constant is in a different namespace. Dot notation may need to be changed (e.g., from `x.smul_apply` to `smul_apply x`).
warning: BoussinesqBlowup/S7/Readout.lean:1899:15: `ContinuousLinearMap.sub_apply` has been deprecated: Use `sub_apply` instead

Note: The updated constant is in a different namespace. Dot notation may need to be changed (e.g., from `x.sub_apply` to `sub_apply x`).
warning: BoussinesqBlowup/S7/Readout.lean:1899:46: `ContinuousLinearMap.smul_apply` has been deprecated: Use `smul_apply` instead

Note: The updated constant is in a different namespace. Dot notation may need to be changed (e.g., from `x.smul_apply` to `smul_apply x`).
warning: BoussinesqBlowup/S7/Readout.lean:1939:4: `push_neg` has been deprecated. Prefer using `push Not` instead.
If you'd rather continue using `push_neg` in your project, you can implement it as follows:
```
open Lean.Parser.Tactic in
macro "push_neg" cfg:optConfig loc:(location)? : tactic =>
  `(tactic| push $cfg:optConfig Not $[$loc]?)
```
warning: BoussinesqBlowup/S7/Readout.lean:2017:19: `push_neg` has been deprecated. Prefer using `push Not` instead.
If you'd rather continue using `push_neg` in your project, you can implement it as follows:
```
open Lean.Parser.Tactic in
macro "push_neg" cfg:optConfig loc:(location)? : tactic =>
  `(tactic| push $cfg:optConfig Not $[$loc]?)
```
⚠ [8820/10108] Replayed BoussinesqBlowup.D.PDE
warning: BoussinesqBlowup/D/PDE.lean:113:33: Variable name `hm` is not explicitly referenced.

The binding can be removed (if unused) or named `_` (if used implicitly).

Note: This linter can be disabled with `set_option linter.unusedVariables false`
warning: BoussinesqBlowup/D/PDE.lean:156:30: Variable name `hm` is not explicitly referenced.

The binding can be removed (if unused) or named `_` (if used implicitly).

Note: This linter can be disabled with `set_option linter.unusedVariables false`
warning: BoussinesqBlowup/D/PDE.lean:222:86: Variable name `hD` is not explicitly referenced.

The binding can be removed (if unused) or named `_` (if used implicitly).

Note: This linter can be disabled with `set_option linter.unusedVariables false`
warning: BoussinesqBlowup/D/PDE.lean:223:5: Variable name `ht` is not explicitly referenced.

The binding can be removed (if unused) or named `_` (if used implicitly).

Note: This linter can be disabled with `set_option linter.unusedVariables false`
warning: BoussinesqBlowup/D/PDE.lean:1012:4: `ContinuousLinearMap.smul_apply` has been deprecated: Use `smul_apply` instead

Note: The updated constant is in a different namespace. Dot notation may need to be changed (e.g., from `x.smul_apply` to `smul_apply x`).
warning: BoussinesqBlowup/D/PDE.lean:1013:4: `EuclideanSpace.single_apply` has been deprecated: Use `PiLp.single_apply` instead

Note: The updated constant has a different type:
  ∀ (p : ENNReal) (𝕜 : Type u_1) {ι : Type u_2} [inst : DecidableEq ι] [inst_1 : Zero 𝕜] (i : ι) (a : 𝕜) (j : ι),
    (PiLp.single p i a).ofLp j = if j = i then a else 0
instead of
  ∀ {ι : Type u_1} {𝕜 : Type u_3} [inst : RCLike 𝕜] [inst_1 : DecidableEq ι] (i : ι) (a : 𝕜) (j : ι),
    (EuclideanSpace.single i a).ofLp j = if j = i then a else 0

Note: The updated constant is in a different namespace. Dot notation may need to be changed (e.g., from `x.single_apply` to `PiLp.single_apply x`).
warning: BoussinesqBlowup/D/PDE.lean:1012:69: This simp argument is unused:
  PiLp.neg_apply

Hint: Omit it from the simp argument list.
  simp only [shearCLM, perp, ContinuousLinearMap.smulRight_apply, innerSL_apply_apply,
  ̲  ̲ ̲ ̲real_inner_smul_left, ContinuousLinearMap.smul_apply, PiLp.smul_apply, PiLp.add_apply,
  ̲  ̲ ̲ ̲P̵i̵L̵p̵.̵n̵e̵g̵_̵a̵p̵p̵l̵y̵,̵ ̵smul_eq_mul, e, EuclideanSpace.single_apply, inv_pow]

Note: This linter can be disabled with `set_option linter.unusedSimpArgs false`
warning: BoussinesqBlowup/D/PDE.lean:1013:33: This simp argument is unused:
  inv_pow

Hint: Omit it from the simp argument list.
  simp only [shearCLM, perp, ContinuousLinearMap.smulRight_apply, innerSL_apply_apply,
  ̲  ̲ ̲ ̲real_inner_smul_left,
  ̵  ̵ ̵ ̵ContinuousLinearMap.smul_apply, PiLp.smul_apply, PiLp.add_apply,
  ̲  ̲ ̲ ̲PiLp.neg_apply, smul_eq_mul, e,
  ̵  ̵ ̵ ̵EuclideanSpace.single_apply,̵ ̵i̵n̵v̵_̵p̵o̵w̵]

Note: This linter can be disabled with `set_option linter.unusedSimpArgs false`
warning: BoussinesqBlowup/D/PDE.lean:1094:47: `ContinuousLinearMap.neg_apply` has been deprecated: Use `neg_apply` instead

Note: The updated constant is in a different namespace. Dot notation may need to be changed (e.g., from `x.neg_apply` to `neg_apply x`).
warning: BoussinesqBlowup/D/PDE.lean:1096:15: `ContinuousLinearMap.zero_apply` has been deprecated: Use `zero_apply` instead

Note: The updated constant is in a different namespace. Dot notation may need to be changed (e.g., from `x.zero_apply` to `zero_apply x`).
warning: BoussinesqBlowup/D/PDE.lean:1101:50: Variable name `hκ` is not explicitly referenced.

The binding can be removed (if unused) or named `_` (if used implicitly).

Note: This linter can be disabled with `set_option linter.unusedVariables false`
warning: BoussinesqBlowup/D/PDE.lean:1241:13: `ContinuousLinearMap.add_apply` has been deprecated: Use `add_apply` instead

Note: The updated constant is in a different namespace. Dot notation may need to be changed (e.g., from `x.add_apply` to `add_apply x`).
warning: BoussinesqBlowup/D/PDE.lean:1241:44: `ContinuousLinearMap.coe_smul'` has been deprecated: Use `FunLike.coe_smul` instead

Note: The updated constant is in a different namespace. Dot notation may need to be changed (e.g., from `x.coe_smul'` to `FunLike.coe_smul x`).
warning: BoussinesqBlowup/D/PDE.lean:1656:4: `push_neg` has been deprecated. Prefer using `push Not` instead.
If you'd rather continue using `push_neg` in your project, you can implement it as follows:
```
open Lean.Parser.Tactic in
macro "push_neg" cfg:optConfig loc:(location)? : tactic =>
  `(tactic| push $cfg:optConfig Not $[$loc]?)
```
warning: BoussinesqBlowup/D/PDE.lean:1911:23: Variable name `hX0` is not explicitly referenced.

The binding can be removed (if unused) or named `_` (if used implicitly).

Note: This linter can be disabled with `set_option linter.unusedVariables false`
warning: BoussinesqBlowup/D/PDE.lean:2189:2: Try this: intro Nrow hNrow T' m t' hβ hm hB kmax L hNm hβ0 hβ1 htIn hbs hψ hold hreal hP' hsch
⚠ [8822/10108] Replayed BoussinesqBlowup.S4.NodeJets
warning: BoussinesqBlowup/S4/NodeJets.lean:12:82: Variable name `hlam` is not explicitly referenced.

The binding can be removed (if unused) or named `_` (if used implicitly).

Note: This linter can be disabled with `set_option linter.unusedVariables false`
warning: BoussinesqBlowup/S4/NodeJets.lean:108:41: Variable name `hh` is not explicitly referenced.

The binding can be removed (if unused) or named `_` (if used implicitly).

Note: This linter can be disabled with `set_option linter.unusedVariables false`
warning: BoussinesqBlowup/S4/NodeJets.lean:250:15: `ContinuousLinearMap.smul_apply` has been deprecated: Use `smul_apply` instead

Note: The updated constant is in a different namespace. Dot notation may need to be changed (e.g., from `x.smul_apply` to `smul_apply x`).
warning: BoussinesqBlowup/S4/NodeJets.lean:299:13: `ContinuousLinearMap.add_apply` has been deprecated: Use `add_apply` instead

Note: The updated constant is in a different namespace. Dot notation may need to be changed (e.g., from `x.add_apply` to `add_apply x`).
warning: BoussinesqBlowup/S4/NodeJets.lean:299:81: `ContinuousLinearMap.neg_apply` has been deprecated: Use `neg_apply` instead

Note: The updated constant is in a different namespace. Dot notation may need to be changed (e.g., from `x.neg_apply` to `neg_apply x`).
warning: BoussinesqBlowup/S4/NodeJets.lean:972:45: Variable name `hP` is not explicitly referenced.

The binding can be removed (if unused) or named `_` (if used implicitly).

Note: This linter can be disabled with `set_option linter.unusedVariables false`
warning: BoussinesqBlowup/S4/NodeJets.lean:1039:33: Variable name `hP` is not explicitly referenced.

The binding can be removed (if unused) or named `_` (if used implicitly).

Note: This linter can be disabled with `set_option linter.unusedVariables false`
warning: BoussinesqBlowup/S4/NodeJets.lean:1118:13: `ContinuousLinearMap.add_apply` has been deprecated: Use `add_apply` instead

Note: The updated constant is in a different namespace. Dot notation may need to be changed (e.g., from `x.add_apply` to `add_apply x`).
warning: BoussinesqBlowup/S4/NodeJets.lean:1118:44: `ContinuousLinearMap.smul_apply` has been deprecated: Use `smul_apply` instead

Note: The updated constant is in a different namespace. Dot notation may need to be changed (e.g., from `x.smul_apply` to `smul_apply x`).
warning: BoussinesqBlowup/S4/NodeJets.lean:1119:26: `ContinuousLinearMap.coe_smul'` has been deprecated: Use `FunLike.coe_smul` instead

Note: The updated constant is in a different namespace. Dot notation may need to be changed (e.g., from `x.coe_smul'` to `FunLike.coe_smul x`).
warning: BoussinesqBlowup/S4/NodeJets.lean:1119:26: This simp argument is unused:
  ContinuousLinearMap.coe_smul'

Hint: Omit it from the simp argument list.
  simp only [ContinuousLinearMap.add_apply, ContinuousLinearMap.smul_apply, innerSL_apply_apply,
  ̲  ̲ ̲ ̲smul_eq_mul, real_inner_smul_left, C̵o̵n̵t̵i̵n̵u̵o̵u̵s̵L̵i̵n̵e̵a̵r̵M̵a̵p̵.̵c̵o̵e̵_̵s̵m̵u̵l̵'̵,̵ ̵Pi.smul_apply]

Note: This linter can be disabled with `set_option linter.unusedSimpArgs false`
warning: BoussinesqBlowup/S4/NodeJets.lean:1119:57: This simp argument is unused:
  Pi.smul_apply

Hint: Omit it from the simp argument list.
  simp only [ContinuousLinearMap.add_apply, ContinuousLinearMap.smul_apply, innerSL_apply_apply,
  ̲  ̲ ̲ ̲smul_eq_mul,
  ̵  ̵ ̵ ̵real_inner_smul_left, ContinuousLinearMap.coe_smul',̵ ̵P̵i̵.̵s̵m̵u̵l̵_̵a̵p̵p̵l̵y̵]

Note: This linter can be disabled with `set_option linter.unusedSimpArgs false`
⚠ [8825/10108] Replayed BoussinesqBlowup.S4.TimeRates.Core
warning: BoussinesqBlowup/S4/TimeRates/Core.lean:85:73: Variable name `hc'` is not explicitly referenced.

The binding can be removed (if unused) or named `_` (if used implicitly).

Note: This linter can be disabled with `set_option linter.unusedVariables false`
warning: BoussinesqBlowup/S4/TimeRates/Core.lean:295:22: Variable name `x` is not explicitly referenced.

The binding can be removed (if unused) or named `_` (if used implicitly).

Note: This linter can be disabled with `set_option linter.unusedVariables false`
warning: BoussinesqBlowup/S4/TimeRates/Core.lean:301:37: Variable name `hab` is not explicitly referenced.

The binding can be removed (if unused) or named `_` (if used implicitly).

Note: This linter can be disabled with `set_option linter.unusedVariables false`
warning: BoussinesqBlowup/S4/TimeRates/Core.lean:1286:27: `ContinuousLinearMap.sum_apply` has been deprecated: Use `sum_apply` instead

Note: The updated constant is in a different namespace. Dot notation may need to be changed (e.g., from `x.sum_apply` to `sum_apply x`).
warning: BoussinesqBlowup/S4/TimeRates/Core.lean:1292:12: `ContinuousLinearMap.sum_apply` has been deprecated: Use `sum_apply` instead

Note: The updated constant is in a different namespace. Dot notation may need to be changed (e.g., from `x.sum_apply` to `sum_apply x`).
warning: BoussinesqBlowup/S4/TimeRates/Core.lean:1403:45: `ContinuousLinearMap.zero_apply` has been deprecated: Use `zero_apply` instead

Note: The updated constant is in a different namespace. Dot notation may need to be changed (e.g., from `x.zero_apply` to `zero_apply x`).
warning: BoussinesqBlowup/S4/TimeRates/Core.lean:1192:21: Variable name `Pr` is not explicitly referenced.

The binding can be removed (if unused) or named `_` (if used implicitly).

Note: This linter can be disabled with `set_option linter.unusedVariables false`
warning: BoussinesqBlowup/S4/TimeRates/Core.lean:1609:27: `ContinuousLinearMap.sum_apply` has been deprecated: Use `sum_apply` instead

Note: The updated constant is in a different namespace. Dot notation may need to be changed (e.g., from `x.sum_apply` to `sum_apply x`).
warning: BoussinesqBlowup/S4/TimeRates/Core.lean:1615:12: `ContinuousLinearMap.sum_apply` has been deprecated: Use `sum_apply` instead

Note: The updated constant is in a different namespace. Dot notation may need to be changed (e.g., from `x.sum_apply` to `sum_apply x`).
warning: BoussinesqBlowup/S4/TimeRates/Core.lean:1710:45: `ContinuousLinearMap.zero_apply` has been deprecated: Use `zero_apply` instead

Note: The updated constant is in a different namespace. Dot notation may need to be changed (e.g., from `x.zero_apply` to `zero_apply x`).
warning: BoussinesqBlowup/S4/TimeRates/Core.lean:2091:6: `ContinuousLinearMap.sum_apply` has been deprecated: Use `sum_apply` instead

Note: The updated constant is in a different namespace. Dot notation may need to be changed (e.g., from `x.sum_apply` to `sum_apply x`).
warning: BoussinesqBlowup/S4/TimeRates/Core.lean:2093:6: `ContinuousLinearMap.sum_apply` has been deprecated: Use `sum_apply` instead

Note: The updated constant is in a different namespace. Dot notation may need to be changed (e.g., from `x.sum_apply` to `sum_apply x`).
warning: BoussinesqBlowup/S4/TimeRates/Core.lean:2102:49: This simp argument is unused:
  PiLp.single_apply

Hint: Omit it from the simp argument list.
  simp [Fin.sum_univ_two, hc, e,̵ ̵P̵i̵L̵p̵.̵s̵i̵n̵g̵l̵e̵_̵a̵p̵p̵l̵y̵]

Note: This linter can be disabled with `set_option linter.unusedSimpArgs false`
warning: BoussinesqBlowup/S4/TimeRates/Core.lean:2246:17: `ContinuousLinearMap.neg_apply` has been deprecated: Use `neg_apply` instead

Note: The updated constant is in a different namespace. Dot notation may need to be changed (e.g., from `x.neg_apply` to `neg_apply x`).
warning: BoussinesqBlowup/S4/TimeRates/Core.lean:2295:24: Variable name `Pr` is not explicitly referenced.

The binding can be removed (if unused) or named `_` (if used implicitly).

Note: This linter can be disabled with `set_option linter.unusedVariables false`
warning: BoussinesqBlowup/S4/TimeRates/Core.lean:2326:8: `ContinuousLinearMap.sum_apply` has been deprecated: Use `sum_apply` instead

Note: The updated constant is in a different namespace. Dot notation may need to be changed (e.g., from `x.sum_apply` to `sum_apply x`).
warning: BoussinesqBlowup/S4/TimeRates/Core.lean:2328:8: `ContinuousLinearMap.sum_apply` has been deprecated: Use `sum_apply` instead

Note: The updated constant is in a different namespace. Dot notation may need to be changed (e.g., from `x.sum_apply` to `sum_apply x`).
warning: BoussinesqBlowup/S4/TimeRates/Core.lean:2337:51: This simp argument is unused:
  PiLp.single_apply

Hint: Omit it from the simp argument list.
  simp [Fin.sum_univ_two, hc, e,̵ ̵P̵i̵L̵p̵.̵s̵i̵n̵g̵l̵e̵_̵a̵p̵p̵l̵y̵]

Note: This linter can be disabled with `set_option linter.unusedSimpArgs false`
warning: BoussinesqBlowup/S4/TimeRates/Core.lean:2407:29: `ContinuousLinearMap.neg_apply` has been deprecated: Use `neg_apply` instead

Note: The updated constant is in a different namespace. Dot notation may need to be changed (e.g., from `x.neg_apply` to `neg_apply x`).
warning: BoussinesqBlowup/S4/TimeRates/Core.lean:2386:21: Variable name `Pr` is not explicitly referenced.

The binding can be removed (if unused) or named `_` (if used implicitly).

Note: This linter can be disabled with `set_option linter.unusedVariables false`
warning: BoussinesqBlowup/S4/TimeRates/Core.lean:2814:19: 'push_cast at h ⊢' tactic does nothing

Note: This linter can be disabled with `set_option linter.unusedTactic false`
warning: BoussinesqBlowup/S4/TimeRates/Core.lean:3187:69: This simp argument is unused:
  smul_eq_mul

Hint: Omit it from the simp argument list.
  simp only [Finset.sum_const, Finset.card_univ, Fintype.card_fin, s̵m̵u̵l̵_̵e̵q̵_̵m̵u̵l̵,̵ ̵nsmul_eq_mul, Nat.cast_ofNat,
        Nat.succ_eq_add_one] at hstep ⊢

Note: This linter can be disabled with `set_option linter.unusedSimpArgs false`
⚠ [8826/10108] Replayed BoussinesqBlowup.S4.TimeRates.T3
warning: BoussinesqBlowup/S4/TimeRates/T3.lean:1371:44: Variable name `hab` is not explicitly referenced.

The binding can be removed (if unused) or named `_` (if used implicitly).

Note: This linter can be disabled with `set_option linter.unusedVariables false`
warning: BoussinesqBlowup/S4/TimeRates/T3.lean:1434:15: `ContinuousLinearMap.smul_apply` has been deprecated: Use `smul_apply` instead

Note: The updated constant is in a different namespace. Dot notation may need to be changed (e.g., from `x.smul_apply` to `smul_apply x`).
warning: BoussinesqBlowup/S4/TimeRates/T3.lean:1736:15: `ContinuousLinearMap.smul_apply` has been deprecated: Use `smul_apply` instead

Note: The updated constant is in a different namespace. Dot notation may need to be changed (e.g., from `x.smul_apply` to `smul_apply x`).
warning: BoussinesqBlowup/S4/TimeRates/T3.lean:2099:71: `ContinuousMultilinearMap.sum_apply` has been deprecated: Use `sum_apply` instead

Note: The updated constant is in a different namespace. Dot notation may need to be changed (e.g., from `x.sum_apply` to `sum_apply x`).
warning: BoussinesqBlowup/S4/TimeRates/T3.lean:3611:92: Variable name `hL` is not explicitly referenced.

The binding can be removed (if unused) or named `_` (if used implicitly).

Note: This linter can be disabled with `set_option linter.unusedVariables false`
warning: BoussinesqBlowup/S4/TimeRates/T3.lean:4110:55: `ContinuousLinearMap.neg_apply` has been deprecated: Use `neg_apply` instead

Note: The updated constant is in a different namespace. Dot notation may need to be changed (e.g., from `x.neg_apply` to `neg_apply x`).
warning: BoussinesqBlowup/S4/TimeRates/T3.lean:4125:76: `EuclideanSpace.single_apply` has been deprecated: Use `PiLp.single_apply` instead

Note: The updated constant has a different type:
  ∀ (p : ℝ≥0∞) (𝕜 : Type u_1) {ι : Type u_2} [inst : DecidableEq ι] [inst_1 : Zero 𝕜] (i : ι) (a : 𝕜) (j : ι),
    (PiLp.single p i a).ofLp j = if j = i then a else 0
instead of
  ∀ {ι : Type u_1} {𝕜 : Type u_3} [inst : RCLike 𝕜] [inst_1 : DecidableEq ι] (i : ι) (a : 𝕜) (j : ι),
    (EuclideanSpace.single i a).ofLp j = if j = i then a else 0

Note: The updated constant is in a different namespace. Dot notation may need to be changed (e.g., from `x.single_apply` to `PiLp.single_apply x`).
warning: BoussinesqBlowup/S4/TimeRates/T3.lean:4125:76: `EuclideanSpace.single_apply` has been deprecated: Use `PiLp.single_apply` instead

Note: The updated constant has a different type:
  ∀ (p : ℝ≥0∞) (𝕜 : Type u_1) {ι : Type u_2} [inst : DecidableEq ι] [inst_1 : Zero 𝕜] (i : ι) (a : 𝕜) (j : ι),
    (PiLp.single p i a).ofLp j = if j = i then a else 0
instead of
  ∀ {ι : Type u_1} {𝕜 : Type u_3} [inst : RCLike 𝕜] [inst_1 : DecidableEq ι] (i : ι) (a : 𝕜) (j : ι),
    (EuclideanSpace.single i a).ofLp j = if j = i then a else 0

Note: The updated constant is in a different namespace. Dot notation may need to be changed (e.g., from `x.single_apply` to `PiLp.single_apply x`).
warning: BoussinesqBlowup/S4/TimeRates/T3.lean:4125:76: This simp argument is unused:
  EuclideanSpace.single_apply

Hint: Omit it from the simp argument list.
  simp [Cm24.e, PiLp.add_apply, PiLp.smul_apply,̵ ̵E̵u̵c̵l̵i̵d̵e̵a̵n̵S̵p̵a̵c̵e̵.̵s̵i̵n̵g̵l̵e̵_̵a̵p̵p̵l̵y̵]

Note: This linter can be disabled with `set_option linter.unusedSimpArgs false`
⚠ [8827/10108] Replayed BoussinesqBlowup.S4.TimeRates.Pieces
warning: BoussinesqBlowup/S4/TimeRates/Pieces.lean:366:5: Variable name `hCF0` is not explicitly referenced.

The binding can be removed (if unused) or named `_` (if used implicitly).

Note: This linter can be disabled with `set_option linter.unusedVariables false`
warning: BoussinesqBlowup/S4/TimeRates/Pieces.lean:1677:29: This simp argument is unused:
  not_false_eq_true

Hint: Omit it from the simp argument list.
  simp only [if_neg hlL, n̵o̵t̵_̵f̵a̵l̵s̵e̵_̵e̵q̵_̵t̵r̵u̵e̵,̵ ̵add_zero]

Note: This linter can be disabled with `set_option linter.unusedSimpArgs false`
warning: BoussinesqBlowup/S4/TimeRates/Pieces.lean:1840:4: `push_neg` has been deprecated. Prefer using `push Not` instead.
If you'd rather continue using `push_neg` in your project, you can implement it as follows:
```
open Lean.Parser.Tactic in
macro "push_neg" cfg:optConfig loc:(location)? : tactic =>
  `(tactic| push $cfg:optConfig Not $[$loc]?)
```
warning: BoussinesqBlowup/S4/TimeRates/Pieces.lean:1883:76: Variable name `hP` is not explicitly referenced.

The binding can be removed (if unused) or named `_` (if used implicitly).

Note: This linter can be disabled with `set_option linter.unusedVariables false`
warning: BoussinesqBlowup/S4/TimeRates/Pieces.lean:2316:34: Variable name `hMb0` is not explicitly referenced.

The binding can be removed (if unused) or named `_` (if used implicitly).

Note: This linter can be disabled with `set_option linter.unusedVariables false`
warning: BoussinesqBlowup/S4/TimeRates/Pieces.lean:2745:55: `push_neg` has been deprecated. Prefer using `push Not` instead.
If you'd rather continue using `push_neg` in your project, you can implement it as follows:
```
open Lean.Parser.Tactic in
macro "push_neg" cfg:optConfig loc:(location)? : tactic =>
  `(tactic| push $cfg:optConfig Not $[$loc]?)
```
warning: BoussinesqBlowup/S4/TimeRates/Pieces.lean:2853:5: Variable name `hG1` is not explicitly referenced.

The binding can be removed (if unused) or named `_` (if used implicitly).

Note: This linter can be disabled with `set_option linter.unusedVariables false`
warning: BoussinesqBlowup/S4/TimeRates/Pieces.lean:3082:50: Variable name `hgsum` is not explicitly referenced.

The binding can be removed (if unused) or named `_` (if used implicitly).

Note: This linter can be disabled with `set_option linter.unusedVariables false`
warning: BoussinesqBlowup/S4/TimeRates/Pieces.lean:3082:69: Variable name `hAhat` is not explicitly referenced.

The binding can be removed (if unused) or named `_` (if used implicitly).

Note: This linter can be disabled with `set_option linter.unusedVariables false`
warning: BoussinesqBlowup/S4/TimeRates/Pieces.lean:3083:20: Variable name `hCg'` is not explicitly referenced.

The binding can be removed (if unused) or named `_` (if used implicitly).

Note: This linter can be disabled with `set_option linter.unusedVariables false`
warning: BoussinesqBlowup/S4/TimeRates/Pieces.lean:3083:80: Variable name `hlam1k` is not explicitly referenced.

The binding can be removed (if unused) or named `_` (if used implicitly).

Note: This linter can be disabled with `set_option linter.unusedVariables false`
warning: BoussinesqBlowup/S4/TimeRates/Pieces.lean:3083:101: Variable name `hlamn` is not explicitly referenced.

The binding can be removed (if unused) or named `_` (if used implicitly).

Note: This linter can be disabled with `set_option linter.unusedVariables false`
info: BoussinesqBlowup/S4/TimeRates/Pieces.lean:3301:4: Try this:
  [apply] ring_nf
  
  The `ring` tactic failed to close the goal. Use `ring_nf` to obtain a normal form.
    
  Note that `ring` works primarily in *commutative* rings. If you have a noncommutative ring, abelian group or module, consider using `noncomm_ring`, `abel` or `module` instead.
warning: BoussinesqBlowup/S4/TimeRates/Pieces.lean:3298:56: This simp argument is unused:
  smul_eq_mul

Hint: Omit it from the simp argument list.
  simp only [hW, Finset.sum_const, Finset.card_range, s̵mu̵l̵_̵e̵q̵_̵m̵u̵l̵,̵ ̵m̵ax_eq_left (henv i' t ht)]

Note: This linter can be disabled with `set_option linter.unusedSimpArgs false`
warning: BoussinesqBlowup/S4/TimeRates/Pieces.lean:5240:12: `iteratedFDerivWithin_zero_fun` has been deprecated: Use `iteratedFDerivWithin_fun_zero` instead
warning: BoussinesqBlowup/S4/TimeRates/Pieces.lean:5224:48: Variable name `hab` is not explicitly referenced.

The binding can be removed (if unused) or named `_` (if used implicitly).

Note: This linter can be disabled with `set_option linter.unusedVariables false`
warning: BoussinesqBlowup/S4/TimeRates/Pieces.lean:5337:79: This simp argument is unused:
  or_true

Hint: Omit it from the simp argument list.
  simp only [le_max_iff, le_refl, true_or,̵ ̵o̵r̵_̵t̵r̵u̵e̵]

Note: This linter can be disabled with `set_option linter.unusedSimpArgs false`
warning: BoussinesqBlowup/S4/TimeRates/Pieces.lean:5345:70: This simp argument is unused:
  true_or

Hint: Omit it from the simp argument list.
  simp only [le_max_iff, le_refl, t̵r̵u̵e̵_̵o̵r̵,̵ ̵or_true]

Note: This linter can be disabled with `set_option linter.unusedSimpArgs false`
warning: BoussinesqBlowup/S4/TimeRates/Pieces.lean:6076:68: Variable name `hσb` is not explicitly referenced.

The binding can be removed (if unused) or named `_` (if used implicitly).

Note: This linter can be disabled with `set_option linter.unusedVariables false`
warning: BoussinesqBlowup/S4/TimeRates/Pieces.lean:6804:15: `ContinuousLinearMap.coe_smul'` has been deprecated: Use `FunLike.coe_smul` instead

Note: The updated constant is in a different namespace. Dot notation may need to be changed (e.g., from `x.coe_smul'` to `FunLike.coe_smul x`).
warning: BoussinesqBlowup/S4/TimeRates/Pieces.lean:6811:15: `ContinuousLinearMap.coe_smul'` has been deprecated: Use `FunLike.coe_smul` instead

Note: The updated constant is in a different namespace. Dot notation may need to be changed (e.g., from `x.coe_smul'` to `FunLike.coe_smul x`).
warning: BoussinesqBlowup/S4/TimeRates/Pieces.lean:6989:4: `ContinuousMultilinearMap.sum_apply` has been deprecated: Use `sum_apply` instead

Note: The updated constant is in a different namespace. Dot notation may need to be changed (e.g., from `x.sum_apply` to `sum_apply x`).
⚠ [8828/10108] Replayed BoussinesqBlowup.S4.TimeRates.NodesA
warning: BoussinesqBlowup/S4/TimeRates/NodesA.lean:18:8: `ContinuousLinearMap.sum_apply` has been deprecated: Use `sum_apply` instead

Note: The updated constant is in a different namespace. Dot notation may need to be changed (e.g., from `x.sum_apply` to `sum_apply x`).
warning: BoussinesqBlowup/S4/TimeRates/NodesA.lean:20:8: `ContinuousLinearMap.sum_apply` has been deprecated: Use `sum_apply` instead

Note: The updated constant is in a different namespace. Dot notation may need to be changed (e.g., from `x.sum_apply` to `sum_apply x`).
warning: BoussinesqBlowup/S4/TimeRates/NodesA.lean:29:51: This simp argument is unused:
  PiLp.single_apply

Hint: Omit it from the simp argument list.
  simp [Fin.sum_univ_two, hc, e,̵ ̵P̵i̵L̵p̵.̵s̵i̵n̵g̵l̵e̵_̵a̵p̵p̵l̵y̵]

Note: This linter can be disabled with `set_option linter.unusedSimpArgs false`
warning: BoussinesqBlowup/S4/TimeRates/NodesA.lean:111:29: `ContinuousLinearMap.neg_apply` has been deprecated: Use `neg_apply` instead

Note: The updated constant is in a different namespace. Dot notation may need to be changed (e.g., from `x.neg_apply` to `neg_apply x`).
warning: BoussinesqBlowup/S4/TimeRates/NodesA.lean:610:45: `ContinuousLinearMap.sum_apply` has been deprecated: Use `sum_apply` instead

Note: The updated constant is in a different namespace. Dot notation may need to be changed (e.g., from `x.sum_apply` to `sum_apply x`).
warning: BoussinesqBlowup/S4/TimeRates/NodesA.lean:616:31: `ContinuousLinearMap.smul_apply` has been deprecated: Use `smul_apply` instead

Note: The updated constant is in a different namespace. Dot notation may need to be changed (e.g., from `x.smul_apply` to `smul_apply x`).
warning: BoussinesqBlowup/S4/TimeRates/NodesA.lean:663:13: `ContinuousLinearMap.neg_apply` has been deprecated: Use `neg_apply` instead

Note: The updated constant is in a different namespace. Dot notation may need to be changed (e.g., from `x.neg_apply` to `neg_apply x`).
warning: BoussinesqBlowup/S4/TimeRates/NodesA.lean:663:13: This simp argument is unused:
  ContinuousLinearMap.neg_apply

Hint: Omit it from the simp argument list.
  simp only [ContinuousLinearMap.n̵e̵g̵_̵a̵p̵p̵l̵y̵,̵ ̵C̵o̵n̵t̵i̵n̵u̵o̵u̵s̵L̵i̵n̵e̵a̵r̵M̵a̵p̵.̵comp_apply, PiLp.neg_apply, neg_inj, Fin.sum_univ_two, hexp,
      PiLp.add_apply, PiLp.smul_apply, smul_eq_mul]

Note: This linter can be disabled with `set_option linter.unusedSimpArgs false`
warning: BoussinesqBlowup/S4/TimeRates/NodesA.lean:689:38: `Fin.coe_cast` has been deprecated: Use `Fin.val_cast` instead
warning: BoussinesqBlowup/S4/TimeRates/NodesA.lean:667:63: Variable name `ht` is not explicitly referenced.

The binding can be removed (if unused) or named `_` (if used implicitly).

Note: This linter can be disabled with `set_option linter.unusedVariables false`
warning: BoussinesqBlowup/S4/TimeRates/NodesA.lean:968:33: Variable name `hab` is not explicitly referenced.

The binding can be removed (if unused) or named `_` (if used implicitly).

Note: This linter can be disabled with `set_option linter.unusedVariables false`
warning: BoussinesqBlowup/S4/TimeRates/NodesA.lean:1822:51: Variable name `hc` is not explicitly referenced.

The binding can be removed (if unused) or named `_` (if used implicitly).

Note: This linter can be disabled with `set_option linter.unusedVariables false`
warning: BoussinesqBlowup/S4/TimeRates/NodesA.lean:2409:5: Variable name `haZ` is not explicitly referenced.

The binding can be removed (if unused) or named `_` (if used implicitly).

Note: This linter can be disabled with `set_option linter.unusedVariables false`
warning: BoussinesqBlowup/S4/TimeRates/NodesA.lean:2409:39: Variable name `hΛ1` is not explicitly referenced.

The binding can be removed (if unused) or named `_` (if used implicitly).

Note: This linter can be disabled with `set_option linter.unusedVariables false`
warning: BoussinesqBlowup/S4/TimeRates/NodesA.lean:2409:54: Variable name `hRr` is not explicitly referenced.

The binding can be removed (if unused) or named `_` (if used implicitly).

Note: This linter can be disabled with `set_option linter.unusedVariables false`
warning: BoussinesqBlowup/S4/TimeRates/NodesA.lean:2550:36: Variable name `hab` is not explicitly referenced.

The binding can be removed (if unused) or named `_` (if used implicitly).

Note: This linter can be disabled with `set_option linter.unusedVariables false`
warning: BoussinesqBlowup/S4/TimeRates/NodesA.lean:2655:63: this tactic is never executed

Note: This linter can be disabled with `set_option linter.unreachableTactic false`
warning: BoussinesqBlowup/S4/TimeRates/NodesA.lean:2655:63: 'ring' tactic does nothing

Note: This linter can be disabled with `set_option linter.unusedTactic false`
warning: BoussinesqBlowup/S4/TimeRates/NodesA.lean:2729:8: `ContinuousLinearMap.smul_apply` has been deprecated: Use `smul_apply` instead

Note: The updated constant is in a different namespace. Dot notation may need to be changed (e.g., from `x.smul_apply` to `smul_apply x`).
warning: BoussinesqBlowup/S4/TimeRates/NodesA.lean:2740:19: `ContinuousLinearMap.smul_apply` has been deprecated: Use `smul_apply` instead

Note: The updated constant is in a different namespace. Dot notation may need to be changed (e.g., from `x.smul_apply` to `smul_apply x`).
warning: BoussinesqBlowup/S4/TimeRates/NodesA.lean:3145:8: `ContinuousLinearMap.smul_apply` has been deprecated: Use `smul_apply` instead

Note: The updated constant is in a different namespace. Dot notation may need to be changed (e.g., from `x.smul_apply` to `smul_apply x`).
warning: BoussinesqBlowup/S4/TimeRates/NodesA.lean:3156:19: `ContinuousLinearMap.smul_apply` has been deprecated: Use `smul_apply` instead

Note: The updated constant is in a different namespace. Dot notation may need to be changed (e.g., from `x.smul_apply` to `smul_apply x`).
warning: BoussinesqBlowup/S4/TimeRates/NodesA.lean:3281:26: This simp argument is unused:
  List.count_cons

Hint: Omit it from the simp argument list.
  simp ̵[̵L̵i̵s̵t̵.̵c̵o̵u̵n̵t̵_̵c̵o̵n̵s̵]̵

Note: This linter can be disabled with `set_option linter.unusedSimpArgs false`
⚠ [8829/10108] Replayed BoussinesqBlowup.S4.TimeRates.NodesB
warning: BoussinesqBlowup/S4/TimeRates/NodesB.lean:96:56: This simp argument is unused:
  Cm24.e

Hint: Omit it from the simp argument list.
  simp [e,̵ ̵C̵m̵2̵4̵.̵e̵]

Note: This linter can be disabled with `set_option linter.unusedSimpArgs false`
warning: BoussinesqBlowup/S4/TimeRates/NodesB.lean:120:45: This simp argument is unused:
  Cm24.e

Hint: Omit it from the simp argument list.
  simp [e,̵ ̵C̵m̵2̵4̵.̵e̵]

Note: This linter can be disabled with `set_option linter.unusedSimpArgs false`
warning: BoussinesqBlowup/S4/TimeRates/NodesB.lean:121:45: This simp argument is unused:
  Cm24.e

Hint: Omit it from the simp argument list.
  simp [e,̵ ̵C̵m̵2̵4̵.̵e̵]

Note: This linter can be disabled with `set_option linter.unusedSimpArgs false`
warning: BoussinesqBlowup/S4/TimeRates/NodesB.lean:142:87: Variable name `a` is not explicitly referenced.

The binding can be removed (if unused) or named `_` (if used implicitly).

Note: This linter can be disabled with `set_option linter.unusedVariables false`
warning: BoussinesqBlowup/S4/TimeRates/NodesB.lean:357:33: `continuousOn_finset_sum` has been deprecated: Use `continuousOn_finsetSum` instead
warning: BoussinesqBlowup/S4/TimeRates/NodesB.lean:359:25: `continuousOn_finset_sum` has been deprecated: Use `continuousOn_finsetSum` instead
warning: BoussinesqBlowup/S4/TimeRates/NodesB.lean:364:46: `intervalIntegral.integral_finset_sum` has been deprecated: Use `intervalIntegral.integral_finsetSum` instead
warning: BoussinesqBlowup/S4/TimeRates/NodesB.lean:367:8: `intervalIntegral.integral_finset_sum` has been deprecated: Use `intervalIntegral.integral_finsetSum` instead
warning: BoussinesqBlowup/S4/TimeRates/NodesB.lean:401:74: `ContinuousMultilinearMap.sum_apply` has been deprecated: Use `sum_apply` instead

Note: The updated constant is in a different namespace. Dot notation may need to be changed (e.g., from `x.sum_apply` to `sum_apply x`).
warning: BoussinesqBlowup/S4/TimeRates/NodesB.lean:423:42: This simp argument is unused:
  Cm24.e

Hint: Omit it from the simp argument list.
  simp [e,̵ ̵C̵m̵2̵4̵.̵e̵]

Note: This linter can be disabled with `set_option linter.unusedSimpArgs false`
warning: BoussinesqBlowup/S4/TimeRates/NodesB.lean:455:88: `Fin.coe_cast` has been deprecated: Use `Fin.val_cast` instead
warning: BoussinesqBlowup/S4/TimeRates/NodesB.lean:552:6: `ContinuousLinearMap.add_apply` has been deprecated: Use `add_apply` instead

Note: The updated constant is in a different namespace. Dot notation may need to be changed (e.g., from `x.add_apply` to `add_apply x`).
warning: BoussinesqBlowup/S4/TimeRates/NodesB.lean:552:37: `ContinuousLinearMap.coe_sum'` has been deprecated: Use `FunLike.coe_sum` instead

Note: The updated constant is in a different namespace. Dot notation may need to be changed (e.g., from `x.coe_sum'` to `FunLike.coe_sum x`).
warning: BoussinesqBlowup/S4/TimeRates/NodesB.lean:552:67: `ContinuousLinearMap.coe_smul'` has been deprecated: Use `FunLike.coe_smul` instead

Note: The updated constant is in a different namespace. Dot notation may need to be changed (e.g., from `x.coe_smul'` to `FunLike.coe_smul x`).
warning: BoussinesqBlowup/S4/TimeRates/NodesB.lean:554:25: This simp argument is unused:
  Finset.sum_ite_eq'

Hint: Omit it from the simp argument list.
  simp only [hAdef, Fintype.sum_sum_type, hfdef, hOpdef, Sum.elim_inl, Sum.elim_inr,
  ̲  ̲ ̲ ̲ ̲ ̲Fintype.sum_prod_type,
  ̵  ̵ ̵ ̵ ̵ ̵ContinuousLinearMap.add_apply, ContinuousLinearMap.coe_sum',
  ̲  ̲ ̲ ̲ ̲ ̲ContinuousLinearMap.coe_smul',
  ̵  ̵ ̵ ̵ ̵ ̵Finset.sum_apply, Pi.add_apply, Pi.smul_apply, smul_eq_mul,
  ̲  ̲ ̲ ̲ ̲ ̲hEB, hTD, mul_ite, mul_zero,
  ̵  ̵ ̵ ̵ ̵ ̵Finset.sum_ite_eq, Finset.s̵u̵m_̵i̵t̵e_̵e̵q̵'̵,̵ ̵F̵i̵n̵s̵e̵t̵.̵me̵m̵_univ, if_true, neg_mul,
  ̲  ̲ ̲ ̲ ̲ ̲Finset.sum_neg_distrib]

Note: This linter can be disabled with `set_option linter.unusedSimpArgs false`
warning: BoussinesqBlowup/S4/TimeRates/NodesB.lean:643:31: This simp argument is unused:
  Cm24.e

Hint: Omit it from the simp argument list.
  simp [e,̵ ̵C̵m̵2̵4̵.̵e̵]

Note: This linter can be disabled with `set_option linter.unusedSimpArgs false`
warning: BoussinesqBlowup/S4/TimeRates/NodesB.lean:749:57: Variable name `hell` is not explicitly referenced.

The binding can be removed (if unused) or named `_` (if used implicitly).

Note: This linter can be disabled with `set_option linter.unusedVariables false`
warning: BoussinesqBlowup/S4/TimeRates/NodesB.lean:2192:19: Variable name `t` is not explicitly referenced.

The binding can be removed (if unused) or named `_` (if used implicitly).

Note: This linter can be disabled with `set_option linter.unusedVariables false`
warning: BoussinesqBlowup/S4/TimeRates/NodesB.lean:2197:19: Variable name `t` is not explicitly referenced.

The binding can be removed (if unused) or named `_` (if used implicitly).

Note: This linter can be disabled with `set_option linter.unusedVariables false`
warning: BoussinesqBlowup/S4/TimeRates/NodesB.lean:2708:13: Variable name `hn` is not explicitly referenced.

The binding can be removed (if unused) or named `_` (if used implicitly).

Note: This linter can be disabled with `set_option linter.unusedVariables false`
warning: BoussinesqBlowup/S4/TimeRates/NodesB.lean:3235:4: `push_neg` has been deprecated. Prefer using `push Not` instead.
If you'd rather continue using `push_neg` in your project, you can implement it as follows:
```
open Lean.Parser.Tactic in
macro "push_neg" cfg:optConfig loc:(location)? : tactic =>
  `(tactic| push $cfg:optConfig Not $[$loc]?)
```
warning: BoussinesqBlowup/S4/TimeRates/NodesB.lean:3466:68: Variable name `hνl` is not explicitly referenced.

The binding can be removed (if unused) or named `_` (if used implicitly).

Note: This linter can be disabled with `set_option linter.unusedVariables false`
warning: BoussinesqBlowup/S4/TimeRates/NodesB.lean:4235:80: Variable name `hEn` is not explicitly referenced.

The binding can be removed (if unused) or named `_` (if used implicitly).

Note: This linter can be disabled with `set_option linter.unusedVariables false`
warning: BoussinesqBlowup/S4/TimeRates/NodesB.lean:4236:5: Variable name `hN30` is not explicitly referenced.

The binding can be removed (if unused) or named `_` (if used implicitly).

Note: This linter can be disabled with `set_option linter.unusedVariables false`
warning: BoussinesqBlowup/S4/TimeRates/NodesB.lean:4716:44: `EuclideanSpace.norm_single` has been deprecated: Use `PiLp.norm_single` instead

Note: The updated constant has a different type:
  ∀ (p : ℝ≥0∞) {ι : Type u_2} (β : ι → Type u_4) [hp : Fact (1 ≤ p)] [inst : Fintype ι]
    [inst_1 : (i : ι) → SeminormedAddCommGroup (β i)] [inst_2 : DecidableEq ι] (i : ι) (b : β i),
    ‖PiLp.single p i b‖ = ‖b‖
instead of
  ∀ {ι : Type u_1} {𝕜 : Type u_3} [inst : RCLike 𝕜] [inst_1 : DecidableEq ι] [inst_2 : Fintype ι] (i : ι) (a : 𝕜),
    ‖EuclideanSpace.single i a‖ = ‖a‖

Note: The updated constant is in a different namespace. Dot notation may need to be changed (e.g., from `x.norm_single` to `PiLp.norm_single x`).
warning: BoussinesqBlowup/S4/TimeRates/NodesB.lean:4716:44: This simp argument is unused:
  EuclideanSpace.norm_single

Hint: Omit it from the simp argument list.
  simp [e,̵ ̵E̵u̵c̵l̵i̵d̵e̵a̵n̵S̵p̵a̵c̵e̵.̵n̵o̵r̵m̵_̵s̵i̵n̵g̵l̵e̵]

Note: This linter can be disabled with `set_option linter.unusedSimpArgs false`
warning: BoussinesqBlowup/S4/TimeRates/NodesB.lean:4902:4: `ContinuousMultilinearMap.sum_apply` has been deprecated: Use `sum_apply` instead

Note: The updated constant is in a different namespace. Dot notation may need to be changed (e.g., from `x.sum_apply` to `sum_apply x`).
warning: BoussinesqBlowup/S4/TimeRates/NodesB.lean:5303:47: `EuclideanSpace.norm_single` has been deprecated: Use `PiLp.norm_single` instead

Note: The updated constant has a different type:
  ∀ (p : ℝ≥0∞) {ι : Type u_2} (β : ι → Type u_4) [hp : Fact (1 ≤ p)] [inst : Fintype ι]
    [inst_1 : (i : ι) → SeminormedAddCommGroup (β i)] [inst_2 : DecidableEq ι] (i : ι) (b : β i),
    ‖PiLp.single p i b‖ = ‖b‖
instead of
  ∀ {ι : Type u_1} {𝕜 : Type u_3} [inst : RCLike 𝕜] [inst_1 : DecidableEq ι] [inst_2 : Fintype ι] (i : ι) (a : 𝕜),
    ‖EuclideanSpace.single i a‖ = ‖a‖

Note: The updated constant is in a different namespace. Dot notation may need to be changed (e.g., from `x.norm_single` to `PiLp.norm_single x`).
warning: BoussinesqBlowup/S4/TimeRates/NodesB.lean:5304:47: `EuclideanSpace.norm_single` has been deprecated: Use `PiLp.norm_single` instead

Note: The updated constant has a different type:
  ∀ (p : ℝ≥0∞) {ι : Type u_2} (β : ι → Type u_4) [hp : Fact (1 ≤ p)] [inst : Fintype ι]
    [inst_1 : (i : ι) → SeminormedAddCommGroup (β i)] [inst_2 : DecidableEq ι] (i : ι) (b : β i),
    ‖PiLp.single p i b‖ = ‖b‖
instead of
  ∀ {ι : Type u_1} {𝕜 : Type u_3} [inst : RCLike 𝕜] [inst_1 : DecidableEq ι] [inst_2 : Fintype ι] (i : ι) (a : 𝕜),
    ‖EuclideanSpace.single i a‖ = ‖a‖

Note: The updated constant is in a different namespace. Dot notation may need to be changed (e.g., from `x.norm_single` to `PiLp.norm_single x`).
warning: BoussinesqBlowup/S4/TimeRates/NodesB.lean:5303:47: This simp argument is unused:
  EuclideanSpace.norm_single

Hint: Omit it from the simp argument list.
  simp [e,̵ ̵E̵u̵c̵l̵i̵d̵e̵a̵n̵S̵p̵a̵c̵e̵.̵n̵o̵r̵m̵_̵s̵i̵n̵g̵l̵e̵]

Note: This linter can be disabled with `set_option linter.unusedSimpArgs false`
warning: BoussinesqBlowup/S4/TimeRates/NodesB.lean:5304:47: This simp argument is unused:
  EuclideanSpace.norm_single

Hint: Omit it from the simp argument list.
  simp [e,̵ ̵E̵u̵c̵l̵i̵d̵e̵a̵n̵S̵p̵a̵c̵e̵.̵n̵o̵r̵m̵_̵s̵i̵n̵g̵l̵e̵]

Note: This linter can be disabled with `set_option linter.unusedSimpArgs false`
⚠ [8830/10108] Replayed BoussinesqBlowup.S4.TimeRates.Shear
warning: BoussinesqBlowup/S4/TimeRates/Shear.lean:26:28: `ContinuousLinearMap.add_apply` has been deprecated: Use `add_apply` instead

Note: The updated constant is in a different namespace. Dot notation may need to be changed (e.g., from `x.add_apply` to `add_apply x`).
warning: BoussinesqBlowup/S4/TimeRates/Shear.lean:26:28: This simp argument is unused:
  ContinuousLinearMap.add_apply

Hint: Omit it from the simp argument list.
  simp [perp, C̵o̵n̵t̵i̵n̵u̵o̵u̵s̵L̵i̵n̵e̵a̵r̵M̵a̵p̵.̵a̵d̵d̵_̵a̵p̵p̵l̵y̵,̵ ̵ContinuousLinearMap.smulRight_apply]

Note: This linter can be disabled with `set_option linter.unusedSimpArgs false`
warning: BoussinesqBlowup/S4/TimeRates/Shear.lean:62:23: `ContinuousLinearMap.smul_apply` has been deprecated: Use `smul_apply` instead

Note: The updated constant is in a different namespace. Dot notation may need to be changed (e.g., from `x.smul_apply` to `smul_apply x`).
warning: BoussinesqBlowup/S4/TimeRates/Shear.lean:62:55: `ContinuousLinearMap.add_apply` has been deprecated: Use `add_apply` instead

Note: The updated constant is in a different namespace. Dot notation may need to be changed (e.g., from `x.add_apply` to `add_apply x`).
warning: BoussinesqBlowup/S4/TimeRates/Shear.lean:63:25: `ContinuousLinearMap.sum_apply` has been deprecated: Use `sum_apply` instead

Note: The updated constant is in a different namespace. Dot notation may need to be changed (e.g., from `x.sum_apply` to `sum_apply x`).
warning: BoussinesqBlowup/S4/TimeRates/Shear.lean:63:25: This simp argument is unused:
  ContinuousLinearMap.sum_apply

Hint: Omit it from the simp argument list.
  simp only [shearCLM, ContinuousLinearMap.smul_apply, ContinuousLinearMap.add_apply,
  ̲  ̲ ̲ ̲ContinuousLinearMap.smulRight_apply, innerSL_apply_apply, C̵o̵n̵t̵i̵n̵u̵o̵u̵s̵L̵i̵n̵e̵a̵r̵M̵a̵p̵.̵s̵u̵m̵_̵a̵p̵p̵l̵y̵,̵ ̵Fin.sum_univ_two, he0, he1, hin ξ]

Note: This linter can be disabled with `set_option linter.unusedSimpArgs false`
warning: BoussinesqBlowup/S4/TimeRates/Shear.lean:202:96: Variable name `hX0` is not explicitly referenced.

The binding can be removed (if unused) or named `_` (if used implicitly).

Note: This linter can be disabled with `set_option linter.unusedVariables false`
warning: BoussinesqBlowup/S4/TimeRates/Shear.lean:255:31: this tactic is never executed

Note: This linter can be disabled with `set_option linter.unreachableTactic false`
warning: BoussinesqBlowup/S4/TimeRates/Shear.lean:255:31: 'ring' tactic does nothing

Note: This linter can be disabled with `set_option linter.unusedTactic false`
warning: BoussinesqBlowup/S4/TimeRates/Shear.lean:269:23: `ContinuousLinearMap.smul_apply` has been deprecated: Use `smul_apply` instead

Note: The updated constant is in a different namespace. Dot notation may need to be changed (e.g., from `x.smul_apply` to `smul_apply x`).
warning: BoussinesqBlowup/S4/TimeRates/Shear.lean:380:12: `ContinuousLinearMap.sub_apply` has been deprecated: Use `sub_apply` instead

Note: The updated constant is in a different namespace. Dot notation may need to be changed (e.g., from `x.sub_apply` to `sub_apply x`).
warning: BoussinesqBlowup/S4/TimeRates/Shear.lean:434:16: `ContinuousLinearMap.add_apply` has been deprecated: Use `add_apply` instead

Note: The updated constant is in a different namespace. Dot notation may need to be changed (e.g., from `x.add_apply` to `add_apply x`).
warning: BoussinesqBlowup/S4/TimeRates/Shear.lean:434:47: `ContinuousLinearMap.add_apply` has been deprecated: Use `add_apply` instead

Note: The updated constant is in a different namespace. Dot notation may need to be changed (e.g., from `x.add_apply` to `add_apply x`).
warning: BoussinesqBlowup/S4/TimeRates/Shear.lean:434:78: `ContinuousLinearMap.smul_apply` has been deprecated: Use `smul_apply` instead

Note: The updated constant is in a different namespace. Dot notation may need to be changed (e.g., from `x.smul_apply` to `smul_apply x`).
warning: BoussinesqBlowup/S4/TimeRates/Shear.lean:652:17: `ContinuousLinearMap.zero_apply` has been deprecated: Use `zero_apply` instead

Note: The updated constant is in a different namespace. Dot notation may need to be changed (e.g., from `x.zero_apply` to `zero_apply x`).
warning: BoussinesqBlowup/S4/TimeRates/Shear.lean:710:8: `ContinuousLinearMap.sum_apply` has been deprecated: Use `sum_apply` instead

Note: The updated constant is in a different namespace. Dot notation may need to be changed (e.g., from `x.sum_apply` to `sum_apply x`).
warning: BoussinesqBlowup/S4/TimeRates/Shear.lean:715:10: `ContinuousLinearMap.sum_apply` has been deprecated: Use `sum_apply` instead

Note: The updated constant is in a different namespace. Dot notation may need to be changed (e.g., from `x.sum_apply` to `sum_apply x`).
warning: BoussinesqBlowup/S4/TimeRates/Shear.lean:727:8: `ContinuousLinearMap.smul_apply` has been deprecated: Use `smul_apply` instead

Note: The updated constant is in a different namespace. Dot notation may need to be changed (e.g., from `x.smul_apply` to `smul_apply x`).
warning: BoussinesqBlowup/S4/TimeRates/Shear.lean:767:14: `ContinuousLinearMap.add_apply` has been deprecated: Use `add_apply` instead

Note: The updated constant is in a different namespace. Dot notation may need to be changed (e.g., from `x.add_apply` to `add_apply x`).
warning: BoussinesqBlowup/S4/TimeRates/Shear.lean:864:71: `ContinuousMultilinearMap.sum_apply` has been deprecated: Use `sum_apply` instead

Note: The updated constant is in a different namespace. Dot notation may need to be changed (e.g., from `x.sum_apply` to `sum_apply x`).
warning: BoussinesqBlowup/S4/TimeRates/Shear.lean:1158:13: `EuclideanSpace.single_apply` has been deprecated: Use `PiLp.single_apply` instead

Note: The updated constant has a different type:
  ∀ (p : ℝ≥0∞) (𝕜 : Type u_1) {ι : Type u_2} [inst : DecidableEq ι] [inst_1 : Zero 𝕜] (i : ι) (a : 𝕜) (j : ι),
    (PiLp.single p i a).ofLp j = if j = i then a else 0
instead of
  ∀ {ι : Type u_1} {𝕜 : Type u_3} [inst : RCLike 𝕜] [inst_1 : DecidableEq ι] (i : ι) (a : 𝕜) (j : ι),
    (EuclideanSpace.single i a).ofLp j = if j = i then a else 0

Note: The updated constant is in a different namespace. Dot notation may need to be changed (e.g., from `x.single_apply` to `PiLp.single_apply x`).
warning: BoussinesqBlowup/S4/TimeRates/Shear.lean:1158:13: This simp argument is unused:
  EuclideanSpace.single_apply

Hint: Omit it from the simp argument list.
  simp [e, E̵u̵c̵l̵i̵d̵e̵a̵n̵S̵p̵a̵c̵e̵.̵s̵i̵n̵g̵l̵e̵_̵a̵p̵p̵l̵y̵,̵ ̵eq_comm]

Note: This linter can be disabled with `set_option linter.unusedSimpArgs false`
warning: BoussinesqBlowup/S4/TimeRates/Shear.lean:1168:31: `ContinuousLinearMap.add_apply` has been deprecated: Use `add_apply` instead

Note: The updated constant is in a different namespace. Dot notation may need to be changed (e.g., from `x.add_apply` to `add_apply x`).
warning: BoussinesqBlowup/S4/TimeRates/Shear.lean:1168:62: `ContinuousLinearMap.smul_apply` has been deprecated: Use `smul_apply` instead

Note: The updated constant is in a different namespace. Dot notation may need to be changed (e.g., from `x.smul_apply` to `smul_apply x`).
warning: BoussinesqBlowup/S4/TimeRates/Shear.lean:1170:90: This simp argument is unused:
  Fin.one_eq_zero_iff

Hint: Omit it from the simp argument list.
  simp only [Fin.isValue, ↓reduceIte, one_smul, zero_smul, smul_zero, add_zero, zero_add, ̵F̵i̵n̵.̵o̵n̵e̵_̵e̵q̵_̵z̵e̵r̵o̵_̵i̵f̵f̵,̵
      Fin.zero_eq_one_iff, OfNat.ofNat_ne_one, one_ne_zero]

Note: This linter can be disabled with `set_option linter.unusedSimpArgs false`
warning: BoussinesqBlowup/S4/TimeRates/Shear.lean:1164:57: Used `tac1 <;> tac2` where `(tac1; tac2)` would suffice

Note: This linter can be disabled with `set_option linter.unnecessarySeqFocus false`
warning: BoussinesqBlowup/S4/TimeRates/Shear.lean:1210:30: This simp argument is unused:
  Fin.sum_univ_two

Hint: Omit it from the simp argument list.
  simp ̵[̵F̵i̵n̵.̵s̵u̵m̵_̵u̵n̵i̵v̵_̵t̵w̵o̵]̵

Note: This linter can be disabled with `set_option linter.unusedSimpArgs false`
warning: BoussinesqBlowup/S4/TimeRates/Shear.lean:1236:6: `ContinuousLinearMap.sub_apply` has been deprecated: Use `sub_apply` instead

Note: The updated constant is in a different namespace. Dot notation may need to be changed (e.g., from `x.sub_apply` to `sub_apply x`).
warning: BoussinesqBlowup/S4/TimeRates/Shear.lean:1352:79: This simp argument is unused:
  or_true

Hint: Omit it from the simp argument list.
  simp only [le_max_iff, le_refl, true_or,̵ ̵o̵r̵_̵t̵r̵u̵e̵]

Note: This linter can be disabled with `set_option linter.unusedSimpArgs false`
warning: BoussinesqBlowup/S4/TimeRates/Shear.lean:1355:70: This simp argument is unused:
  true_or

Hint: Omit it from the simp argument list.
  simp only [le_max_iff, le_refl, t̵r̵u̵e̵_̵o̵r̵,̵ ̵or_true]

Note: This linter can be disabled with `set_option linter.unusedSimpArgs false`
warning: BoussinesqBlowup/S4/TimeRates/Shear.lean:1764:79: Variable name `T` is not explicitly referenced.

The binding can be removed (if unused) or named `_` (if used implicitly).

Note: This linter can be disabled with `set_option linter.unusedVariables false`
warning: BoussinesqBlowup/S4/TimeRates/Shear.lean:1765:18: Variable name `hβ` is not explicitly referenced.

The binding can be removed (if unused) or named `_` (if used implicitly).

Note: This linter can be disabled with `set_option linter.unusedVariables false`
warning: BoussinesqBlowup/S4/TimeRates/Shear.lean:1765:59: Variable name `hgg` is not explicitly referenced.

The binding can be removed (if unused) or named `_` (if used implicitly).

Note: This linter can be disabled with `set_option linter.unusedVariables false`
warning: BoussinesqBlowup/S4/TimeRates/Shear.lean:1766:35: Variable name `hL'` is not explicitly referenced.

The binding can be removed (if unused) or named `_` (if used implicitly).

Note: This linter can be disabled with `set_option linter.unusedVariables false`
warning: BoussinesqBlowup/S4/TimeRates/Shear.lean:1767:5: Variable name `hS0` is not explicitly referenced.

The binding can be removed (if unused) or named `_` (if used implicitly).

Note: This linter can be disabled with `set_option linter.unusedVariables false`
warning: BoussinesqBlowup/S4/TimeRates/Shear.lean:1767:19: Variable name `hS'0` is not explicitly referenced.

The binding can be removed (if unused) or named `_` (if used implicitly).

Note: This linter can be disabled with `set_option linter.unusedVariables false`
warning: BoussinesqBlowup/S4/TimeRates/Shear.lean:2006:47: Variable name `hP` is not explicitly referenced.

The binding can be removed (if unused) or named `_` (if used implicitly).

Note: This linter can be disabled with `set_option linter.unusedVariables false`
warning: BoussinesqBlowup/S4/TimeRates/Shear.lean:2040:79: This simp argument is unused:
  or_true

Hint: Omit it from the simp argument list.
  simp only [le_max_iff, le_refl, true_or,̵ ̵o̵r̵_̵t̵r̵u̵e̵]

Note: This linter can be disabled with `set_option linter.unusedSimpArgs false`
warning: BoussinesqBlowup/S4/TimeRates/Shear.lean:2044:96: This simp argument is unused:
  true_or

Hint: Omit it from the simp argument list.
  simp only [le_max_iff, le_refl,
  ̲  ̲ ̲ ̲t̵r̵u̵e̵_̵o̵r̵,̵ ̵or_true]

Note: This linter can be disabled with `set_option linter.unusedSimpArgs false`
warning: BoussinesqBlowup/S4/TimeRates/Shear.lean:2385:2: `push_neg` has been deprecated. Prefer using `push Not` instead.
If you'd rather continue using `push_neg` in your project, you can implement it as follows:
```
open Lean.Parser.Tactic in
macro "push_neg" cfg:optConfig loc:(location)? : tactic =>
  `(tactic| push $cfg:optConfig Not $[$loc]?)
```
warning: BoussinesqBlowup/S4/TimeRates/Shear.lean:2564:78: This simp argument is unused:
  zero_sub

Hint: Omit it from the simp argument list.
  simp only [Complex.mul_re, Complex.mul_im, Complex.I_re, Complex.I_im, Complex.ofReal_re,
  ̲  ̲ ̲ ̲Complex.ofReal_im, zero_mul, mul_zero, sub_zero, zero_add, add_zero, Real.exp_zero, one_mul,
  ̲  ̲ ̲ ̲z̵e̵r̵o̵_̵s̵u̵b̵,̵ ̵mul_one]

Note: This linter can be disabled with `set_option linter.unusedSimpArgs false`
warning: BoussinesqBlowup/S4/TimeRates/Shear.lean:2564:88: This simp argument is unused:
  mul_one

Hint: Omit it from the simp argument list.
  simp only [Complex.mul_re, Complex.mul_im, Complex.I_re, Complex.I_im, Complex.ofReal_re,
  ̲  ̲ ̲ ̲Complex.ofReal_im, zero_mul, mul_zero, sub_zero, zero_add, add_zero, Real.exp_zero, one_mul,
  ̲  ̲ ̲ ̲z̵e̵r̵o̵_̵s̵u̵b̵,̵ ̵m̵u̵l̵_̵o̵n̵e̵]̵z̲e̲r̲o̲_̲s̲u̲b̲]̲

Note: This linter can be disabled with `set_option linter.unusedSimpArgs false`
warning: BoussinesqBlowup/S4/TimeRates/Shear.lean:3197:73: `ContinuousMultilinearMap.sum_apply` has been deprecated: Use `sum_apply` instead

Note: The updated constant is in a different namespace. Dot notation may need to be changed (e.g., from `x.sum_apply` to `sum_apply x`).
warning: BoussinesqBlowup/S4/TimeRates/Shear.lean:3207:29: Variable name `x` is not explicitly referenced.

The binding can be removed (if unused) or named `_` (if used implicitly).

Note: This linter can be disabled with `set_option linter.unusedVariables false`
warning: BoussinesqBlowup/S4/TimeRates/Shear.lean:3378:16: this tactic is never executed

Note: This linter can be disabled with `set_option linter.unreachableTactic false`
warning: BoussinesqBlowup/S4/TimeRates/Shear.lean:3378:16: '(simp only [hE, hKt]; push_cast; ring)' tactic does nothing

Note: This linter can be disabled with `set_option linter.unusedTactic false`
warning: BoussinesqBlowup/S4/TimeRates/Shear.lean:3724:20: `MeasureTheory.integral_finset_sum` has been deprecated: Use `MeasureTheory.integral_finsetSum` instead
warning: BoussinesqBlowup/S4/TimeRates/Shear.lean:3724:54: `MeasureTheory.integrable_finset_sum` has been deprecated: Use `MeasureTheory.integrable_finsetSum` instead
warning: BoussinesqBlowup/S4/TimeRates/Shear.lean:3724:89: `MeasureTheory.integrable_finset_sum` has been deprecated: Use `MeasureTheory.integrable_finsetSum` instead
warning: BoussinesqBlowup/S4/TimeRates/Shear.lean:3738:12: `MeasureTheory.integral_finset_sum` has been deprecated: Use `MeasureTheory.integral_finsetSum` instead
warning: BoussinesqBlowup/S4/TimeRates/Shear.lean:3738:46: `MeasureTheory.integrable_finset_sum` has been deprecated: Use `MeasureTheory.integrable_finsetSum` instead
warning: BoussinesqBlowup/S4/TimeRates/Shear.lean:3744:18: `MeasureTheory.integral_finset_sum` has been deprecated: Use `MeasureTheory.integral_finsetSum` instead
warning: BoussinesqBlowup/S4/TimeRates/Shear.lean:4036:17: This simp argument is unused:
  Nat.not_succ_le_zero

Hint: Omit it from the simp argument list.
  simp only [N̵a̵t̵.̵n̵o̵t̵_̵s̵u̵c̵c̵_̵l̵e̵_̵z̵e̵r̵o̵,̵ ̵if_false, le_refl, if_true, zero_add, add_zero]

Note: This linter can be disabled with `set_option linter.unusedSimpArgs false`
warning: BoussinesqBlowup/S4/TimeRates/Shear.lean:4036:39: This simp argument is unused:
  if_false

Hint: Omit it from the simp argument list.
  simp only [Nat.not_succ_le_zero, i̵f̵_̵f̵a̵ls̵e,̵ ̵l̵e̵_refl, if_true, zero_add, add_zero]

Note: This linter can be disabled with `set_option linter.unusedSimpArgs false`
warning: BoussinesqBlowup/S4/TimeRates/Shear.lean:4036:67: This simp argument is unused:
  zero_add

Hint: Omit it from the simp argument list.
  simp only [Nat.not_succ_le_zero, if_false, le_refl, if_true, z̵e̵r̵o̵_̵add,̵ ̵a̵d̵d̵_zero]

Note: This linter can be disabled with `set_option linter.unusedSimpArgs false`
warning: BoussinesqBlowup/S4/TimeRates/Shear.lean:4036:77: This simp argument is unused:
  add_zero

Hint: Omit it from the simp argument list.
  simp only [Nat.not_succ_le_zero, if_false, le_refl, if_true, zero_add,̵ ̵a̵d̵d̵_̵z̵e̵r̵o̵]

Note: This linter can be disabled with `set_option linter.unusedSimpArgs false`
warning: BoussinesqBlowup/S4/TimeRates/Shear.lean:4536:6: `ContinuousLinearMap.add_apply` has been deprecated: Use `add_apply` instead

Note: The updated constant is in a different namespace. Dot notation may need to be changed (e.g., from `x.add_apply` to `add_apply x`).
warning: BoussinesqBlowup/S4/TimeRates/Shear.lean:4536:37: `ContinuousLinearMap.smul_apply` has been deprecated: Use `smul_apply` instead

Note: The updated constant is in a different namespace. Dot notation may need to be changed (e.g., from `x.smul_apply` to `smul_apply x`).
warning: BoussinesqBlowup/S4/TimeRates/Shear.lean:4533:82: This simp argument is unused:
  innerSL_apply_apply

Hint: Omit it from the simp argument list.
  simp only [ContinuousLinearMap.mul_apply', hqf, hPf, hBi, hAf, hJf, hξf, hWf, ̵i̵n̵n̵e̵r̵S̵L̵_̵a̵p̵p̵l̵y̵_̵a̵p̵p̵l̵y̵,̵
        ContinuousLinearMap.id_apply, hLp]

Note: This linter can be disabled with `set_option linter.unusedSimpArgs false`
⚠ [8831/10108] Replayed BoussinesqBlowup.S4.TimeRates.Force
warning: BoussinesqBlowup/S4/TimeRates/Force.lean:10:59: Variable name `hg` is not explicitly referenced.

The binding can be removed (if unused) or named `_` (if used implicitly).

Note: This linter can be disabled with `set_option linter.unusedVariables false`
warning: BoussinesqBlowup/S4/TimeRates/Force.lean:235:21: `push_neg` has been deprecated. Prefer using `push Not` instead.
If you'd rather continue using `push_neg` in your project, you can implement it as follows:
```
open Lean.Parser.Tactic in
macro "push_neg" cfg:optConfig loc:(location)? : tactic =>
  `(tactic| push $cfg:optConfig Not $[$loc]?)
```
warning: BoussinesqBlowup/S4/TimeRates/Force.lean:316:49: this tactic is never executed

Note: This linter can be disabled with `set_option linter.unreachableTactic false`
warning: BoussinesqBlowup/S4/TimeRates/Force.lean:316:49: 'ring' tactic does nothing

Note: This linter can be disabled with `set_option linter.unusedTactic false`
warning: BoussinesqBlowup/S4/TimeRates/Force.lean:393:99: Variable name `hκ` is not explicitly referenced.

The binding can be removed (if unused) or named `_` (if used implicitly).

Note: This linter can be disabled with `set_option linter.unusedVariables false`
warning: BoussinesqBlowup/S4/TimeRates/Force.lean:393:112: Variable name `hA` is not explicitly referenced.

The binding can be removed (if unused) or named `_` (if used implicitly).

Note: This linter can be disabled with `set_option linter.unusedVariables false`
warning: BoussinesqBlowup/S4/TimeRates/Force.lean:563:20: Variable name `hb0` is not explicitly referenced.

The binding can be removed (if unused) or named `_` (if used implicitly).

Note: This linter can be disabled with `set_option linter.unusedVariables false`
warning: BoussinesqBlowup/S4/TimeRates/Force.lean:620:5: Variable name `hN` is not explicitly referenced.

The binding can be removed (if unused) or named `_` (if used implicitly).

Note: This linter can be disabled with `set_option linter.unusedVariables false`
warning: BoussinesqBlowup/S4/TimeRates/Force.lean:620:89: Variable name `hr₂` is not explicitly referenced.

The binding can be removed (if unused) or named `_` (if used implicitly).

Note: This linter can be disabled with `set_option linter.unusedVariables false`
warning: BoussinesqBlowup/S4/TimeRates/Force.lean:621:32: Variable name `hCX0` is not explicitly referenced.

The binding can be removed (if unused) or named `_` (if used implicitly).

Note: This linter can be disabled with `set_option linter.unusedVariables false`
warning: BoussinesqBlowup/S4/TimeRates/Force.lean:621:64: Variable name `hNp` is not explicitly referenced.

The binding can be removed (if unused) or named `_` (if used implicitly).

Note: This linter can be disabled with `set_option linter.unusedVariables false`
warning: BoussinesqBlowup/S4/TimeRates/Force.lean:621:95: Variable name `hσ0` is not explicitly referenced.

The binding can be removed (if unused) or named `_` (if used implicitly).

Note: This linter can be disabled with `set_option linter.unusedVariables false`
warning: BoussinesqBlowup/S4/TimeRates/Force.lean:1144:57: Variable name `hab` is not explicitly referenced.

The binding can be removed (if unused) or named `_` (if used implicitly).

Note: This linter can be disabled with `set_option linter.unusedVariables false`
warning: BoussinesqBlowup/S4/TimeRates/Force.lean:1158:166: Variable name `hP` is not explicitly referenced.

The binding can be removed (if unused) or named `_` (if used implicitly).

Note: This linter can be disabled with `set_option linter.unusedVariables false`
warning: BoussinesqBlowup/S4/TimeRates/Force.lean:2236:79: 'ring' tactic does nothing

Note: This linter can be disabled with `set_option linter.unusedTactic false`
warning: BoussinesqBlowup/S4/TimeRates/Force.lean:2242:75: Variable name `hAh` is not explicitly referenced.

The binding can be removed (if unused) or named `_` (if used implicitly).

Note: This linter can be disabled with `set_option linter.unusedVariables false`
warning: BoussinesqBlowup/S4/TimeRates/Force.lean:2243:55: Variable name `hPC0` is not explicitly referenced.

The binding can be removed (if unused) or named `_` (if used implicitly).

Note: This linter can be disabled with `set_option linter.unusedVariables false`
warning: BoussinesqBlowup/S4/TimeRates/Force.lean:2276:38: 'ring' tactic does nothing

Note: This linter can be disabled with `set_option linter.unusedTactic false`
warning: BoussinesqBlowup/S4/TimeRates/Force.lean:2914:57: Variable name `hF` is not explicitly referenced.

The binding can be removed (if unused) or named `_` (if used implicitly).

Note: This linter can be disabled with `set_option linter.unusedVariables false`
warning: BoussinesqBlowup/S4/TimeRates/Force.lean:2914:100: Variable name `hV` is not explicitly referenced.

The binding can be removed (if unused) or named `_` (if used implicitly).

Note: This linter can be disabled with `set_option linter.unusedVariables false`
warning: BoussinesqBlowup/S4/TimeRates/Force.lean:2934:51: This simp argument is unused:
  Complex.cos_ofReal_re

Hint: Omit it from the simp argument list.
  simp only [Complex.mul_re, Complex.mul_im, Complex.add_re, Complex.add_im, Complex.ofReal_re,
      Complex.ofReal_im, Complex.I_re, Complex.I_im, Complex.c̵o̵si̲n̲_ofReal_re, Complex.c̲o̲si̵n̵_ofReal_r̵e̵i̲m̲,
      Complex.c̵o̵s_̵o̵f̵R̵e̵a̵l̵_̵im̵,̵ ̵C̵o̵m̵p̵l̵e̵x̵.̵s̵i̵n_ofReal_im]

Note: This linter can be disabled with `set_option linter.unusedSimpArgs false`
warning: BoussinesqBlowup/S4/TimeRates/Force.lean:2934:74: This simp argument is unused:
  Complex.sin_ofReal_re

Hint: Omit it from the simp argument list.
  simp only [Complex.mul_re, Complex.mul_im, Complex.add_re, Complex.add_im, Complex.ofReal_re,
      Complex.ofReal_im, Complex.I_re, Complex.I_im, Complex.cos_ofReal_re, Complex.s̵i̵n̵_̵o̵f̵R̵e̵a̵l̵_̵r̵e̵,̵
  ̵ ̵ ̵ ̵ ̵C̵o̵m̵p̵l̵e̵x̵.̵cos_ofReal_im,
  ̲  ̲ ̲ ̲Complex.sin_ofReal_im]

Note: This linter can be disabled with `set_option linter.unusedSimpArgs false`
warning: BoussinesqBlowup/S4/TimeRates/Force.lean:2935:4: This simp argument is unused:
  Complex.cos_ofReal_im

Hint: Omit it from the simp argument list.
  simp only [Complex.mul_re, Complex.mul_im, Complex.add_re, Complex.add_im, Complex.ofReal_re,
      Complex.ofReal_im, Complex.I_re, Complex.I_im, Complex.cos_ofReal_re, Complex.sin_ofReal_re,
      Complex.c̵o̵s_̵o̵f̵R̵e̵a̵l̵_̵im̵,̵ ̵C̵o̵m̵p̵l̵e̵x̵.̵s̵i̵n_ofReal_im]

Note: This linter can be disabled with `set_option linter.unusedSimpArgs false`
warning: BoussinesqBlowup/S4/TimeRates/Force.lean:2935:27: This simp argument is unused:
  Complex.sin_ofReal_im

Hint: Omit it from the simp argument list.
  simp only [Complex.mul_re, Complex.mul_im, Complex.add_re, Complex.add_im, Complex.ofReal_re,
      Complex.ofReal_im, Complex.I_re, Complex.I_im, Complex.cos_ofReal_re, Complex.sin_ofReal_re,
      Complex.cos_ofReal_im,̵ ̵C̵o̵m̵p̵l̵e̵x̵.̵s̵i̵n̵_̵o̵f̵R̵e̵a̵l̵_̵i̵m̵]

Note: This linter can be disabled with `set_option linter.unusedSimpArgs false`
warning: BoussinesqBlowup/S4/TimeRates/Force.lean:3494:61: Variable name `Mq` is not explicitly referenced.

The binding can be removed (if unused) or named `_` (if used implicitly).

Note: This linter can be disabled with `set_option linter.unusedVariables false`
warning: BoussinesqBlowup/S4/TimeRates/Force.lean:3499:49: Variable name `hℓ` is not explicitly referenced.

The binding can be removed (if unused) or named `_` (if used implicitly).

Note: This linter can be disabled with `set_option linter.unusedVariables false`
warning: BoussinesqBlowup/S4/TimeRates/Force.lean:4043:31: Variable name `hcg` is not explicitly referenced.

The binding can be removed (if unused) or named `_` (if used implicitly).

Note: This linter can be disabled with `set_option linter.unusedVariables false`
warning: BoussinesqBlowup/S4/TimeRates/Force.lean:4045:49: Variable name `hV0` is not explicitly referenced.

The binding can be removed (if unused) or named `_` (if used implicitly).

Note: This linter can be disabled with `set_option linter.unusedVariables false`
warning: BoussinesqBlowup/S4/TimeRates/Force.lean:4226:31: Variable name `hcg` is not explicitly referenced.

The binding can be removed (if unused) or named `_` (if used implicitly).

Note: This linter can be disabled with `set_option linter.unusedVariables false`
warning: BoussinesqBlowup/S4/TimeRates/Force.lean:4227:78: Variable name `hV0` is not explicitly referenced.

The binding can be removed (if unused) or named `_` (if used implicitly).

Note: This linter can be disabled with `set_option linter.unusedVariables false`
warning: BoussinesqBlowup/S4/TimeRates/Force.lean:5093:44: Used `tac1 <;> tac2` where `(tac1; tac2)` would suffice

Note: This linter can be disabled with `set_option linter.unnecessarySeqFocus false`
warning: BoussinesqBlowup/S4/TimeRates/Force.lean:6114:60: Variable name `hν0` is not explicitly referenced.

The binding can be removed (if unused) or named `_` (if used implicitly).

Note: This linter can be disabled with `set_option linter.unusedVariables false`
warning: BoussinesqBlowup/S4/TimeRates/Force.lean:7019:6: `push_neg` has been deprecated. Prefer using `push Not` instead.
If you'd rather continue using `push_neg` in your project, you can implement it as follows:
```
open Lean.Parser.Tactic in
macro "push_neg" cfg:optConfig loc:(location)? : tactic =>
  `(tactic| push $cfg:optConfig Not $[$loc]?)
```
warning: BoussinesqBlowup/S4/TimeRates/Force.lean:7076:45: 'push_cast' tactic does nothing

Note: This linter can be disabled with `set_option linter.unusedTactic false`
warning: BoussinesqBlowup/S4/TimeRates/Force.lean:8176:17: This simp argument is unused:
  WithLp.ofLp_add

Hint: Omit it from the simp argument list.
  simp only [W̵i̵t̵h̵L̵p̵.̵o̵f̵L̵p̵_̵a̵d̵d̵,̵ ̵Pi.add_apply, PiLp.add_apply]

Note: This linter can be disabled with `set_option linter.unusedSimpArgs false`
warning: BoussinesqBlowup/S4/TimeRates/Force.lean:8176:34: This simp argument is unused:
  Pi.add_apply

Hint: Omit it from the simp argument list.
  simp only [WithLp.ofLp_add, Pi.̵a̵d̵d̵_̵a̵p̵p̵l̵y̵,̵ ̵P̵i̵Lp.add_apply]

Note: This linter can be disabled with `set_option linter.unusedSimpArgs false`
warning: BoussinesqBlowup/S4/TimeRates/Force.lean:8289:87: Variable name `hS` is not explicitly referenced.

The binding can be removed (if unused) or named `_` (if used implicitly).

Note: This linter can be disabled with `set_option linter.unusedVariables false`
warning: BoussinesqBlowup/S4/TimeRates/Force.lean:8326:5: Variable name `hA0` is not explicitly referenced.

The binding can be removed (if unused) or named `_` (if used implicitly).

Note: This linter can be disabled with `set_option linter.unusedVariables false`
⚠ [8833/10108] Replayed BoussinesqBlowup.Kit.BiotSavartGlobal
warning: BoussinesqBlowup/Kit/BiotSavartGlobal.lean:96:4: `push_neg` has been deprecated. Prefer using `push Not` instead.
If you'd rather continue using `push_neg` in your project, you can implement it as follows:
```
open Lean.Parser.Tactic in
macro "push_neg" cfg:optConfig loc:(location)? : tactic =>
  `(tactic| push $cfg:optConfig Not $[$loc]?)
```
⚠ [8834/10108] Replayed BoussinesqBlowup.S6.Ledger
warning: BoussinesqBlowup/S6/Ledger.lean:64:6: `ContinuousLinearMap.sum_apply` has been deprecated: Use `_root_.sum_apply` instead

Note: The updated constant is in a different namespace. Dot notation may need to be changed (e.g., from `x.sum_apply` to `_root_.sum_apply x`).
warning: BoussinesqBlowup/S6/Ledger.lean:51:22: Variable name `ht` is not explicitly referenced.

The binding can be removed (if unused) or named `_` (if used implicitly).

Note: This linter can be disabled with `set_option linter.unusedVariables false`
warning: BoussinesqBlowup/S6/Ledger.lean:125:6: `ContinuousLinearMap.add_apply` has been deprecated: Use `add_apply` instead

Note: The updated constant is in a different namespace. Dot notation may need to be changed (e.g., from `x.add_apply` to `add_apply x`).
warning: BoussinesqBlowup/S6/Ledger.lean:125:37: `ContinuousLinearMap.sum_apply` has been deprecated: Use `_root_.sum_apply` instead

Note: The updated constant is in a different namespace. Dot notation may need to be changed (e.g., from `x.sum_apply` to `_root_.sum_apply x`).
warning: BoussinesqBlowup/S6/Ledger.lean:130:6: `ContinuousLinearMap.sum_apply` has been deprecated: Use `_root_.sum_apply` instead

Note: The updated constant is in a different namespace. Dot notation may need to be changed (e.g., from `x.sum_apply` to `_root_.sum_apply x`).
warning: BoussinesqBlowup/S6/Ledger.lean:104:54: Variable name `ht` is not explicitly referenced.

The binding can be removed (if unused) or named `_` (if used implicitly).

Note: This linter can be disabled with `set_option linter.unusedVariables false`
⚠ [8835/10108] Replayed BoussinesqBlowup.S7.BaseTimeRows
warning: BoussinesqBlowup/S7/BaseTimeRows.lean:276:45: `EuclideanSpace.norm_single` has been deprecated: Use `PiLp.norm_single` instead

Note: The updated constant has a different type:
  ∀ (p : ℝ≥0∞) {ι : Type u_2} (β : ι → Type u_4) [hp : Fact (1 ≤ p)] [inst : Fintype ι]
    [inst_1 : (i : ι) → SeminormedAddCommGroup (β i)] [inst_2 : DecidableEq ι] (i : ι) (b : β i),
    ‖PiLp.single p i b‖ = ‖b‖
instead of
  ∀ {ι : Type u_1} {𝕜 : Type u_3} [inst : RCLike 𝕜] [inst_1 : DecidableEq ι] [inst_2 : Fintype ι] (i : ι) (a : 𝕜),
    ‖EuclideanSpace.single i a‖ = ‖a‖

Note: The updated constant is in a different namespace. Dot notation may need to be changed (e.g., from `x.norm_single` to `PiLp.norm_single x`).
warning: BoussinesqBlowup/S7/BaseTimeRows.lean:635:14: Variable name `i` is not explicitly referenced.

The binding can be removed (if unused) or named `_` (if used implicitly).

Note: This linter can be disabled with `set_option linter.unusedVariables false`
warning: BoussinesqBlowup/S7/BaseTimeRows.lean:828:38: `EuclideanSpace.norm_single` has been deprecated: Use `PiLp.norm_single` instead

Note: The updated constant has a different type:
  ∀ (p : ℝ≥0∞) {ι : Type u_2} (β : ι → Type u_4) [hp : Fact (1 ≤ p)] [inst : Fintype ι]
    [inst_1 : (i : ι) → SeminormedAddCommGroup (β i)] [inst_2 : DecidableEq ι] (i : ι) (b : β i),
    ‖PiLp.single p i b‖ = ‖b‖
instead of
  ∀ {ι : Type u_1} {𝕜 : Type u_3} [inst : RCLike 𝕜] [inst_1 : DecidableEq ι] [inst_2 : Fintype ι] (i : ι) (a : 𝕜),
    ‖EuclideanSpace.single i a‖ = ‖a‖

Note: The updated constant is in a different namespace. Dot notation may need to be changed (e.g., from `x.norm_single` to `PiLp.norm_single x`).
warning: BoussinesqBlowup/S7/BaseTimeRows.lean:830:38: `EuclideanSpace.norm_single` has been deprecated: Use `PiLp.norm_single` instead

Note: The updated constant has a different type:
  ∀ (p : ℝ≥0∞) {ι : Type u_2} (β : ι → Type u_4) [hp : Fact (1 ≤ p)] [inst : Fintype ι]
    [inst_1 : (i : ι) → SeminormedAddCommGroup (β i)] [inst_2 : DecidableEq ι] (i : ι) (b : β i),
    ‖PiLp.single p i b‖ = ‖b‖
instead of
  ∀ {ι : Type u_1} {𝕜 : Type u_3} [inst : RCLike 𝕜] [inst_1 : DecidableEq ι] [inst_2 : Fintype ι] (i : ι) (a : 𝕜),
    ‖EuclideanSpace.single i a‖ = ‖a‖

Note: The updated constant is in a different namespace. Dot notation may need to be changed (e.g., from `x.norm_single` to `PiLp.norm_single x`).
warning: BoussinesqBlowup/S7/BaseTimeRows.lean:884:10: `iteratedFDerivWithin_zero_fun` has been deprecated: Use `iteratedFDerivWithin_fun_zero` instead
warning: BoussinesqBlowup/S7/BaseTimeRows.lean:885:32: `ContinuousMultilinearMap.zero_apply` has been deprecated: Use `zero_apply` instead

Note: The updated constant is in a different namespace. Dot notation may need to be changed (e.g., from `x.zero_apply` to `zero_apply x`).
⚠ [8836/10108] Replayed BoussinesqBlowup.S7.TimeRegularity
warning: BoussinesqBlowup/S7/TimeRegularity.lean:110:70: Variable name `hβ` is not explicitly referenced.

The binding can be removed (if unused) or named `_` (if used implicitly).

Note: This linter can be disabled with `set_option linter.unusedVariables false`
warning: BoussinesqBlowup/S7/TimeRegularity.lean:477:4: `push_neg` has been deprecated. Prefer using `push Not` instead.
If you'd rather continue using `push_neg` in your project, you can implement it as follows:
```
open Lean.Parser.Tactic in
macro "push_neg" cfg:optConfig loc:(location)? : tactic =>
  `(tactic| push $cfg:optConfig Not $[$loc]?)
```
warning: BoussinesqBlowup/S7/TimeRegularity.lean:524:66: Variable name `hβ` is not explicitly referenced.

The binding can be removed (if unused) or named `_` (if used implicitly).

Note: This linter can be disabled with `set_option linter.unusedVariables false`
warning: BoussinesqBlowup/S7/TimeRegularity.lean:1928:10: `ContinuousLinearMap.smul_apply` has been deprecated: Use `smul_apply` instead

Note: The updated constant is in a different namespace. Dot notation may need to be changed (e.g., from `x.smul_apply` to `smul_apply x`).
warning: BoussinesqBlowup/S7/TimeRegularity.lean:2093:6: `ContinuousLinearMap.coe_sum'` has been deprecated: Use `FunLike.coe_sum` instead

Note: The updated constant is in a different namespace. Dot notation may need to be changed (e.g., from `x.coe_sum'` to `FunLike.coe_sum x`).
warning: BoussinesqBlowup/S7/TimeRegularity.lean:2093:54: `ContinuousLinearMap.smul_apply` has been deprecated: Use `smul_apply` instead

Note: The updated constant is in a different namespace. Dot notation may need to be changed (e.g., from `x.smul_apply` to `smul_apply x`).
warning: BoussinesqBlowup/S7/TimeRegularity.lean:2104:17: `ContinuousLinearMap.sub_apply` has been deprecated: Use `sub_apply` instead

Note: The updated constant is in a different namespace. Dot notation may need to be changed (e.g., from `x.sub_apply` to `sub_apply x`).
warning: BoussinesqBlowup/S7/TimeRegularity.lean:2104:48: `ContinuousLinearMap.smul_apply` has been deprecated: Use `smul_apply` instead

Note: The updated constant is in a different namespace. Dot notation may need to be changed (e.g., from `x.smul_apply` to `smul_apply x`).
warning: BoussinesqBlowup/S7/TimeRegularity.lean:2333:51: This simp argument is unused:
  Matrix.head_cons

Hint: Omit it from the simp argument list.
  simp only [TowerData.zOf, Matrix.cons_val_one, M̵a̵t̵r̵i̵x̵.̵h̵e̵a̵d̵_̵c̵o̵n̵s̵,̵ ̵Matrix.cons_val_zero]

Note: This linter can be disabled with `set_option linter.unusedSimpArgs false`
warning: BoussinesqBlowup/S7/TimeRegularity.lean:2353:55: This simp argument is unused:
  Matrix.head_cons

Hint: Omit it from the simp argument list.
  simp only [S2.dressedRsField, Matrix.cons_val_one, M̵a̵t̵r̵i̵x̵.̵h̵e̵a̵d̵_̵c̵o̵n̵s̵,̵ ̵Matrix.cons_val_zero]

Note: This linter can be disabled with `set_option linter.unusedSimpArgs false`
warning: BoussinesqBlowup/S7/TimeRegularity.lean:2591:26: `ContinuousLinearMap.smul_apply` has been deprecated: Use `smul_apply` instead

Note: The updated constant is in a different namespace. Dot notation may need to be changed (e.g., from `x.smul_apply` to `smul_apply x`).
warning: BoussinesqBlowup/S7/TimeRegularity.lean:2590:46: this tactic is never executed

Note: This linter can be disabled with `set_option linter.unreachableTactic false`
warning: BoussinesqBlowup/S7/TimeRegularity.lean:2590:46: 'ring' tactic does nothing

Note: This linter can be disabled with `set_option linter.unusedTactic false`
warning: BoussinesqBlowup/S7/TimeRegularity.lean:2670:9: Variable name `t` is not explicitly referenced.

The binding can be removed (if unused) or named `_` (if used implicitly).

Note: This linter can be disabled with `set_option linter.unusedVariables false`
warning: BoussinesqBlowup/S7/TimeRegularity.lean:2751:82: Variable name `hab` is not explicitly referenced.

The binding can be removed (if unused) or named `_` (if used implicitly).

Note: This linter can be disabled with `set_option linter.unusedVariables false`
warning: BoussinesqBlowup/S7/TimeRegularity.lean:2752:41: Variable name `hdψ` is not explicitly referenced.

The binding can be removed (if unused) or named `_` (if used implicitly).

Note: This linter can be disabled with `set_option linter.unusedVariables false`
warning: BoussinesqBlowup/S7/TimeRegularity.lean:2883:21: `push_neg` has been deprecated. Prefer using `push Not` instead.
If you'd rather continue using `push_neg` in your project, you can implement it as follows:
```
open Lean.Parser.Tactic in
macro "push_neg" cfg:optConfig loc:(location)? : tactic =>
  `(tactic| push $cfg:optConfig Not $[$loc]?)
```
warning: BoussinesqBlowup/S7/TimeRegularity.lean:2885:21: `push_neg` has been deprecated. Prefer using `push Not` instead.
If you'd rather continue using `push_neg` in your project, you can implement it as follows:
```
open Lean.Parser.Tactic in
macro "push_neg" cfg:optConfig loc:(location)? : tactic =>
  `(tactic| push $cfg:optConfig Not $[$loc]?)
```
warning: BoussinesqBlowup/S7/TimeRegularity.lean:2891:6: `push_neg` has been deprecated. Prefer using `push Not` instead.
If you'd rather continue using `push_neg` in your project, you can implement it as follows:
```
open Lean.Parser.Tactic in
macro "push_neg" cfg:optConfig loc:(location)? : tactic =>
  `(tactic| push $cfg:optConfig Not $[$loc]?)
```
warning: BoussinesqBlowup/S7/TimeRegularity.lean:2930:5: Variable name `hNdom` is not explicitly referenced.

The binding can be removed (if unused) or named `_` (if used implicitly).

Note: This linter can be disabled with `set_option linter.unusedVariables false`
warning: BoussinesqBlowup/S7/TimeRegularity.lean:2931:5: Variable name `hNuni` is not explicitly referenced.

The binding can be removed (if unused) or named `_` (if used implicitly).

Note: This linter can be disabled with `set_option linter.unusedVariables false`
warning: BoussinesqBlowup/S7/TimeRegularity.lean:3114:34: `Set.right_mem_Iic` has been deprecated: Use `Set.self_mem_Iic` instead
warning: BoussinesqBlowup/S7/TimeRegularity.lean:3323:68: Variable name `hq1` is not explicitly referenced.

The binding can be removed (if unused) or named `_` (if used implicitly).

Note: This linter can be disabled with `set_option linter.unusedVariables false`
warning: BoussinesqBlowup/S7/TimeRegularity.lean:3591:10: `ContinuousLinearMap.smul_apply` has been deprecated: Use `smul_apply` instead

Note: The updated constant is in a different namespace. Dot notation may need to be changed (e.g., from `x.smul_apply` to `smul_apply x`).
warning: BoussinesqBlowup/S7/TimeRegularity.lean:3602:15: `ContinuousLinearMap.add_apply` has been deprecated: Use `add_apply` instead

Note: The updated constant is in a different namespace. Dot notation may need to be changed (e.g., from `x.add_apply` to `add_apply x`).
warning: BoussinesqBlowup/S7/TimeRegularity.lean:3602:46: `ContinuousLinearMap.smul_apply` has been deprecated: Use `smul_apply` instead

Note: The updated constant is in a different namespace. Dot notation may need to be changed (e.g., from `x.smul_apply` to `smul_apply x`).
warning: BoussinesqBlowup/S7/TimeRegularity.lean:3602:78: `ContinuousLinearMap.sum_apply` has been deprecated: Use `sum_apply` instead

Note: The updated constant is in a different namespace. Dot notation may need to be changed (e.g., from `x.sum_apply` to `sum_apply x`).
warning: BoussinesqBlowup/S7/TimeRegularity.lean:3730:6: `ContinuousLinearMap.sub_apply` has been deprecated: Use `sub_apply` instead

Note: The updated constant is in a different namespace. Dot notation may need to be changed (e.g., from `x.sub_apply` to `sub_apply x`).
warning: BoussinesqBlowup/S7/TimeRegularity.lean:3730:37: `ContinuousLinearMap.smul_apply` has been deprecated: Use `smul_apply` instead

Note: The updated constant is in a different namespace. Dot notation may need to be changed (e.g., from `x.smul_apply` to `smul_apply x`).
warning: BoussinesqBlowup/S7/TimeRegularity.lean:3755:28: `ContinuousLinearMap.smul_apply` has been deprecated: Use `smul_apply` instead

Note: The updated constant is in a different namespace. Dot notation may need to be changed (e.g., from `x.smul_apply` to `smul_apply x`).
warning: BoussinesqBlowup/S7/TimeRegularity.lean:3763:26: `ContinuousLinearMap.smul_apply` has been deprecated: Use `smul_apply` instead

Note: The updated constant is in a different namespace. Dot notation may need to be changed (e.g., from `x.smul_apply` to `smul_apply x`).
warning: BoussinesqBlowup/S7/TimeRegularity.lean:4187:8: `ContinuousLinearMap.smul_apply` has been deprecated: Use `smul_apply` instead

Note: The updated constant is in a different namespace. Dot notation may need to be changed (e.g., from `x.smul_apply` to `smul_apply x`).
warning: BoussinesqBlowup/S7/TimeRegularity.lean:4173:14: Variable name `hl'` is not explicitly referenced.

The binding can be removed (if unused) or named `_` (if used implicitly).

Note: This linter can be disabled with `set_option linter.unusedVariables false`
warning: BoussinesqBlowup/S7/TimeRegularity.lean:4283:28: `ContinuousLinearMap.smul_apply` has been deprecated: Use `smul_apply` instead

Note: The updated constant is in a different namespace. Dot notation may need to be changed (e.g., from `x.smul_apply` to `smul_apply x`).
warning: BoussinesqBlowup/S7/TimeRegularity.lean:4588:78: `ContinuousLinearMap.zero_apply` has been deprecated: Use `zero_apply` instead

Note: The updated constant is in a different namespace. Dot notation may need to be changed (e.g., from `x.zero_apply` to `zero_apply x`).
warning: BoussinesqBlowup/S7/TimeRegularity.lean:4650:8: `ContinuousLinearMap.smul_apply` has been deprecated: Use `smul_apply` instead

Note: The updated constant is in a different namespace. Dot notation may need to be changed (e.g., from `x.smul_apply` to `smul_apply x`).
warning: BoussinesqBlowup/S7/TimeRegularity.lean:4679:15: `ContinuousLinearMap.add_apply` has been deprecated: Use `add_apply` instead

Note: The updated constant is in a different namespace. Dot notation may need to be changed (e.g., from `x.add_apply` to `add_apply x`).
warning: BoussinesqBlowup/S7/TimeRegularity.lean:4679:46: `ContinuousLinearMap.smul_apply` has been deprecated: Use `smul_apply` instead

Note: The updated constant is in a different namespace. Dot notation may need to be changed (e.g., from `x.smul_apply` to `smul_apply x`).
warning: BoussinesqBlowup/S7/TimeRegularity.lean:4684:15: `ContinuousLinearMap.add_apply` has been deprecated: Use `add_apply` instead

Note: The updated constant is in a different namespace. Dot notation may need to be changed (e.g., from `x.add_apply` to `add_apply x`).
warning: BoussinesqBlowup/S7/TimeRegularity.lean:4684:46: `ContinuousLinearMap.smul_apply` has been deprecated: Use `smul_apply` instead

Note: The updated constant is in a different namespace. Dot notation may need to be changed (e.g., from `x.smul_apply` to `smul_apply x`).
warning: BoussinesqBlowup/S7/TimeRegularity.lean:4699:31: This simp argument is unused:
  inner_zero_left

Hint: Omit it from the simp argument list.
  simp only [inner_zero_right, i̵n̵n̵e̵r̵_̵z̵e̵r̵o̵_̵l̵e̵f̵t̵,̵ ̵zero_add, add_zero] at h

Note: This linter can be disabled with `set_option linter.unusedSimpArgs false`
warning: BoussinesqBlowup/S7/TimeRegularity.lean:4699:58: This simp argument is unused:
  add_zero

Hint: Omit it from the simp argument list.
  simp only [inner_zero_right, inner_zero_left, zero_add,̵ ̵a̵d̵d̵_̵z̵e̵r̵o̵] at h

Note: This linter can be disabled with `set_option linter.unusedSimpArgs false`
warning: BoussinesqBlowup/S7/TimeRegularity.lean:4703:99: Variable name `hψ` is not explicitly referenced.

The binding can be removed (if unused) or named `_` (if used implicitly).

Note: This linter can be disabled with `set_option linter.unusedVariables false`
warning: BoussinesqBlowup/S7/TimeRegularity.lean:4961:15: `ContinuousLinearMap.sub_apply` has been deprecated: Use `sub_apply` instead

Note: The updated constant is in a different namespace. Dot notation may need to be changed (e.g., from `x.sub_apply` to `sub_apply x`).
warning: BoussinesqBlowup/S7/TimeRegularity.lean:4974:5: Variable name `hψ` is not explicitly referenced.

The binding can be removed (if unused) or named `_` (if used implicitly).

Note: This linter can be disabled with `set_option linter.unusedVariables false`
warning: BoussinesqBlowup/S7/TimeRegularity.lean:5038:34: `ContinuousLinearMap.sum_apply` has been deprecated: Use `sum_apply` instead

Note: The updated constant is in a different namespace. Dot notation may need to be changed (e.g., from `x.sum_apply` to `sum_apply x`).
warning: BoussinesqBlowup/S7/TimeRegularity.lean:5020:14: Variable name `hl'` is not explicitly referenced.

The binding can be removed (if unused) or named `_` (if used implicitly).

Note: This linter can be disabled with `set_option linter.unusedVariables false`
warning: BoussinesqBlowup/S7/TimeRegularity.lean:5381:78: `ContinuousLinearMap.zero_apply` has been deprecated: Use `zero_apply` instead

Note: The updated constant is in a different namespace. Dot notation may need to be changed (e.g., from `x.zero_apply` to `zero_apply x`).
warning: BoussinesqBlowup/S7/TimeRegularity.lean:5874:5: Variable name `hNdom` is not explicitly referenced.

The binding can be removed (if unused) or named `_` (if used implicitly).

Note: This linter can be disabled with `set_option linter.unusedVariables false`
warning: BoussinesqBlowup/S7/TimeRegularity.lean:6249:8: `ContinuousLinearMap.sub_apply` has been deprecated: Use `sub_apply` instead

Note: The updated constant is in a different namespace. Dot notation may need to be changed (e.g., from `x.sub_apply` to `sub_apply x`).
warning: BoussinesqBlowup/S7/TimeRegularity.lean:6249:39: `ContinuousLinearMap.smul_apply` has been deprecated: Use `smul_apply` instead

Note: The updated constant is in a different namespace. Dot notation may need to be changed (e.g., from `x.smul_apply` to `smul_apply x`).
warning: BoussinesqBlowup/S7/TimeRegularity.lean:6338:107: Variable name `heG` is not explicitly referenced.

The binding can be removed (if unused) or named `_` (if used implicitly).

Note: This linter can be disabled with `set_option linter.unusedVariables false`
warning: BoussinesqBlowup/S7/TimeRegularity.lean:6559:48: Variable name `ha` is not explicitly referenced.

The binding can be removed (if unused) or named `_` (if used implicitly).

Note: This linter can be disabled with `set_option linter.unusedVariables false`
warning: BoussinesqBlowup/S7/TimeRegularity.lean:6750:5: Variable name `hsin` is not explicitly referenced.

The binding can be removed (if unused) or named `_` (if used implicitly).

Note: This linter can be disabled with `set_option linter.unusedVariables false`
warning: BoussinesqBlowup/S7/TimeRegularity.lean:6776:116: this tactic is never executed

Note: This linter can be disabled with `set_option linter.unreachableTactic false`
warning: BoussinesqBlowup/S7/TimeRegularity.lean:6776:116: 'ring' tactic does nothing

Note: This linter can be disabled with `set_option linter.unusedTactic false`
warning: BoussinesqBlowup/S7/TimeRegularity.lean:6845:17: `ContinuousLinearMap.sub_apply` has been deprecated: Use `sub_apply` instead

Note: The updated constant is in a different namespace. Dot notation may need to be changed (e.g., from `x.sub_apply` to `sub_apply x`).
warning: BoussinesqBlowup/S7/TimeRegularity.lean:6845:48: `ContinuousLinearMap.smul_apply` has been deprecated: Use `smul_apply` instead

Note: The updated constant is in a different namespace. Dot notation may need to be changed (e.g., from `x.smul_apply` to `smul_apply x`).
warning: BoussinesqBlowup/S7/TimeRegularity.lean:6846:77: This simp argument is unused:
  smul_eq_mul

Hint: Omit it from the simp argument list.
  simp only [ContinuousLinearMap.sub_apply, ContinuousLinearMap.smul_apply, inner_sub_right,
  ̲  ̲ ̲ ̲ ̲ ̲ ̲ ̲inner_smul_right, fan_err_exceptional_aux_dyad_entry T l' hl1 s (hxi s hs) p q, huv s̵,̵ ̵s̵m̵u̵l̵_̵e̵q̵_̵m̵u̵l̵]̵s̲]̲

Note: This linter can be disabled with `set_option linter.unusedSimpArgs false`
warning: BoussinesqBlowup/S7/TimeRegularity.lean:6892:61: This simp argument is unused:
  Finset.card_fin

Hint: Omit it from the simp argument list.
  simp [Finset.sum_const,̵ ̵F̵i̵n̵s̵e̵t̵.̵c̵a̵r̵d̵_̵f̵i̵n̵]

Note: This linter can be disabled with `set_option linter.unusedSimpArgs false`
warning: BoussinesqBlowup/S7/TimeRegularity.lean:7245:5: Variable name `hlogA'` is not explicitly referenced.

The binding can be removed (if unused) or named `_` (if used implicitly).

Note: This linter can be disabled with `set_option linter.unusedVariables false`
warning: BoussinesqBlowup/S7/TimeRegularity.lean:7332:5: Variable name `hNdom` is not explicitly referenced.

The binding can be removed (if unused) or named `_` (if used implicitly).

Note: This linter can be disabled with `set_option linter.unusedVariables false`
warning: BoussinesqBlowup/S7/TimeRegularity.lean:7652:5: Variable name `hNdom` is not explicitly referenced.

The binding can be removed (if unused) or named `_` (if used implicitly).

Note: This linter can be disabled with `set_option linter.unusedVariables false`
warning: BoussinesqBlowup/S7/TimeRegularity.lean:7654:62: Variable name `hfan` is not explicitly referenced.

The binding can be removed (if unused) or named `_` (if used implicitly).

Note: This linter can be disabled with `set_option linter.unusedVariables false`
warning: BoussinesqBlowup/S7/TimeRegularity.lean:8018:89: Variable name `hab` is not explicitly referenced.

The binding can be removed (if unused) or named `_` (if used implicitly).

Note: This linter can be disabled with `set_option linter.unusedVariables false`
warning: BoussinesqBlowup/S7/TimeRegularity.lean:8303:16: `ContinuousLinearMap.sum_apply` has been deprecated: Use `sum_apply` instead

Note: The updated constant is in a different namespace. Dot notation may need to be changed (e.g., from `x.sum_apply` to `sum_apply x`).
warning: BoussinesqBlowup/S7/TimeRegularity.lean:8306:29: `ContinuousLinearMap.add_apply` has been deprecated: Use `add_apply` instead

Note: The updated constant is in a different namespace. Dot notation may need to be changed (e.g., from `x.add_apply` to `add_apply x`).
warning: BoussinesqBlowup/S7/TimeRegularity.lean:8306:60: `ContinuousLinearMap.smul_apply` has been deprecated: Use `smul_apply` instead

Note: The updated constant is in a different namespace. Dot notation may need to be changed (e.g., from `x.smul_apply` to `smul_apply x`).
warning: BoussinesqBlowup/S7/TimeRegularity.lean:8311:15: `ContinuousLinearMap.add_apply` has been deprecated: Use `add_apply` instead

Note: The updated constant is in a different namespace. Dot notation may need to be changed (e.g., from `x.add_apply` to `add_apply x`).
warning: BoussinesqBlowup/S7/TimeRegularity.lean:8311:46: `ContinuousLinearMap.smul_apply` has been deprecated: Use `smul_apply` instead

Note: The updated constant is in a different namespace. Dot notation may need to be changed (e.g., from `x.smul_apply` to `smul_apply x`).
warning: BoussinesqBlowup/S7/TimeRegularity.lean:8311:78: `ContinuousLinearMap.sub_apply` has been deprecated: Use `sub_apply` instead

Note: The updated constant is in a different namespace. Dot notation may need to be changed (e.g., from `x.sub_apply` to `sub_apply x`).
warning: BoussinesqBlowup/S7/TimeRegularity.lean:8363:25: 'ring' tactic does nothing

Note: This linter can be disabled with `set_option linter.unusedTactic false`
warning: BoussinesqBlowup/S7/TimeRegularity.lean:8419:33: this tactic is never executed

Note: This linter can be disabled with `set_option linter.unreachableTactic false`
warning: BoussinesqBlowup/S7/TimeRegularity.lean:8419:33: 'field_simp' tactic does nothing

Note: This linter can be disabled with `set_option linter.unusedTactic false`
warning: BoussinesqBlowup/S7/TimeRegularity.lean:8431:27: 'ring' tactic does nothing

Note: This linter can be disabled with `set_option linter.unusedTactic false`
warning: BoussinesqBlowup/S7/TimeRegularity.lean:8480:54: Variable name `hΩC` is not explicitly referenced.

The binding can be removed (if unused) or named `_` (if used implicitly).

Note: This linter can be disabled with `set_option linter.unusedVariables false`
warning: BoussinesqBlowup/S7/TimeRegularity.lean:8584:49: Variable name `hk` is not explicitly referenced.

The binding can be removed (if unused) or named `_` (if used implicitly).

Note: This linter can be disabled with `set_option linter.unusedVariables false`
warning: BoussinesqBlowup/S7/TimeRegularity.lean:8679:44: Variable name `hH` is not explicitly referenced.

The binding can be removed (if unused) or named `_` (if used implicitly).

Note: This linter can be disabled with `set_option linter.unusedVariables false`
warning: BoussinesqBlowup/S7/TimeRegularity.lean:8679:57: Variable name `hRC` is not explicitly referenced.

The binding can be removed (if unused) or named `_` (if used implicitly).

Note: This linter can be disabled with `set_option linter.unusedVariables false`
warning: BoussinesqBlowup/S7/TimeRegularity.lean:9917:5: Variable name `hxinorm'` is not explicitly referenced.

The binding can be removed (if unused) or named `_` (if used implicitly).

Note: This linter can be disabled with `set_option linter.unusedVariables false`
warning: BoussinesqBlowup/S7/TimeRegularity.lean:10107:12: `ContinuousLinearMap.sub_apply` has been deprecated: Use `sub_apply` instead

Note: The updated constant is in a different namespace. Dot notation may need to be changed (e.g., from `x.sub_apply` to `sub_apply x`).
warning: BoussinesqBlowup/S7/TimeRegularity.lean:10107:43: `ContinuousLinearMap.smul_apply` has been deprecated: Use `smul_apply` instead

Note: The updated constant is in a different namespace. Dot notation may need to be changed (e.g., from `x.smul_apply` to `smul_apply x`).
warning: BoussinesqBlowup/S7/TimeRegularity.lean:10164:75: `ContinuousLinearMap.zero_apply` has been deprecated: Use `zero_apply` instead

Note: The updated constant is in a different namespace. Dot notation may need to be changed (e.g., from `x.zero_apply` to `zero_apply x`).
warning: BoussinesqBlowup/S7/TimeRegularity.lean:10610:55: `ContinuousLinearMap.sum_apply` has been deprecated: Use `sum_apply` instead

Note: The updated constant is in a different namespace. Dot notation may need to be changed (e.g., from `x.sum_apply` to `sum_apply x`).
warning: BoussinesqBlowup/S7/TimeRegularity.lean:11577:34: `ContinuousLinearMap.sum_apply` has been deprecated: Use `sum_apply` instead

Note: The updated constant is in a different namespace. Dot notation may need to be changed (e.g., from `x.sum_apply` to `sum_apply x`).
warning: BoussinesqBlowup/S7/TimeRegularity.lean:11559:14: Variable name `hl'` is not explicitly referenced.

The binding can be removed (if unused) or named `_` (if used implicitly).

Note: This linter can be disabled with `set_option linter.unusedVariables false`
warning: BoussinesqBlowup/S7/TimeRegularity.lean:11703:33: This simp argument is unused:
  fderiv_const

Hint: Omit it from the simp argument list.
  simp [Background.G, hTh, pd,̵ ̵f̵d̵e̵r̵i̵v̵_̵c̵o̵n̵s̵t̵]

Note: This linter can be disabled with `set_option linter.unusedSimpArgs false`
warning: BoussinesqBlowup/S7/TimeRegularity.lean:11737:55: this tactic is never executed

Note: This linter can be disabled with `set_option linter.unreachableTactic false`
warning: BoussinesqBlowup/S7/TimeRegularity.lean:11737:55: 'ring' tactic does nothing

Note: This linter can be disabled with `set_option linter.unusedTactic false`
warning: BoussinesqBlowup/S7/TimeRegularity.lean:12077:6: `push_neg` has been deprecated. Prefer using `push Not` instead.
If you'd rather continue using `push_neg` in your project, you can implement it as follows:
```
open Lean.Parser.Tactic in
macro "push_neg" cfg:optConfig loc:(location)? : tactic =>
  `(tactic| push $cfg:optConfig Not $[$loc]?)
```
warning: BoussinesqBlowup/S7/TimeRegularity.lean:12084:21: `push_neg` has been deprecated. Prefer using `push Not` instead.
If you'd rather continue using `push_neg` in your project, you can implement it as follows:
```
open Lean.Parser.Tactic in
macro "push_neg" cfg:optConfig loc:(location)? : tactic =>
  `(tactic| push $cfg:optConfig Not $[$loc]?)
```
warning: BoussinesqBlowup/S7/TimeRegularity.lean:12880:10: `ContinuousLinearMap.sub_apply` has been deprecated: Use `sub_apply` instead

Note: The updated constant is in a different namespace. Dot notation may need to be changed (e.g., from `x.sub_apply` to `sub_apply x`).
warning: BoussinesqBlowup/S7/TimeRegularity.lean:12880:41: `ContinuousLinearMap.smul_apply` has been deprecated: Use `smul_apply` instead

Note: The updated constant is in a different namespace. Dot notation may need to be changed (e.g., from `x.smul_apply` to `smul_apply x`).
warning: BoussinesqBlowup/S7/TimeRegularity.lean:12728:34: Variable name `he` is not explicitly referenced.

The binding can be removed (if unused) or named `_` (if used implicitly).

Note: This linter can be disabled with `set_option linter.unusedVariables false`
warning: BoussinesqBlowup/S7/TimeRegularity.lean:12883:15: This simp argument is unused:
  Pi.sub_apply

Hint: Omit it from the simp argument list.
  simp only ̵[̵P̵i̵.̵s̵u̵b̵_̵a̵p̵p̵l̵y̵]̵

Note: This linter can be disabled with `set_option linter.unusedSimpArgs false`
warning: BoussinesqBlowup/S7/TimeRegularity.lean:13912:65: Variable name `hm` is not explicitly referenced.

The binding can be removed (if unused) or named `_` (if used implicitly).

Note: This linter can be disabled with `set_option linter.unusedVariables false`
warning: BoussinesqBlowup/S7/TimeRegularity.lean:14079:44: `ContinuousMultilinearMap.sum_apply` has been deprecated: Use `sum_apply` instead

Note: The updated constant is in a different namespace. Dot notation may need to be changed (e.g., from `x.sum_apply` to `sum_apply x`).
warning: BoussinesqBlowup/S7/TimeRegularity.lean:14234:12: `ContinuousLinearMap.sub_apply` has been deprecated: Use `sub_apply` instead

Note: The updated constant is in a different namespace. Dot notation may need to be changed (e.g., from `x.sub_apply` to `sub_apply x`).
warning: BoussinesqBlowup/S7/TimeRegularity.lean:14234:12: `ContinuousLinearMap.sub_apply` has been deprecated: Use `sub_apply` instead

Note: The updated constant is in a different namespace. Dot notation may need to be changed (e.g., from `x.sub_apply` to `sub_apply x`).
warning: BoussinesqBlowup/S7/TimeRegularity.lean:14234:12: This simp argument is unused:
  ContinuousLinearMap.sub_apply

Hint: Omit it from the simp argument list.
  simp [ContinuousLinearMap.su̵b̵_̵a̵p̵p̵l̵y̵,̵ ̵C̵o̵n̵t̵i̵n̵u̵o̵u̵s̵L̵i̵n̵e̵a̵r̵M̵a̵p̵.̵s̵mulRight_apply, innerSL_apply_apply,
          S6.frame2D_facts_aux_inner_coord, e, (S6.frame2D_facts_aux_perp_coord v).1,
          (S6.frame2D_facts_aux_perp_coord v).2]

Note: This linter can be disabled with `set_option linter.unusedSimpArgs false`
warning: BoussinesqBlowup/S7/TimeRegularity.lean:14243:15: `EuclideanSpace.norm_single` has been deprecated: Use `PiLp.norm_single` instead

Note: The updated constant has a different type:
  ∀ (p : ℝ≥0∞) {ι : Type u_2} (β : ι → Type u_4) [hp : Fact (1 ≤ p)] [inst : Fintype ι]
    [inst_1 : (i : ι) → SeminormedAddCommGroup (β i)] [inst_2 : DecidableEq ι] (i : ι) (b : β i),
    ‖PiLp.single p i b‖ = ‖b‖
instead of
  ∀ {ι : Type u_1} {𝕜 : Type u_3} [inst : RCLike 𝕜] [inst_1 : DecidableEq ι] [inst_2 : Fintype ι] (i : ι) (a : 𝕜),
    ‖EuclideanSpace.single i a‖ = ‖a‖

Note: The updated constant is in a different namespace. Dot notation may need to be changed (e.g., from `x.norm_single` to `PiLp.norm_single x`).
warning: BoussinesqBlowup/S7/TimeRegularity.lean:14243:15: This simp argument is unused:
  EuclideanSpace.norm_single

Hint: Omit it from the simp argument list.
  simp [e,̵ ̵E̵u̵c̵l̵i̵d̵e̵a̵n̵S̵p̵a̵c̵e̵.̵n̵o̵r̵m̵_̵s̵i̵n̵g̵l̵e̵]

Note: This linter can be disabled with `set_option linter.unusedSimpArgs false`
warning: BoussinesqBlowup/S7/TimeRegularity.lean:14303:10: `ContinuousLinearMap.smul_apply` has been deprecated: Use `smul_apply` instead

Note: The updated constant is in a different namespace. Dot notation may need to be changed (e.g., from `x.smul_apply` to `smul_apply x`).
warning: BoussinesqBlowup/S7/TimeRegularity.lean:14548:4: `push_neg` has been deprecated. Prefer using `push Not` instead.
If you'd rather continue using `push_neg` in your project, you can implement it as follows:
```
open Lean.Parser.Tactic in
macro "push_neg" cfg:optConfig loc:(location)? : tactic =>
  `(tactic| push $cfg:optConfig Not $[$loc]?)
```
warning: BoussinesqBlowup/S7/TimeRegularity.lean:14626:51: Variable name `hCbs0` is not explicitly referenced.

The binding can be removed (if unused) or named `_` (if used implicitly).

Note: This linter can be disabled with `set_option linter.unusedVariables false`
warning: BoussinesqBlowup/S7/TimeRegularity.lean:15157:5: Variable name `hNdom` is not explicitly referenced.

The binding can be removed (if unused) or named `_` (if used implicitly).

Note: This linter can be disabled with `set_option linter.unusedVariables false`
warning: BoussinesqBlowup/S7/TimeRegularity.lean:15159:5: Variable name `hNrate` is not explicitly referenced.

The binding can be removed (if unused) or named `_` (if used implicitly).

Note: This linter can be disabled with `set_option linter.unusedVariables false`
warning: BoussinesqBlowup/S7/TimeRegularity.lean:15161:5: Variable name `hNshear` is not explicitly referenced.

The binding can be removed (if unused) or named `_` (if used implicitly).

Note: This linter can be disabled with `set_option linter.unusedVariables false`
warning: BoussinesqBlowup/S7/TimeRegularity.lean:15164:5: Variable name `hbase` is not explicitly referenced.

The binding can be removed (if unused) or named `_` (if used implicitly).

Note: This linter can be disabled with `set_option linter.unusedVariables false`
warning: BoussinesqBlowup/S7/TimeRegularity.lean:15718:6: `push_neg` has been deprecated. Prefer using `push Not` instead.
If you'd rather continue using `push_neg` in your project, you can implement it as follows:
```
open Lean.Parser.Tactic in
macro "push_neg" cfg:optConfig loc:(location)? : tactic =>
  `(tactic| push $cfg:optConfig Not $[$loc]?)
```
warning: BoussinesqBlowup/S7/TimeRegularity.lean:15723:6: `push_neg` has been deprecated. Prefer using `push Not` instead.
If you'd rather continue using `push_neg` in your project, you can implement it as follows:
```
open Lean.Parser.Tactic in
macro "push_neg" cfg:optConfig loc:(location)? : tactic =>
  `(tactic| push $cfg:optConfig Not $[$loc]?)
```
warning: BoussinesqBlowup/S7/TimeRegularity.lean:16005:16: Variable name `hA` is not explicitly referenced.

The binding can be removed (if unused) or named `_` (if used implicitly).

Note: This linter can be disabled with `set_option linter.unusedVariables false`
warning: BoussinesqBlowup/S7/TimeRegularity.lean:16641:40: `iteratedFDerivWithin_zero_fun` has been deprecated: Use `iteratedFDerivWithin_fun_zero` instead
warning: BoussinesqBlowup/S7/TimeRegularity.lean:16671:8: `iteratedFDerivWithin_zero_fun` has been deprecated: Use `iteratedFDerivWithin_fun_zero` instead
warning: BoussinesqBlowup/S7/TimeRegularity.lean:17622:20: `ContinuousLinearMap.sub_apply` has been deprecated: Use `sub_apply` instead

Note: The updated constant is in a different namespace. Dot notation may need to be changed (e.g., from `x.sub_apply` to `sub_apply x`).
warning: BoussinesqBlowup/S7/TimeRegularity.lean:17625:10: `ContinuousLinearMap.smul_apply` has been deprecated: Use `smul_apply` instead

Note: The updated constant is in a different namespace. Dot notation may need to be changed (e.g., from `x.smul_apply` to `smul_apply x`).
warning: BoussinesqBlowup/S7/TimeRegularity.lean:18152:14: Variable name `i` is not explicitly referenced.

The binding can be removed (if unused) or named `_` (if used implicitly).

Note: This linter can be disabled with `set_option linter.unusedVariables false`
warning: BoussinesqBlowup/S7/TimeRegularity.lean:18333:10: `iteratedFDerivWithin_zero_fun` has been deprecated: Use `iteratedFDerivWithin_fun_zero` instead
warning: BoussinesqBlowup/S7/TimeRegularity.lean:20476:26: Variable name `x` is not explicitly referenced.

The binding can be removed (if unused) or named `_` (if used implicitly).

Note: This linter can be disabled with `set_option linter.unusedVariables false`
warning: BoussinesqBlowup/S7/TimeRegularity.lean:20476:58: Variable name `s` is not explicitly referenced.

The binding can be removed (if unused) or named `_` (if used implicitly).

Note: This linter can be disabled with `set_option linter.unusedVariables false`
warning: BoussinesqBlowup/S7/TimeRegularity.lean:20546:66: `mul_le_mul_left'` has been deprecated: Use `mul_le_mul_right` instead
⚠ [8837/10108] Replayed BoussinesqBlowup.S6.BaseRun
warning: BoussinesqBlowup/S6/BaseRun.lean:132:39: This simp argument is unused:
  EuclideanSpace.inner_single_right

Hint: Omit it from the simp argument list.
  simp [perp, e, inner_smul_right,̵ ̵E̵u̵c̵l̵i̵d̵e̵a̵n̵S̵p̵a̵c̵e̵.̵i̵n̵n̵e̵r̵_̵s̵i̵n̵g̵l̵e̵_̵r̵i̵g̵h̵t̵]

Note: This linter can be disabled with `set_option linter.unusedSimpArgs false`
warning: BoussinesqBlowup/S6/BaseRun.lean:245:17: This simp argument is unused:
  EuclideanSpace.inner_single_left

Hint: Omit it from the simp argument list.
  simp [perp, e,̵ ̵E̵u̵c̵l̵i̵d̵e̵a̵n̵S̵p̵a̵c̵e̵.̵i̵n̵n̵e̵r̵_̵s̵i̵n̵g̵l̵e̵_̵l̵e̵f̵t̵]

Note: This linter can be disabled with `set_option linter.unusedSimpArgs false`
warning: BoussinesqBlowup/S6/BaseRun.lean:279:50: Used `tac1 <;> tac2` where `(tac1; tac2)` would suffice

Note: This linter can be disabled with `set_option linter.unnecessarySeqFocus false`
warning: BoussinesqBlowup/S6/BaseRun.lean:731:89: Variable name `hψ₀` is not explicitly referenced.

The binding can be removed (if unused) or named `_` (if used implicitly).

Note: This linter can be disabled with `set_option linter.unusedVariables false`
warning: BoussinesqBlowup/S6/BaseRun.lean:1463:2: `push_neg` has been deprecated. Prefer using `push Not` instead.
If you'd rather continue using `push_neg` in your project, you can implement it as follows:
```
open Lean.Parser.Tactic in
macro "push_neg" cfg:optConfig loc:(location)? : tactic =>
  `(tactic| push $cfg:optConfig Not $[$loc]?)
```
warning: BoussinesqBlowup/S6/BaseRun.lean:1482:17: `push_neg` has been deprecated. Prefer using `push Not` instead.
If you'd rather continue using `push_neg` in your project, you can implement it as follows:
```
open Lean.Parser.Tactic in
macro "push_neg" cfg:optConfig loc:(location)? : tactic =>
  `(tactic| push $cfg:optConfig Not $[$loc]?)
```
warning: BoussinesqBlowup/S6/BaseRun.lean:1509:13: This simp argument is unused:
  if_pos rfl

Hint: Omit it from the simp argument list.
  simp only [if_p̵o̵s̵ ̵r̵f̵l̵,̵ ̵i̵f̵_̵true]

Note: This linter can be disabled with `set_option linter.unusedSimpArgs false`
warning: BoussinesqBlowup/S6/BaseRun.lean:1633:45: This simp argument is unused:
  Matrix.head_cons

Hint: Omit it from the simp argument list.
  simp only [rsField, Matrix.cons_val_one, M̵a̵t̵r̵i̵x̵.̵h̵e̵a̵d̵_̵c̵o̵n̵s̵,̵ ̵Matrix.cons_val_zero, hp] at h1

Note: This linter can be disabled with `set_option linter.unusedSimpArgs false`
warning: BoussinesqBlowup/S6/BaseRun.lean:1796:5: Variable name `hb` is not explicitly referenced.

The binding can be removed (if unused) or named `_` (if used implicitly).

Note: This linter can be disabled with `set_option linter.unusedVariables false`
warning: BoussinesqBlowup/S6/BaseRun.lean:1799:5: Variable name `hfw₀` is not explicitly referenced.

The binding can be removed (if unused) or named `_` (if used implicitly).

Note: This linter can be disabled with `set_option linter.unusedVariables false`
warning: BoussinesqBlowup/S6/BaseRun.lean:1801:5: Variable name `hov` is not explicitly referenced.

The binding can be removed (if unused) or named `_` (if used implicitly).

Note: This linter can be disabled with `set_option linter.unusedVariables false`
warning: BoussinesqBlowup/S6/BaseRun.lean:1835:5: Variable name `hb` is not explicitly referenced.

The binding can be removed (if unused) or named `_` (if used implicitly).

Note: This linter can be disabled with `set_option linter.unusedVariables false`
warning: BoussinesqBlowup/S6/BaseRun.lean:1838:5: Variable name `hfw₀` is not explicitly referenced.

The binding can be removed (if unused) or named `_` (if used implicitly).

Note: This linter can be disabled with `set_option linter.unusedVariables false`
warning: BoussinesqBlowup/S6/BaseRun.lean:1840:5: Variable name `hov` is not explicitly referenced.

The binding can be removed (if unused) or named `_` (if used implicitly).

Note: This linter can be disabled with `set_option linter.unusedVariables false`
warning: BoussinesqBlowup/S6/BaseRun.lean:1999:45: This simp argument is unused:
  Matrix.head_cons

Hint: Omit it from the simp argument list.
  simp only [rsField, Matrix.cons_val_one, M̵a̵t̵r̵i̵x̵.̵h̵e̵a̵d̵_̵c̵o̵n̵s̵,̵ ̵Matrix.cons_val_zero, hp] at h1

Note: This linter can be disabled with `set_option linter.unusedSimpArgs false`
warning: BoussinesqBlowup/S6/BaseRun.lean:2036:19: Used `tac1 <;> tac2` where `(tac1; tac2)` would suffice

Note: This linter can be disabled with `set_option linter.unnecessarySeqFocus false`
warning: BoussinesqBlowup/S6/BaseRun.lean:2057:5: Variable name `hb` is not explicitly referenced.

The binding can be removed (if unused) or named `_` (if used implicitly).

Note: This linter can be disabled with `set_option linter.unusedVariables false`
warning: BoussinesqBlowup/S6/BaseRun.lean:2060:5: Variable name `hfw₀` is not explicitly referenced.

The binding can be removed (if unused) or named `_` (if used implicitly).

Note: This linter can be disabled with `set_option linter.unusedVariables false`
warning: BoussinesqBlowup/S6/BaseRun.lean:2062:5: Variable name `hov` is not explicitly referenced.

The binding can be removed (if unused) or named `_` (if used implicitly).

Note: This linter can be disabled with `set_option linter.unusedVariables false`
warning: BoussinesqBlowup/S6/BaseRun.lean:2301:45: This simp argument is unused:
  Matrix.head_cons

Hint: Omit it from the simp argument list.
  simp only [rsField, Matrix.cons_val_one, M̵a̵t̵r̵i̵x̵.̵h̵e̵a̵d̵_̵c̵o̵n̵s̵,̵ ̵Matrix.cons_val_zero] at h1

Note: This linter can be disabled with `set_option linter.unusedSimpArgs false`
warning: BoussinesqBlowup/S6/BaseRun.lean:2704:6: `push_neg` has been deprecated. Prefer using `push Not` instead.
If you'd rather continue using `push_neg` in your project, you can implement it as follows:
```
open Lean.Parser.Tactic in
macro "push_neg" cfg:optConfig loc:(location)? : tactic =>
  `(tactic| push $cfg:optConfig Not $[$loc]?)
```
warning: BoussinesqBlowup/S6/BaseRun.lean:2715:103: Variable name `hψ₀` is not explicitly referenced.

The binding can be removed (if unused) or named `_` (if used implicitly).

Note: This linter can be disabled with `set_option linter.unusedVariables false`
warning: BoussinesqBlowup/S6/BaseRun.lean:2716:5: Variable name `hb` is not explicitly referenced.

The binding can be removed (if unused) or named `_` (if used implicitly).

Note: This linter can be disabled with `set_option linter.unusedVariables false`
warning: BoussinesqBlowup/S6/BaseRun.lean:2717:45: Variable name `hrun` is not explicitly referenced.

The binding can be removed (if unused) or named `_` (if used implicitly).

Note: This linter can be disabled with `set_option linter.unusedVariables false`
warning: BoussinesqBlowup/S6/BaseRun.lean:2718:5: Variable name `hms` is not explicitly referenced.

The binding can be removed (if unused) or named `_` (if used implicitly).

Note: This linter can be disabled with `set_option linter.unusedVariables false`
warning: BoussinesqBlowup/S6/BaseRun.lean:2721:5: Variable name `hov` is not explicitly referenced.

The binding can be removed (if unused) or named `_` (if used implicitly).

Note: This linter can be disabled with `set_option linter.unusedVariables false`
warning: BoussinesqBlowup/S6/BaseRun.lean:2747:38: `EuclideanSpace.single_apply` has been deprecated: Use `PiLp.single_apply` instead

Note: The updated constant has a different type:
  ∀ (p : ENNReal) (𝕜 : Type u_1) {ι : Type u_2} [inst : DecidableEq ι] [inst_1 : Zero 𝕜] (i : ι) (a : 𝕜) (j : ι),
    (PiLp.single p i a).ofLp j = if j = i then a else 0
instead of
  ∀ {ι : Type u_1} {𝕜 : Type u_3} [inst : RCLike 𝕜] [inst_1 : DecidableEq ι] (i : ι) (a : 𝕜) (j : ι),
    (EuclideanSpace.single i a).ofLp j = if j = i then a else 0

Note: The updated constant is in a different namespace. Dot notation may need to be changed (e.g., from `x.single_apply` to `PiLp.single_apply x`).
warning: BoussinesqBlowup/S6/BaseRun.lean:2747:38: This simp argument is unused:
  EuclideanSpace.single_apply

Hint: Omit it from the simp argument list.
  simp [Fin.sum_univ_two, dotProduct, E̵u̵c̵l̵i̵d̵e̵a̵n̵S̵p̵a̵c̵e̵.̵s̵i̵n̵g̵l̵e̵_̵a̵p̵p̵l̵y̵,̵ ̵h0, h1]

Note: This linter can be disabled with `set_option linter.unusedSimpArgs false`
warning: BoussinesqBlowup/S6/BaseRun.lean:2861:13: `ContinuousLinearMap.add_apply` has been deprecated: Use `add_apply` instead

Note: The updated constant is in a different namespace. Dot notation may need to be changed (e.g., from `x.add_apply` to `add_apply x`).
warning: BoussinesqBlowup/S6/BaseRun.lean:2861:44: `ContinuousLinearMap.coe_smul'` has been deprecated: Use `FunLike.coe_smul` instead

Note: The updated constant is in a different namespace. Dot notation may need to be changed (e.g., from `x.coe_smul'` to `FunLike.coe_smul x`).
warning: BoussinesqBlowup/S6/BaseRun.lean:3264:20: Variable name `hA` is not explicitly referenced.

The binding can be removed (if unused) or named `_` (if used implicitly).

Note: This linter can be disabled with `set_option linter.unusedVariables false`
warning: BoussinesqBlowup/S6/BaseRun.lean:3266:5: Variable name `hcC` is not explicitly referenced.

The binding can be removed (if unused) or named `_` (if used implicitly).

Note: This linter can be disabled with `set_option linter.unusedVariables false`
warning: BoussinesqBlowup/S6/BaseRun.lean:3295:44: Used `tac1 <;> tac2` where `(tac1; tac2)` would suffice

Note: This linter can be disabled with `set_option linter.unnecessarySeqFocus false`
warning: BoussinesqBlowup/S6/BaseRun.lean:3487:38: Variable name `hγΦ` is not explicitly referenced.

The binding can be removed (if unused) or named `_` (if used implicitly).

Note: This linter can be disabled with `set_option linter.unusedVariables false`
warning: BoussinesqBlowup/S6/BaseRun.lean:3487:53: Variable name `hγR` is not explicitly referenced.

The binding can be removed (if unused) or named `_` (if used implicitly).

Note: This linter can be disabled with `set_option linter.unusedVariables false`
warning: BoussinesqBlowup/S6/BaseRun.lean:3487:68: Variable name `hBψ` is not explicitly referenced.

The binding can be removed (if unused) or named `_` (if used implicitly).

Note: This linter can be disabled with `set_option linter.unusedVariables false`
warning: BoussinesqBlowup/S6/BaseRun.lean:3497:56: Variable name `hc` is not explicitly referenced.

The binding can be removed (if unused) or named `_` (if used implicitly).

Note: This linter can be disabled with `set_option linter.unusedVariables false`
warning: BoussinesqBlowup/S6/BaseRun.lean:3499:5: Variable name `hγ` is not explicitly referenced.

The binding can be removed (if unused) or named `_` (if used implicitly).

Note: This linter can be disabled with `set_option linter.unusedVariables false`
warning: BoussinesqBlowup/S6/BaseRun.lean:3652:13: This simp argument is unused:
  if_pos rfl

Hint: Omit it from the simp argument list.
  simp only [if_p̵o̵s̵ ̵r̵f̵l̵,̵ ̵i̵f̵_̵true]

Note: This linter can be disabled with `set_option linter.unusedSimpArgs false`
warning: BoussinesqBlowup/S6/BaseRun.lean:3698:2: `push_neg` has been deprecated. Prefer using `push Not` instead.
If you'd rather continue using `push_neg` in your project, you can implement it as follows:
```
open Lean.Parser.Tactic in
macro "push_neg" cfg:optConfig loc:(location)? : tactic =>
  `(tactic| push $cfg:optConfig Not $[$loc]?)
```
warning: BoussinesqBlowup/S6/BaseRun.lean:3815:88: Variable name `hψ₀` is not explicitly referenced.

The binding can be removed (if unused) or named `_` (if used implicitly).

Note: This linter can be disabled with `set_option linter.unusedVariables false`
warning: BoussinesqBlowup/S6/BaseRun.lean:3817:5: Variable name `hβ` is not explicitly referenced.

The binding can be removed (if unused) or named `_` (if used implicitly).

Note: This linter can be disabled with `set_option linter.unusedVariables false`
warning: BoussinesqBlowup/S6/BaseRun.lean:3817:32: Variable name `hpr₀` is not explicitly referenced.

The binding can be removed (if unused) or named `_` (if used implicitly).

Note: This linter can be disabled with `set_option linter.unusedVariables false`
warning: BoussinesqBlowup/S6/BaseRun.lean:4250:44: `Set.right_mem_Iic` has been deprecated: Use `Set.self_mem_Iic` instead
warning: BoussinesqBlowup/S6/BaseRun.lean:4255:4: `push_neg` has been deprecated. Prefer using `push Not` instead.
If you'd rather continue using `push_neg` in your project, you can implement it as follows:
```
open Lean.Parser.Tactic in
macro "push_neg" cfg:optConfig loc:(location)? : tactic =>
  `(tactic| push $cfg:optConfig Not $[$loc]?)
```
warning: BoussinesqBlowup/S6/BaseRun.lean:4265:68: `push_neg` has been deprecated. Prefer using `push Not` instead.
If you'd rather continue using `push_neg` in your project, you can implement it as follows:
```
open Lean.Parser.Tactic in
macro "push_neg" cfg:optConfig loc:(location)? : tactic =>
  `(tactic| push $cfg:optConfig Not $[$loc]?)
```
warning: BoussinesqBlowup/S6/BaseRun.lean:4633:6: `push_neg` has been deprecated. Prefer using `push Not` instead.
If you'd rather continue using `push_neg` in your project, you can implement it as follows:
```
open Lean.Parser.Tactic in
macro "push_neg" cfg:optConfig loc:(location)? : tactic =>
  `(tactic| push $cfg:optConfig Not $[$loc]?)
```
warning: BoussinesqBlowup/S6/BaseRun.lean:4423:5: Variable name `hψ₀` is not explicitly referenced.

The binding can be removed (if unused) or named `_` (if used implicitly).

Note: This linter can be disabled with `set_option linter.unusedVariables false`
warning: BoussinesqBlowup/S6/BaseRun.lean:4681:5: Variable name `hψ₀` is not explicitly referenced.

The binding can be removed (if unused) or named `_` (if used implicitly).

Note: This linter can be disabled with `set_option linter.unusedVariables false`
warning: BoussinesqBlowup/S6/BaseRun.lean:4856:73: `EuclideanSpace.single_apply` has been deprecated: Use `PiLp.single_apply` instead

Note: The updated constant has a different type:
  ∀ (p : ENNReal) (𝕜 : Type u_1) {ι : Type u_2} [inst : DecidableEq ι] [inst_1 : Zero 𝕜] (i : ι) (a : 𝕜) (j : ι),
    (PiLp.single p i a).ofLp j = if j = i then a else 0
instead of
  ∀ {ι : Type u_1} {𝕜 : Type u_3} [inst : RCLike 𝕜] [inst_1 : DecidableEq ι] (i : ι) (a : 𝕜) (j : ι),
    (EuclideanSpace.single i a).ofLp j = if j = i then a else 0

Note: The updated constant is in a different namespace. Dot notation may need to be changed (e.g., from `x.single_apply` to `PiLp.single_apply x`).
warning: BoussinesqBlowup/S6/BaseRun.lean:4720:99: Variable name `hψ₀` is not explicitly referenced.

The binding can be removed (if unused) or named `_` (if used implicitly).

Note: This linter can be disabled with `set_option linter.unusedVariables false`
warning: BoussinesqBlowup/S6/BaseRun.lean:4724:5: Variable name `hag` is not explicitly referenced.

The binding can be removed (if unused) or named `_` (if used implicitly).

Note: This linter can be disabled with `set_option linter.unusedVariables false`
warning: BoussinesqBlowup/S6/BaseRun.lean:5209:4: `push_neg` has been deprecated. Prefer using `push Not` instead.
If you'd rather continue using `push_neg` in your project, you can implement it as follows:
```
open Lean.Parser.Tactic in
macro "push_neg" cfg:optConfig loc:(location)? : tactic =>
  `(tactic| push $cfg:optConfig Not $[$loc]?)
```
warning: BoussinesqBlowup/S6/BaseRun.lean:5307:62: Variable name `htD` is not explicitly referenced.

The binding can be removed (if unused) or named `_` (if used implicitly).

Note: This linter can be disabled with `set_option linter.unusedVariables false`
warning: BoussinesqBlowup/S6/BaseRun.lean:5671:5: Variable name `h₀` is not explicitly referenced.

The binding can be removed (if unused) or named `_` (if used implicitly).

Note: This linter can be disabled with `set_option linter.unusedVariables false`
warning: BoussinesqBlowup/S6/BaseRun.lean:5671:46: Variable name `h₁` is not explicitly referenced.

The binding can be removed (if unused) or named `_` (if used implicitly).

Note: This linter can be disabled with `set_option linter.unusedVariables false`
warning: BoussinesqBlowup/S6/BaseRun.lean:5706:88: Variable name `hP` is not explicitly referenced.

The binding can be removed (if unused) or named `_` (if used implicitly).

Note: This linter can be disabled with `set_option linter.unusedVariables false`
warning: BoussinesqBlowup/S6/BaseRun.lean:6150:72: `EuclideanSpace.single_apply` has been deprecated: Use `PiLp.single_apply` instead

Note: The updated constant has a different type:
  ∀ (p : ENNReal) (𝕜 : Type u_1) {ι : Type u_2} [inst : DecidableEq ι] [inst_1 : Zero 𝕜] (i : ι) (a : 𝕜) (j : ι),
    (PiLp.single p i a).ofLp j = if j = i then a else 0
instead of
  ∀ {ι : Type u_1} {𝕜 : Type u_3} [inst : RCLike 𝕜] [inst_1 : DecidableEq ι] (i : ι) (a : 𝕜) (j : ι),
    (EuclideanSpace.single i a).ofLp j = if j = i then a else 0

Note: The updated constant is in a different namespace. Dot notation may need to be changed (e.g., from `x.single_apply` to `PiLp.single_apply x`).
warning: BoussinesqBlowup/S6/BaseRun.lean:6150:72: `EuclideanSpace.single_apply` has been deprecated: Use `PiLp.single_apply` instead

Note: The updated constant has a different type:
  ∀ (p : ENNReal) (𝕜 : Type u_1) {ι : Type u_2} [inst : DecidableEq ι] [inst_1 : Zero 𝕜] (i : ι) (a : 𝕜) (j : ι),
    (PiLp.single p i a).ofLp j = if j = i then a else 0
instead of
  ∀ {ι : Type u_1} {𝕜 : Type u_3} [inst : RCLike 𝕜] [inst_1 : DecidableEq ι] (i : ι) (a : 𝕜) (j : ι),
    (EuclideanSpace.single i a).ofLp j = if j = i then a else 0

Note: The updated constant is in a different namespace. Dot notation may need to be changed (e.g., from `x.single_apply` to `PiLp.single_apply x`).
warning: BoussinesqBlowup/S6/BaseRun.lean:6150:72: This simp argument is unused:
  EuclideanSpace.single_apply

Hint: Omit it from the simp argument list.
  simp [Jop, perp, e, EuclideanSpace.inner_single_left,̵ ̵E̵u̵c̵l̵i̵d̵e̵a̵n̵S̵p̵a̵c̵e̵.̵s̵i̵n̵g̵l̵e̵_̵a̵p̵p̵l̵y̵]

Note: This linter can be disabled with `set_option linter.unusedSimpArgs false`
warning: BoussinesqBlowup/S6/BaseRun.lean:6155:12: this tactic is never executed

Note: This linter can be disabled with `set_option linter.unreachableTactic false`
warning: BoussinesqBlowup/S6/BaseRun.lean:6155:2: 'all_goals ring' tactic does nothing

Note: This linter can be disabled with `set_option linter.unusedTactic false`
warning: BoussinesqBlowup/S6/BaseRun.lean:6213:67: `ContinuousLinearMap.add_apply` has been deprecated: Use `add_apply` instead

Note: The updated constant is in a different namespace. Dot notation may need to be changed (e.g., from `x.add_apply` to `add_apply x`).
warning: BoussinesqBlowup/S6/BaseRun.lean:6214:6: `ContinuousLinearMap.smul_apply` has been deprecated: Use `smul_apply` instead

Note: The updated constant is in a different namespace. Dot notation may need to be changed (e.g., from `x.smul_apply` to `smul_apply x`).
warning: BoussinesqBlowup/S6/BaseRun.lean:6370:12: `ContinuousLinearMap.smul_apply` has been deprecated: Use `smul_apply` instead

Note: The updated constant is in a different namespace. Dot notation may need to be changed (e.g., from `x.smul_apply` to `smul_apply x`).
warning: BoussinesqBlowup/S6/BaseRun.lean:6410:20: `ContinuousLinearMap.add_apply` has been deprecated: Use `add_apply` instead

Note: The updated constant is in a different namespace. Dot notation may need to be changed (e.g., from `x.add_apply` to `add_apply x`).
warning: BoussinesqBlowup/S6/BaseRun.lean:6410:51: `ContinuousLinearMap.smul_apply` has been deprecated: Use `smul_apply` instead

Note: The updated constant is in a different namespace. Dot notation may need to be changed (e.g., from `x.smul_apply` to `smul_apply x`).
warning: BoussinesqBlowup/S6/BaseRun.lean:6543:15: `ContinuousLinearMap.smul_apply` has been deprecated: Use `smul_apply` instead

Note: The updated constant is in a different namespace. Dot notation may need to be changed (e.g., from `x.smul_apply` to `smul_apply x`).
warning: BoussinesqBlowup/S6/BaseRun.lean:6550:15: `ContinuousLinearMap.add_apply` has been deprecated: Use `add_apply` instead

Note: The updated constant is in a different namespace. Dot notation may need to be changed (e.g., from `x.add_apply` to `add_apply x`).
warning: BoussinesqBlowup/S6/BaseRun.lean:6550:46: `ContinuousLinearMap.smul_apply` has been deprecated: Use `smul_apply` instead

Note: The updated constant is in a different namespace. Dot notation may need to be changed (e.g., from `x.smul_apply` to `smul_apply x`).
warning: BoussinesqBlowup/S6/BaseRun.lean:6455:88: Variable name `hψ₀` is not explicitly referenced.

The binding can be removed (if unused) or named `_` (if used implicitly).

Note: This linter can be disabled with `set_option linter.unusedVariables false`
warning: BoussinesqBlowup/S6/BaseRun.lean:6457:5: Variable name `hT₀` is not explicitly referenced.

The binding can be removed (if unused) or named `_` (if used implicitly).

Note: This linter can be disabled with `set_option linter.unusedVariables false`
warning: BoussinesqBlowup/S6/BaseRun.lean:6458:101: Variable name `hbase` is not explicitly referenced.

The binding can be removed (if unused) or named `_` (if used implicitly).

Note: This linter can be disabled with `set_option linter.unusedVariables false`
warning: BoussinesqBlowup/S6/BaseRun.lean:6459:5: Variable name `hag` is not explicitly referenced.

The binding can be removed (if unused) or named `_` (if used implicitly).

Note: This linter can be disabled with `set_option linter.unusedVariables false`
warning: BoussinesqBlowup/S6/BaseRun.lean:6459:50: Variable name `hdrive` is not explicitly referenced.

The binding can be removed (if unused) or named `_` (if used implicitly).

Note: This linter can be disabled with `set_option linter.unusedVariables false`
warning: BoussinesqBlowup/S6/BaseRun.lean:6544:16: This simp argument is unused:
  sub_zero

Hint: Omit it from the simp argument list.
  simp only [ContinuousLinearMap.smul_apply, hSf, hSp, real_inner_smul_right, hfp, hfJ, smul_zero,
  ̲  ̲ ̲ ̲ ̲ ̲inner_zero_right,
  ̵  ̵ ̵ ̵ ̵ ̵mul_zero, sub_z̵e̵r̵o̵,̵ ̵su̵b̵_̵s̵elf, add_zero, neg_zero, zero_div]

Note: This linter can be disabled with `set_option linter.unusedSimpArgs false`
warning: BoussinesqBlowup/S6/BaseRun.lean:6551:6: This simp argument is unused:
  real_inner_smul_right

Hint: Omit it from the simp argument list.
  simp only [ContinuousLinearMap.add_apply, ContinuousLinearMap.smul_apply, hSf, hSp, smul_zero, ̵a̵d̵d̵_̵z̵e̵r̵o̵,̵
        r̵e̵al̵d̲d̲_i̵n̵n̵z̲er_̵s̵m̵u̵l̵_̵r̵i̵g̵h̵t̵o̲, inner_add_right, hin, hP, hJ, hf, WithLp.ofLp_add, WithLp.ofLp_smul, Pi.add_apply,
        Pi.smul_apply, PiLp.add_apply, PiLp.smul_apply, smul_eq_mul]

Note: This linter can be disabled with `set_option linter.unusedSimpArgs false`
warning: BoussinesqBlowup/S6/BaseRun.lean:6551:29: This simp argument is unused:
  inner_add_right

Hint: Omit it from the simp argument list.
  simp only [ContinuousLinearMap.add_apply, ContinuousLinearMap.smul_apply, hSf, hSp, smul_zero,
  ̲  ̲ ̲ ̲ ̲ ̲add_zero, real_inner_smul_right, i̵n̵n̵e̵r̵_̵a̵d̵d̵_̵r̵i̵g̵h̵t̵,̵ ̵hin, hP, hJ, hf, WithLp.ofLp_add, WithLp.ofLp_smul,
  ̲  ̲ ̲ ̲ ̲ ̲Pi.add_apply, Pi.smul_apply, PiLp.add_apply, PiLp.smul_apply, smul_eq_mul]

Note: This linter can be disabled with `set_option linter.unusedSimpArgs false`
warning: BoussinesqBlowup/S6/BaseRun.lean:6551:63: This simp argument is unused:
  WithLp.ofLp_add

Hint: Omit it from the simp argument list.
  simp only [ContinuousLinearMap.add_apply, ContinuousLinearMap.smul_apply, hSf, hSp, smul_zero,
  ̲  ̲ ̲ ̲ ̲ ̲add_zero, real_inner_smul_right, inner_add_right, hin, hP, hJ, hf, W̵i̵t̵h̵L̵p̵.̵o̵f̵L̵p̵_̵a̵d̵d̵,̵ ̵WithLp.ofLp_smul,
  ̲  ̲ ̲ ̲ ̲ ̲Pi.add_apply, Pi.smul_apply, PiLp.add_apply, PiLp.smul_apply, smul_eq_mul]

Note: This linter can be disabled with `set_option linter.unusedSimpArgs false`
warning: BoussinesqBlowup/S6/BaseRun.lean:6551:80: This simp argument is unused:
  WithLp.ofLp_smul

Hint: Omit it from the simp argument list.
  simp only [ContinuousLinearMap.add_apply, ContinuousLinearMap.smul_apply, hSf, hSp, smul_zero,
  ̲  ̲ ̲ ̲ ̲ ̲add_zero, real_inner_smul_right, inner_add_right, hin, hP, hJ, hf, WithLp.ofLp_add,
  ̲  ̲ ̲ ̲ ̲ ̲W̵i̵t̵h̵L̵p̵.̵o̵f̵L̵p̵_̵s̵m̵u̵l̵,̵ ̵Pi.add_apply, Pi.smul_apply, PiLp.add_apply, PiLp.smul_apply, smul_eq_mul]

Note: This linter can be disabled with `set_option linter.unusedSimpArgs false`
warning: BoussinesqBlowup/S6/BaseRun.lean:6551:98: This simp argument is unused:
  Pi.add_apply

Hint: Omit it from the simp argument list.
  simp only [ContinuousLinearMap.add_apply, ContinuousLinearMap.smul_apply, hSf, hSp, smul_zero,
  ̲  ̲ ̲ ̲ ̲ ̲add_zero,
  ̵  ̵ ̵ ̵ ̵ ̵real_inner_smul_right, inner_add_right, hin, hP, hJ, hf, WithLp.ofLp_add,
  ̲  ̲ ̲ ̲ ̲ ̲WithLp.ofLp_smul, Pi.a̵d̵d̵_̵a̵p̵p̵l̵y̵,̵
  ̵ ̵ ̵ ̵ ̵ ̵ ̵P̵i̵.̵smul_apply, PiLp.add_apply, PiLp.smul_apply, smul_eq_mul]

Note: This linter can be disabled with `set_option linter.unusedSimpArgs false`
warning: BoussinesqBlowup/S6/BaseRun.lean:6552:6: This simp argument is unused:
  Pi.smul_apply

Hint: Omit it from the simp argument list.
  simp only [ContinuousLinearMap.add_apply, ContinuousLinearMap.smul_apply, hSf, hSp, smul_zero,
  ̲  ̲ ̲ ̲ ̲ ̲add_zero,
  ̵  ̵ ̵ ̵ ̵ ̵real_inner_smul_right, inner_add_right, hin, hP, hJ, hf, WithLp.ofLp_add,
  ̲  ̲ ̲ ̲ ̲ ̲WithLp.ofLp_smul, Pi.add_apply,
  ̵  ̵ ̵ ̵ ̵ ̵Pi.̵s̵m̵u̵l̵_̵a̵p̵p̵l̵y̵,̵ ̵P̵i̵Lp.add_apply, PiLp.smul_apply, smul_eq_mul]

Note: This linter can be disabled with `set_option linter.unusedSimpArgs false`
warning: BoussinesqBlowup/S6/BaseRun.lean:6565:39: This simp argument is unused:
  if_pos rfl

Hint: Omit it from the simp argument list.
  simp only [if_p̵o̵s̵ ̵r̵f̵l̵,̵ ̵i̵f̵_̵true]

Note: This linter can be disabled with `set_option linter.unusedSimpArgs false`
warning: BoussinesqBlowup/S6/BaseRun.lean:6577:52: Variable name `hW` is not explicitly referenced.

The binding can be removed (if unused) or named `_` (if used implicitly).

Note: This linter can be disabled with `set_option linter.unusedVariables false`
warning: BoussinesqBlowup/S6/BaseRun.lean:6578:5: Variable name `hψ₀` is not explicitly referenced.

The binding can be removed (if unused) or named `_` (if used implicitly).

Note: This linter can be disabled with `set_option linter.unusedVariables false`
warning: BoussinesqBlowup/S6/BaseRun.lean:6580:5: Variable name `hT₀` is not explicitly referenced.

The binding can be removed (if unused) or named `_` (if used implicitly).

Note: This linter can be disabled with `set_option linter.unusedVariables false`
warning: BoussinesqBlowup/S6/BaseRun.lean:6581:101: Variable name `hbase` is not explicitly referenced.

The binding can be removed (if unused) or named `_` (if used implicitly).

Note: This linter can be disabled with `set_option linter.unusedVariables false`
warning: BoussinesqBlowup/S6/BaseRun.lean:6582:5: Variable name `hag` is not explicitly referenced.

The binding can be removed (if unused) or named `_` (if used implicitly).

Note: This linter can be disabled with `set_option linter.unusedVariables false`
warning: BoussinesqBlowup/S6/BaseRun.lean:6583:5: Variable name `hdrive` is not explicitly referenced.

The binding can be removed (if unused) or named `_` (if used implicitly).

Note: This linter can be disabled with `set_option linter.unusedVariables false`
warning: BoussinesqBlowup/S6/BaseRun.lean:6583:39: Variable name `hland` is not explicitly referenced.

The binding can be removed (if unused) or named `_` (if used implicitly).

Note: This linter can be disabled with `set_option linter.unusedVariables false`
warning: BoussinesqBlowup/S6/BaseRun.lean:6584:5: Variable name `hwpos` is not explicitly referenced.

The binding can be removed (if unused) or named `_` (if used implicitly).

Note: This linter can be disabled with `set_option linter.unusedVariables false`
warning: BoussinesqBlowup/S6/BaseRun.lean:6585:5: Variable name `hexc` is not explicitly referenced.

The binding can be removed (if unused) or named `_` (if used implicitly).

Note: This linter can be disabled with `set_option linter.unusedVariables false`
warning: BoussinesqBlowup/S6/BaseRun.lean:6645:51: Variable name `hW` is not explicitly referenced.

The binding can be removed (if unused) or named `_` (if used implicitly).

Note: This linter can be disabled with `set_option linter.unusedVariables false`
warning: BoussinesqBlowup/S6/BaseRun.lean:6647:5: Variable name `hb` is not explicitly referenced.

The binding can be removed (if unused) or named `_` (if used implicitly).

Note: This linter can be disabled with `set_option linter.unusedVariables false`
warning: BoussinesqBlowup/S6/BaseRun.lean:6651:5: Variable name `hdrive` is not explicitly referenced.

The binding can be removed (if unused) or named `_` (if used implicitly).

Note: This linter can be disabled with `set_option linter.unusedVariables false`
warning: BoussinesqBlowup/S6/BaseRun.lean:6651:39: Variable name `hland` is not explicitly referenced.

The binding can be removed (if unused) or named `_` (if used implicitly).

Note: This linter can be disabled with `set_option linter.unusedVariables false`
warning: BoussinesqBlowup/S6/BaseRun.lean:6652:5: Variable name `hwpos` is not explicitly referenced.

The binding can be removed (if unused) or named `_` (if used implicitly).

Note: This linter can be disabled with `set_option linter.unusedVariables false`
warning: BoussinesqBlowup/S6/BaseRun.lean:6653:5: Variable name `hexc` is not explicitly referenced.

The binding can be removed (if unused) or named `_` (if used implicitly).

Note: This linter can be disabled with `set_option linter.unusedVariables false`
warning: BoussinesqBlowup/S6/BaseRun.lean:6739:5: Variable name `hσ` is not explicitly referenced.

The binding can be removed (if unused) or named `_` (if used implicitly).

Note: This linter can be disabled with `set_option linter.unusedVariables false`
warning: BoussinesqBlowup/S6/BaseRun.lean:6836:6: This simp argument is unused:
  Matrix.cons_val_zero

Hint: Omit it from the simp argument list.
  simp only [rsInit, St.V, St.Θ, Matrix.cons_val_two, Matrix.cons_val_three, Matrix.tail_cons,
  ̲  ̲ ̲ ̲ ̲ ̲Matrix.head_cons, M̵a̵t̵r̵i̵x̵.̵c̵o̵n̵s̵_̵v̵a̵l̵_̵z̵e̵r̵o̵,̵ ̵Matrix.cons_val_one]

Note: This linter can be disabled with `set_option linter.unusedSimpArgs false`
warning: BoussinesqBlowup/S6/BaseRun.lean:6836:28: This simp argument is unused:
  Matrix.cons_val_one

Hint: Omit it from the simp argument list.
  simp only [rsInit, St.V, St.Θ, Matrix.cons_val_two, Matrix.cons_val_three, Matrix.tail_cons,
  ̲  ̲ ̲ ̲ ̲ ̲Matrix.head_cons, M̵a̵t̵r̵i̵x̵.̵c̵o̵n̵s̵_̵v̵a̵l̵_̵z̵e̵r̵o̵,̵ ̵M̵a̵t̵r̵i̵x̵.̵c̵o̵n̵s̵_̵v̵a̵l̵_̵o̵n̵e̵]̵M̲a̲t̲r̲i̲x̲.̲c̲o̲n̲s̲_̲v̲a̲l̲_̲z̲e̲r̲o̲]̲

Note: This linter can be disabled with `set_option linter.unusedSimpArgs false`
warning: BoussinesqBlowup/S6/BaseRun.lean:6872:50: Variable name `hK` is not explicitly referenced.

The binding can be removed (if unused) or named `_` (if used implicitly).

Note: This linter can be disabled with `set_option linter.unusedVariables false`
warning: BoussinesqBlowup/S6/BaseRun.lean:7006:51: Variable name `hW` is not explicitly referenced.

The binding can be removed (if unused) or named `_` (if used implicitly).

Note: This linter can be disabled with `set_option linter.unusedVariables false`
warning: BoussinesqBlowup/S6/BaseRun.lean:7007:5: Variable name `hψ₀` is not explicitly referenced.

The binding can be removed (if unused) or named `_` (if used implicitly).

Note: This linter can be disabled with `set_option linter.unusedVariables false`
warning: BoussinesqBlowup/S6/BaseRun.lean:7009:5: Variable name `hT₀` is not explicitly referenced.

The binding can be removed (if unused) or named `_` (if used implicitly).

Note: This linter can be disabled with `set_option linter.unusedVariables false`
warning: BoussinesqBlowup/S6/BaseRun.lean:7010:101: Variable name `hbase` is not explicitly referenced.

The binding can be removed (if unused) or named `_` (if used implicitly).

Note: This linter can be disabled with `set_option linter.unusedVariables false`
warning: BoussinesqBlowup/S6/BaseRun.lean:7011:5: Variable name `hag` is not explicitly referenced.

The binding can be removed (if unused) or named `_` (if used implicitly).

Note: This linter can be disabled with `set_option linter.unusedVariables false`
warning: BoussinesqBlowup/S6/BaseRun.lean:7012:5: Variable name `hdrive` is not explicitly referenced.

The binding can be removed (if unused) or named `_` (if used implicitly).

Note: This linter can be disabled with `set_option linter.unusedVariables false`
warning: BoussinesqBlowup/S6/BaseRun.lean:7012:39: Variable name `hland` is not explicitly referenced.

The binding can be removed (if unused) or named `_` (if used implicitly).

Note: This linter can be disabled with `set_option linter.unusedVariables false`
warning: BoussinesqBlowup/S6/BaseRun.lean:7013:5: Variable name `hwpos` is not explicitly referenced.

The binding can be removed (if unused) or named `_` (if used implicitly).

Note: This linter can be disabled with `set_option linter.unusedVariables false`
warning: BoussinesqBlowup/S6/BaseRun.lean:7014:5: Variable name `hexc` is not explicitly referenced.

The binding can be removed (if unused) or named `_` (if used implicitly).

Note: This linter can be disabled with `set_option linter.unusedVariables false`
warning: BoussinesqBlowup/S6/BaseRun.lean:7015:50: Variable name `hK` is not explicitly referenced.

The binding can be removed (if unused) or named `_` (if used implicitly).

Note: This linter can be disabled with `set_option linter.unusedVariables false`
warning: BoussinesqBlowup/S6/BaseRun.lean:7069:33: Variable name `hΦ0` is not explicitly referenced.

The binding can be removed (if unused) or named `_` (if used implicitly).

Note: This linter can be disabled with `set_option linter.unusedVariables false`
warning: BoussinesqBlowup/S6/BaseRun.lean:7111:54: Variable name `hW` is not explicitly referenced.

The binding can be removed (if unused) or named `_` (if used implicitly).

Note: This linter can be disabled with `set_option linter.unusedVariables false`
warning: BoussinesqBlowup/S6/BaseRun.lean:7111:106: Variable name `hB₀` is not explicitly referenced.

The binding can be removed (if unused) or named `_` (if used implicitly).

Note: This linter can be disabled with `set_option linter.unusedVariables false`
warning: BoussinesqBlowup/S6/BaseRun.lean:7112:5: Variable name `hψ₀` is not explicitly referenced.

The binding can be removed (if unused) or named `_` (if used implicitly).

Note: This linter can be disabled with `set_option linter.unusedVariables false`
warning: BoussinesqBlowup/S6/BaseRun.lean:7113:5: Variable name `hb` is not explicitly referenced.

The binding can be removed (if unused) or named `_` (if used implicitly).

Note: This linter can be disabled with `set_option linter.unusedVariables false`
warning: BoussinesqBlowup/S6/BaseRun.lean:7114:5: Variable name `hT₀` is not explicitly referenced.

The binding can be removed (if unused) or named `_` (if used implicitly).

Note: This linter can be disabled with `set_option linter.unusedVariables false`
warning: BoussinesqBlowup/S6/BaseRun.lean:7115:36: Variable name `hrun` is not explicitly referenced.

The binding can be removed (if unused) or named `_` (if used implicitly).

Note: This linter can be disabled with `set_option linter.unusedVariables false`
warning: BoussinesqBlowup/S6/BaseRun.lean:7115:101: Variable name `hbase` is not explicitly referenced.

The binding can be removed (if unused) or named `_` (if used implicitly).

Note: This linter can be disabled with `set_option linter.unusedVariables false`
warning: BoussinesqBlowup/S6/BaseRun.lean:7116:5: Variable name `hag` is not explicitly referenced.

The binding can be removed (if unused) or named `_` (if used implicitly).

Note: This linter can be disabled with `set_option linter.unusedVariables false`
warning: BoussinesqBlowup/S6/BaseRun.lean:7117:5: Variable name `hdrive` is not explicitly referenced.

The binding can be removed (if unused) or named `_` (if used implicitly).

Note: This linter can be disabled with `set_option linter.unusedVariables false`
warning: BoussinesqBlowup/S6/BaseRun.lean:7117:39: Variable name `hland` is not explicitly referenced.

The binding can be removed (if unused) or named `_` (if used implicitly).

Note: This linter can be disabled with `set_option linter.unusedVariables false`
warning: BoussinesqBlowup/S6/BaseRun.lean:7118:5: Variable name `hwpos` is not explicitly referenced.

The binding can be removed (if unused) or named `_` (if used implicitly).

Note: This linter can be disabled with `set_option linter.unusedVariables false`
warning: BoussinesqBlowup/S6/BaseRun.lean:7119:5: Variable name `hexc` is not explicitly referenced.

The binding can be removed (if unused) or named `_` (if used implicitly).

Note: This linter can be disabled with `set_option linter.unusedVariables false`
warning: BoussinesqBlowup/S6/BaseRun.lean:7158:6: `ContinuousLinearMap.smul_apply` has been deprecated: Use `smul_apply` instead

Note: The updated constant is in a different namespace. Dot notation may need to be changed (e.g., from `x.smul_apply` to `smul_apply x`).
warning: BoussinesqBlowup/S6/BaseRun.lean:7164:5: Variable name `hb` is not explicitly referenced.

The binding can be removed (if unused) or named `_` (if used implicitly).

Note: This linter can be disabled with `set_option linter.unusedVariables false`
warning: BoussinesqBlowup/S6/BaseRun.lean:7165:5: Variable name `hT₀` is not explicitly referenced.

The binding can be removed (if unused) or named `_` (if used implicitly).

Note: This linter can be disabled with `set_option linter.unusedVariables false`
warning: BoussinesqBlowup/S6/BaseRun.lean:7166:101: Variable name `hbase` is not explicitly referenced.

The binding can be removed (if unused) or named `_` (if used implicitly).

Note: This linter can be disabled with `set_option linter.unusedVariables false`
warning: BoussinesqBlowup/S6/BaseRun.lean:7168:39: Variable name `hland` is not explicitly referenced.

The binding can be removed (if unused) or named `_` (if used implicitly).

Note: This linter can be disabled with `set_option linter.unusedVariables false`
warning: BoussinesqBlowup/S6/BaseRun.lean:7169:5: Variable name `hwpos` is not explicitly referenced.

The binding can be removed (if unused) or named `_` (if used implicitly).

Note: This linter can be disabled with `set_option linter.unusedVariables false`
warning: BoussinesqBlowup/S6/BaseRun.lean:7170:5: Variable name `hexc` is not explicitly referenced.

The binding can be removed (if unused) or named `_` (if used implicitly).

Note: This linter can be disabled with `set_option linter.unusedVariables false`
warning: BoussinesqBlowup/S6/BaseRun.lean:7176:50: Variable name `hK` is not explicitly referenced.

The binding can be removed (if unused) or named `_` (if used implicitly).

Note: This linter can be disabled with `set_option linter.unusedVariables false`
warning: BoussinesqBlowup/S6/BaseRun.lean:7552:107: Variable name `hψ₀` is not explicitly referenced.

The binding can be removed (if unused) or named `_` (if used implicitly).

Note: This linter can be disabled with `set_option linter.unusedVariables false`
warning: BoussinesqBlowup/S6/BaseRun.lean:7554:5: Variable name `hT₀` is not explicitly referenced.

The binding can be removed (if unused) or named `_` (if used implicitly).

Note: This linter can be disabled with `set_option linter.unusedVariables false`
warning: BoussinesqBlowup/S6/BaseRun.lean:7555:101: Variable name `hbase` is not explicitly referenced.

The binding can be removed (if unused) or named `_` (if used implicitly).

Note: This linter can be disabled with `set_option linter.unusedVariables false`
warning: BoussinesqBlowup/S6/BaseRun.lean:7556:5: Variable name `hag` is not explicitly referenced.

The binding can be removed (if unused) or named `_` (if used implicitly).

Note: This linter can be disabled with `set_option linter.unusedVariables false`
warning: BoussinesqBlowup/S6/BaseRun.lean:7557:39: Variable name `hland` is not explicitly referenced.

The binding can be removed (if unused) or named `_` (if used implicitly).

Note: This linter can be disabled with `set_option linter.unusedVariables false`
warning: BoussinesqBlowup/S6/BaseRun.lean:7558:5: Variable name `hwpos` is not explicitly referenced.

The binding can be removed (if unused) or named `_` (if used implicitly).

Note: This linter can be disabled with `set_option linter.unusedVariables false`
warning: BoussinesqBlowup/S6/BaseRun.lean:7606:109: Variable name `hψ₀` is not explicitly referenced.

The binding can be removed (if unused) or named `_` (if used implicitly).

Note: This linter can be disabled with `set_option linter.unusedVariables false`
warning: BoussinesqBlowup/S6/BaseRun.lean:7608:5: Variable name `hT₀` is not explicitly referenced.

The binding can be removed (if unused) or named `_` (if used implicitly).

Note: This linter can be disabled with `set_option linter.unusedVariables false`
warning: BoussinesqBlowup/S6/BaseRun.lean:7609:101: Variable name `hbase` is not explicitly referenced.

The binding can be removed (if unused) or named `_` (if used implicitly).

Note: This linter can be disabled with `set_option linter.unusedVariables false`
warning: BoussinesqBlowup/S6/BaseRun.lean:7610:5: Variable name `hag` is not explicitly referenced.

The binding can be removed (if unused) or named `_` (if used implicitly).

Note: This linter can be disabled with `set_option linter.unusedVariables false`
warning: BoussinesqBlowup/S6/BaseRun.lean:7611:39: Variable name `hland` is not explicitly referenced.

The binding can be removed (if unused) or named `_` (if used implicitly).

Note: This linter can be disabled with `set_option linter.unusedVariables false`
warning: BoussinesqBlowup/S6/BaseRun.lean:7612:5: Variable name `hwpos` is not explicitly referenced.

The binding can be removed (if unused) or named `_` (if used implicitly).

Note: This linter can be disabled with `set_option linter.unusedVariables false`
warning: BoussinesqBlowup/S6/BaseRun.lean:7613:5: Variable name `hexc` is not explicitly referenced.

The binding can be removed (if unused) or named `_` (if used implicitly).

Note: This linter can be disabled with `set_option linter.unusedVariables false`
warning: BoussinesqBlowup/S6/BaseRun.lean:7658:109: Variable name `hψ₀` is not explicitly referenced.

The binding can be removed (if unused) or named `_` (if used implicitly).

Note: This linter can be disabled with `set_option linter.unusedVariables false`
warning: BoussinesqBlowup/S6/BaseRun.lean:7660:5: Variable name `hT₀` is not explicitly referenced.

The binding can be removed (if unused) or named `_` (if used implicitly).

Note: This linter can be disabled with `set_option linter.unusedVariables false`
warning: BoussinesqBlowup/S6/BaseRun.lean:7661:101: Variable name `hbase` is not explicitly referenced.

The binding can be removed (if unused) or named `_` (if used implicitly).

Note: This linter can be disabled with `set_option linter.unusedVariables false`
warning: BoussinesqBlowup/S6/BaseRun.lean:7662:5: Variable name `hag` is not explicitly referenced.

The binding can be removed (if unused) or named `_` (if used implicitly).

Note: This linter can be disabled with `set_option linter.unusedVariables false`
warning: BoussinesqBlowup/S6/BaseRun.lean:7663:5: Variable name `hdrive` is not explicitly referenced.

The binding can be removed (if unused) or named `_` (if used implicitly).

Note: This linter can be disabled with `set_option linter.unusedVariables false`
warning: BoussinesqBlowup/S6/BaseRun.lean:7663:39: Variable name `hland` is not explicitly referenced.

The binding can be removed (if unused) or named `_` (if used implicitly).

Note: This linter can be disabled with `set_option linter.unusedVariables false`
warning: BoussinesqBlowup/S6/BaseRun.lean:7664:5: Variable name `hwpos` is not explicitly referenced.

The binding can be removed (if unused) or named `_` (if used implicitly).

Note: This linter can be disabled with `set_option linter.unusedVariables false`
warning: BoussinesqBlowup/S6/BaseRun.lean:7729:103: Variable name `hψ₀` is not explicitly referenced.

The binding can be removed (if unused) or named `_` (if used implicitly).

Note: This linter can be disabled with `set_option linter.unusedVariables false`
warning: BoussinesqBlowup/S6/BaseRun.lean:7730:5: Variable name `hb` is not explicitly referenced.

The binding can be removed (if unused) or named `_` (if used implicitly).

Note: This linter can be disabled with `set_option linter.unusedVariables false`
warning: BoussinesqBlowup/S6/BaseRun.lean:7732:36: Variable name `hrun` is not explicitly referenced.

The binding can be removed (if unused) or named `_` (if used implicitly).

Note: This linter can be disabled with `set_option linter.unusedVariables false`
warning: BoussinesqBlowup/S6/BaseRun.lean:7734:5: Variable name `hdrive` is not explicitly referenced.

The binding can be removed (if unused) or named `_` (if used implicitly).

Note: This linter can be disabled with `set_option linter.unusedVariables false`
warning: BoussinesqBlowup/S6/BaseRun.lean:7734:39: Variable name `hland` is not explicitly referenced.

The binding can be removed (if unused) or named `_` (if used implicitly).

Note: This linter can be disabled with `set_option linter.unusedVariables false`
warning: BoussinesqBlowup/S6/BaseRun.lean:7735:5: Variable name `hwpos` is not explicitly referenced.

The binding can be removed (if unused) or named `_` (if used implicitly).

Note: This linter can be disabled with `set_option linter.unusedVariables false`
warning: BoussinesqBlowup/S6/BaseRun.lean:7736:5: Variable name `hexc` is not explicitly referenced.

The binding can be removed (if unused) or named `_` (if used implicitly).

Note: This linter can be disabled with `set_option linter.unusedVariables false`
warning: BoussinesqBlowup/S6/BaseRun.lean:7813:8: `ContinuousLinearMap.smul_apply` has been deprecated: Use `smul_apply` instead

Note: The updated constant is in a different namespace. Dot notation may need to be changed (e.g., from `x.smul_apply` to `smul_apply x`).
warning: BoussinesqBlowup/S6/BaseRun.lean:7774:114: Variable name `hψ₀` is not explicitly referenced.

The binding can be removed (if unused) or named `_` (if used implicitly).

Note: This linter can be disabled with `set_option linter.unusedVariables false`
warning: BoussinesqBlowup/S6/BaseRun.lean:7776:5: Variable name `hT₀` is not explicitly referenced.

The binding can be removed (if unused) or named `_` (if used implicitly).

Note: This linter can be disabled with `set_option linter.unusedVariables false`
warning: BoussinesqBlowup/S6/BaseRun.lean:7777:101: Variable name `hbase` is not explicitly referenced.

The binding can be removed (if unused) or named `_` (if used implicitly).

Note: This linter can be disabled with `set_option linter.unusedVariables false`
warning: BoussinesqBlowup/S6/BaseRun.lean:7778:5: Variable name `hag` is not explicitly referenced.

The binding can be removed (if unused) or named `_` (if used implicitly).

Note: This linter can be disabled with `set_option linter.unusedVariables false`
warning: BoussinesqBlowup/S6/BaseRun.lean:7779:5: Variable name `hdrive` is not explicitly referenced.

The binding can be removed (if unused) or named `_` (if used implicitly).

Note: This linter can be disabled with `set_option linter.unusedVariables false`
warning: BoussinesqBlowup/S6/BaseRun.lean:7779:39: Variable name `hland` is not explicitly referenced.

The binding can be removed (if unused) or named `_` (if used implicitly).

Note: This linter can be disabled with `set_option linter.unusedVariables false`
warning: BoussinesqBlowup/S6/BaseRun.lean:7781:5: Variable name `hexc` is not explicitly referenced.

The binding can be removed (if unused) or named `_` (if used implicitly).

Note: This linter can be disabled with `set_option linter.unusedVariables false`
warning: BoussinesqBlowup/S6/BaseRun.lean:7888:5: Variable name `hW3` is not explicitly referenced.

The binding can be removed (if unused) or named `_` (if used implicitly).

Note: This linter can be disabled with `set_option linter.unusedVariables false`
warning: BoussinesqBlowup/S6/BaseRun.lean:8469:51: This simp argument is unused:
  Matrix.head_cons

Hint: Omit it from the simp argument list.
  simp only [TowerData.zOf, Matrix.cons_val_one, M̵a̵t̵r̵i̵x̵.̵h̵e̵a̵d̵_̵c̵o̵n̵s̵,̵ ̵Matrix.cons_val_zero, hΩ, hOm0, hAg, hσ,
  ̲  ̲ ̲ ̲ ̲ ̲sub_zero]

Note: This linter can be disabled with `set_option linter.unusedSimpArgs false`
warning: BoussinesqBlowup/S6/BaseRun.lean:8793:30: `push_neg` has been deprecated. Prefer using `push Not` instead.
If you'd rather continue using `push_neg` in your project, you can implement it as follows:
```
open Lean.Parser.Tactic in
macro "push_neg" cfg:optConfig loc:(location)? : tactic =>
  `(tactic| push $cfg:optConfig Not $[$loc]?)
```
warning: BoussinesqBlowup/S6/BaseRun.lean:8795:30: `push_neg` has been deprecated. Prefer using `push Not` instead.
If you'd rather continue using `push_neg` in your project, you can implement it as follows:
```
open Lean.Parser.Tactic in
macro "push_neg" cfg:optConfig loc:(location)? : tactic =>
  `(tactic| push $cfg:optConfig Not $[$loc]?)
```
warning: BoussinesqBlowup/S6/BaseRun.lean:9016:17: `push_neg` has been deprecated. Prefer using `push Not` instead.
If you'd rather continue using `push_neg` in your project, you can implement it as follows:
```
open Lean.Parser.Tactic in
macro "push_neg" cfg:optConfig loc:(location)? : tactic =>
  `(tactic| push $cfg:optConfig Not $[$loc]?)
```
warning: BoussinesqBlowup/S6/BaseRun.lean:9114:17: `push_neg` has been deprecated. Prefer using `push Not` instead.
If you'd rather continue using `push_neg` in your project, you can implement it as follows:
```
open Lean.Parser.Tactic in
macro "push_neg" cfg:optConfig loc:(location)? : tactic =>
  `(tactic| push $cfg:optConfig Not $[$loc]?)
```
warning: BoussinesqBlowup/S6/BaseRun.lean:9726:36: `push_neg` has been deprecated. Prefer using `push Not` instead.
If you'd rather continue using `push_neg` in your project, you can implement it as follows:
```
open Lean.Parser.Tactic in
macro "push_neg" cfg:optConfig loc:(location)? : tactic =>
  `(tactic| push $cfg:optConfig Not $[$loc]?)
```
warning: BoussinesqBlowup/S6/BaseRun.lean:9671:30: Variable name `hN` is not explicitly referenced.

The binding can be removed (if unused) or named `_` (if used implicitly).

Note: This linter can be disabled with `set_option linter.unusedVariables false`
warning: BoussinesqBlowup/S6/BaseRun.lean:9742:15: This simp argument is unused:
  if_pos rfl

Hint: Omit it from the simp argument list.
  simp only [if_p̵o̵s̵ ̵r̵f̵l̵,̵ ̵i̵f̵_̵true]

Note: This linter can be disabled with `set_option linter.unusedSimpArgs false`
warning: BoussinesqBlowup/S6/BaseRun.lean:9954:49: This simp argument is unused:
  if_pos rfl

Hint: Omit it from the simp argument list.
  simp only [if_p̵o̵s̵ ̵r̵f̵l̵,̵ ̵i̵f̵_̵true]

Note: This linter can be disabled with `set_option linter.unusedSimpArgs false`
warning: BoussinesqBlowup/S6/BaseRun.lean:9966:47: This simp argument is unused:
  if_pos rfl

Hint: Omit it from the simp argument list.
  simp only [if_p̵o̵s̵ ̵r̵f̵l̵,̵ ̵i̵f̵_̵true]

Note: This linter can be disabled with `set_option linter.unusedSimpArgs false`
⚠ [8838/10108] Replayed BoussinesqBlowup.Theorem01
warning: BoussinesqBlowup/Theorem01.lean:183:13: `ContinuousLinearMap.add_apply` has been deprecated: Use `add_apply` instead

Note: The updated constant is in a different namespace. Dot notation may need to be changed (e.g., from `x.add_apply` to `add_apply x`).
warning: BoussinesqBlowup/Theorem01.lean:183:44: `ContinuousLinearMap.coe_smul'` has been deprecated: Use `FunLike.coe_smul` instead

Note: The updated constant is in a different namespace. Dot notation may need to be changed (e.g., from `x.coe_smul'` to `FunLike.coe_smul x`).
warning: BoussinesqBlowup/Theorem01.lean:358:17: `ContinuousLinearMap.add_apply` has been deprecated: Use `add_apply` instead

Note: The updated constant is in a different namespace. Dot notation may need to be changed (e.g., from `x.add_apply` to `add_apply x`).
warning: BoussinesqBlowup/Theorem01.lean:362:17: `ContinuousLinearMap.add_apply` has been deprecated: Use `add_apply` instead

Note: The updated constant is in a different namespace. Dot notation may need to be changed (e.g., from `x.add_apply` to `add_apply x`).
warning: BoussinesqBlowup/Theorem01.lean:372:15: `ContinuousLinearMap.add_apply` has been deprecated: Use `add_apply` instead

Note: The updated constant is in a different namespace. Dot notation may need to be changed (e.g., from `x.add_apply` to `add_apply x`).
warning: BoussinesqBlowup/Theorem01.lean:375:15: `ContinuousLinearMap.add_apply` has been deprecated: Use `add_apply` instead

Note: The updated constant is in a different namespace. Dot notation may need to be changed (e.g., from `x.add_apply` to `add_apply x`).
warning: BoussinesqBlowup/Theorem01.lean:549:69: Variable name `hκ` is not explicitly referenced.

The binding can be removed (if unused) or named `_` (if used implicitly).

Note: This linter can be disabled with `set_option linter.unusedVariables false`
warning: BoussinesqBlowup/Theorem01.lean:555:5: Variable name `hfθ` is not explicitly referenced.

The binding can be removed (if unused) or named `_` (if used implicitly).

Note: This linter can be disabled with `set_option linter.unusedVariables false`
warning: BoussinesqBlowup/Theorem01.lean:761:5: Variable name `hNdom` is not explicitly referenced.

The binding can be removed (if unused) or named `_` (if used implicitly).

Note: This linter can be disabled with `set_option linter.unusedVariables false`
warning: BoussinesqBlowup/Theorem01.lean:762:5: Variable name `hNuni` is not explicitly referenced.

The binding can be removed (if unused) or named `_` (if used implicitly).

Note: This linter can be disabled with `set_option linter.unusedVariables false`
warning: BoussinesqBlowup/Theorem01.lean:856:15: `ContinuousLinearMap.add_apply` has been deprecated: Use `add_apply` instead

Note: The updated constant is in a different namespace. Dot notation may need to be changed (e.g., from `x.add_apply` to `add_apply x`).
warning: BoussinesqBlowup/Theorem01.lean:856:46: `ContinuousLinearMap.smul_apply` has been deprecated: Use `smul_apply` instead

Note: The updated constant is in a different namespace. Dot notation may need to be changed (e.g., from `x.smul_apply` to `smul_apply x`).
warning: BoussinesqBlowup/Theorem01.lean:1185:69: Variable name `hP` is not explicitly referenced.

The binding can be removed (if unused) or named `_` (if used implicitly).

Note: This linter can be disabled with `set_option linter.unusedVariables false`
warning: BoussinesqBlowup/Theorem01.lean:1402:5: Variable name `hNdom` is not explicitly referenced.

The binding can be removed (if unused) or named `_` (if used implicitly).

Note: This linter can be disabled with `set_option linter.unusedVariables false`
warning: BoussinesqBlowup/Theorem01.lean:1403:69: Variable name `hκ` is not explicitly referenced.

The binding can be removed (if unused) or named `_` (if used implicitly).

Note: This linter can be disabled with `set_option linter.unusedVariables false`
warning: BoussinesqBlowup/Theorem01.lean:1407:5: Variable name `hfu_supp` is not explicitly referenced.

The binding can be removed (if unused) or named `_` (if used implicitly).

Note: This linter can be disabled with `set_option linter.unusedVariables false`
warning: BoussinesqBlowup/Theorem01.lean:1653:6: `push_neg` has been deprecated. Prefer using `push Not` instead.
If you'd rather continue using `push_neg` in your project, you can implement it as follows:
```
open Lean.Parser.Tactic in
macro "push_neg" cfg:optConfig loc:(location)? : tactic =>
  `(tactic| push $cfg:optConfig Not $[$loc]?)
```
warning: BoussinesqBlowup/Theorem01.lean:1726:43: Variable name `hB` is not explicitly referenced.

The binding can be removed (if unused) or named `_` (if used implicitly).

Note: This linter can be disabled with `set_option linter.unusedVariables false`
⚠ [8840/10108] Replayed BoussinesqBlowup.Lit.CZ.CZCore.Homogeneous
warning: BoussinesqBlowup/Lit/CZ/CZCore/Homogeneous.lean:289:47: `ContinuousLinearMap.smul_apply` has been deprecated: Use `smul_apply` instead

Note: The updated constant is in a different namespace. Dot notation may need to be changed (e.g., from `x.smul_apply` to `smul_apply x`).
warning: BoussinesqBlowup/Lit/CZ/CZCore/Homogeneous.lean:291:17: `ContinuousLinearMap.add_apply` has been deprecated: Use `add_apply` instead

Note: The updated constant is in a different namespace. Dot notation may need to be changed (e.g., from `x.add_apply` to `add_apply x`).
warning: BoussinesqBlowup/Lit/CZ/CZCore/Homogeneous.lean:514:66: Variable name `hn` is not explicitly referenced.

The binding can be removed (if unused) or named `_` (if used implicitly).

Note: This linter can be disabled with `set_option linter.unusedVariables false`
warning: BoussinesqBlowup/Lit/CZ/CZCore/Homogeneous.lean:604:8: `mul_le_mul_left'` has been deprecated: Use `mul_le_mul_right` instead
warning: BoussinesqBlowup/Lit/CZ/CZCore/Homogeneous.lean:689:4: `push_neg` has been deprecated. Prefer using `push Not` instead.
If you'd rather continue using `push_neg` in your project, you can implement it as follows:
```
open Lean.Parser.Tactic in
macro "push_neg" cfg:optConfig loc:(location)? : tactic =>
  `(tactic| push $cfg:optConfig Not $[$loc]?)
```
warning: BoussinesqBlowup/Lit/CZ/CZCore/Homogeneous.lean:706:10: `mul_le_mul_right'` has been deprecated: Use `mul_le_mul_left` instead
warning: BoussinesqBlowup/Lit/CZ/CZCore/Homogeneous.lean:735:21: Used `tac1 <;> tac2` where `(tac1; tac2)` would suffice

Note: This linter can be disabled with `set_option linter.unnecessarySeqFocus false`
warning: BoussinesqBlowup/Lit/CZ/CZCore/Homogeneous.lean:845:44: Used `tac1 <;> tac2` where `(tac1; tac2)` would suffice

Note: This linter can be disabled with `set_option linter.unnecessarySeqFocus false`
warning: BoussinesqBlowup/Lit/CZ/CZCore/Homogeneous.lean:1065:6: `push_neg` has been deprecated. Prefer using `push Not` instead.
If you'd rather continue using `push_neg` in your project, you can implement it as follows:
```
open Lean.Parser.Tactic in
macro "push_neg" cfg:optConfig loc:(location)? : tactic =>
  `(tactic| push $cfg:optConfig Not $[$loc]?)
```
warning: BoussinesqBlowup/Lit/CZ/CZCore/Homogeneous.lean:1107:6: `push_neg` has been deprecated. Prefer using `push Not` instead.
If you'd rather continue using `push_neg` in your project, you can implement it as follows:
```
open Lean.Parser.Tactic in
macro "push_neg" cfg:optConfig loc:(location)? : tactic =>
  `(tactic| push $cfg:optConfig Not $[$loc]?)
```
warning: BoussinesqBlowup/Lit/CZ/CZCore/Homogeneous.lean:1661:25: `Int.le_induction` has been deprecated: Use `Int.leInduction` instead
warning: BoussinesqBlowup/Lit/CZ/CZCore/Homogeneous.lean:1699:49: `mul_le_mul_right'` has been deprecated: Use `mul_le_mul_left` instead
warning: BoussinesqBlowup/Lit/CZ/CZCore/Homogeneous.lean:1724:44: Variable name `hC` is not explicitly referenced.

The binding can be removed (if unused) or named `_` (if used implicitly).

Note: This linter can be disabled with `set_option linter.unusedVariables false`
warning: BoussinesqBlowup/Lit/CZ/CZCore/Homogeneous.lean:1802:4: `push_neg` has been deprecated. Prefer using `push Not` instead.
If you'd rather continue using `push_neg` in your project, you can implement it as follows:
```
open Lean.Parser.Tactic in
macro "push_neg" cfg:optConfig loc:(location)? : tactic =>
  `(tactic| push $cfg:optConfig Not $[$loc]?)
```
warning: BoussinesqBlowup/Lit/CZ/CZCore/Homogeneous.lean:1965:10: `Set.diff_eq_empty` has been deprecated: Use `Set.sdiff_eq_empty` instead
warning: BoussinesqBlowup/Lit/CZ/CZCore/Homogeneous.lean:1971:17: `Set.mem_diff` has been deprecated: Use `Set.mem_sdiff` instead
warning: BoussinesqBlowup/Lit/CZ/CZCore/Homogeneous.lean:2177:2: `push_neg` has been deprecated. Prefer using `push Not` instead.
If you'd rather continue using `push_neg` in your project, you can implement it as follows:
```
open Lean.Parser.Tactic in
macro "push_neg" cfg:optConfig loc:(location)? : tactic =>
  `(tactic| push $cfg:optConfig Not $[$loc]?)
```
warning: BoussinesqBlowup/Lit/CZ/CZCore/Homogeneous.lean:2196:6: `push_neg` has been deprecated. Prefer using `push Not` instead.
If you'd rather continue using `push_neg` in your project, you can implement it as follows:
```
open Lean.Parser.Tactic in
macro "push_neg" cfg:optConfig loc:(location)? : tactic =>
  `(tactic| push $cfg:optConfig Not $[$loc]?)
```
warning: BoussinesqBlowup/Lit/CZ/CZCore/Homogeneous.lean:2200:6: `push_neg` has been deprecated. Prefer using `push Not` instead.
If you'd rather continue using `push_neg` in your project, you can implement it as follows:
```
open Lean.Parser.Tactic in
macro "push_neg" cfg:optConfig loc:(location)? : tactic =>
  `(tactic| push $cfg:optConfig Not $[$loc]?)
```
warning: BoussinesqBlowup/Lit/CZ/CZCore/Homogeneous.lean:2236:14: `ofReal_norm_eq_enorm` has been deprecated: Use `ofReal_norm` instead
warning: BoussinesqBlowup/Lit/CZ/CZCore/Homogeneous.lean:2236:38: `ofReal_norm_eq_enorm` has been deprecated: Use `ofReal_norm` instead
warning: BoussinesqBlowup/Lit/CZ/CZCore/Homogeneous.lean:2236:62: `ofReal_norm_eq_enorm` has been deprecated: Use `ofReal_norm` instead
⚠ [8841/10108] Replayed BoussinesqBlowup.Lit.CZ.Bogovskii.VariableKernel
warning: BoussinesqBlowup/Lit/CZ/Bogovskii/VariableKernel.lean:33:45: `ContinuousLinearMap.smul_apply` has been deprecated: Use `smul_apply` instead

Note: The updated constant is in a different namespace. Dot notation may need to be changed (e.g., from `x.smul_apply` to `smul_apply x`).
warning: BoussinesqBlowup/Lit/CZ/Bogovskii/VariableKernel.lean:179:10: `mul_le_mul_left'` has been deprecated: Use `mul_le_mul_right` instead
warning: BoussinesqBlowup/Lit/CZ/Bogovskii/VariableKernel.lean:228:80: Variable name `hF` is not explicitly referenced.

The binding can be removed (if unused) or named `_` (if used implicitly).

Note: This linter can be disabled with `set_option linter.unusedVariables false`
warning: BoussinesqBlowup/Lit/CZ/Bogovskii/VariableKernel.lean:369:4: `push_neg` has been deprecated. Prefer using `push Not` instead.
If you'd rather continue using `push_neg` in your project, you can implement it as follows:
```
open Lean.Parser.Tactic in
macro "push_neg" cfg:optConfig loc:(location)? : tactic =>
  `(tactic| push $cfg:optConfig Not $[$loc]?)
```
warning: BoussinesqBlowup/Lit/CZ/Bogovskii/VariableKernel.lean:408:4: `push_neg` has been deprecated. Prefer using `push Not` instead.
If you'd rather continue using `push_neg` in your project, you can implement it as follows:
```
open Lean.Parser.Tactic in
macro "push_neg" cfg:optConfig loc:(location)? : tactic =>
  `(tactic| push $cfg:optConfig Not $[$loc]?)
```
warning: BoussinesqBlowup/Lit/CZ/Bogovskii/VariableKernel.lean:496:4: `push_neg` has been deprecated. Prefer using `push Not` instead.
If you'd rather continue using `push_neg` in your project, you can implement it as follows:
```
open Lean.Parser.Tactic in
macro "push_neg" cfg:optConfig loc:(location)? : tactic =>
  `(tactic| push $cfg:optConfig Not $[$loc]?)
```
warning: BoussinesqBlowup/Lit/CZ/Bogovskii/VariableKernel.lean:609:15: `ContinuousLinearMap.smul_apply` has been deprecated: Use `smul_apply` instead

Note: The updated constant is in a different namespace. Dot notation may need to be changed (e.g., from `x.smul_apply` to `smul_apply x`).
warning: BoussinesqBlowup/Lit/CZ/Bogovskii/VariableKernel.lean:637:4: `push_neg` has been deprecated. Prefer using `push Not` instead.
If you'd rather continue using `push_neg` in your project, you can implement it as follows:
```
open Lean.Parser.Tactic in
macro "push_neg" cfg:optConfig loc:(location)? : tactic =>
  `(tactic| push $cfg:optConfig Not $[$loc]?)
```
warning: BoussinesqBlowup/Lit/CZ/Bogovskii/VariableKernel.lean:698:4: `push_neg` has been deprecated. Prefer using `push Not` instead.
If you'd rather continue using `push_neg` in your project, you can implement it as follows:
```
open Lean.Parser.Tactic in
macro "push_neg" cfg:optConfig loc:(location)? : tactic =>
  `(tactic| push $cfg:optConfig Not $[$loc]?)
```
warning: BoussinesqBlowup/Lit/CZ/Bogovskii/VariableKernel.lean:771:4: `push_neg` has been deprecated. Prefer using `push Not` instead.
If you'd rather continue using `push_neg` in your project, you can implement it as follows:
```
open Lean.Parser.Tactic in
macro "push_neg" cfg:optConfig loc:(location)? : tactic =>
  `(tactic| push $cfg:optConfig Not $[$loc]?)
```
warning: BoussinesqBlowup/Lit/CZ/Bogovskii/VariableKernel.lean:774:39: `ContinuousLinearMap.zero_apply` has been deprecated: Use `zero_apply` instead

Note: The updated constant is in a different namespace. Dot notation may need to be changed (e.g., from `x.zero_apply` to `zero_apply x`).
warning: BoussinesqBlowup/Lit/CZ/Bogovskii/VariableKernel.lean:1913:41: `ContinuousLinearMap.sum_apply` has been deprecated: Use `sum_apply` instead

Note: The updated constant is in a different namespace. Dot notation may need to be changed (e.g., from `x.sum_apply` to `sum_apply x`).
warning: BoussinesqBlowup/Lit/CZ/Bogovskii/VariableKernel.lean:1914:4: `ContinuousLinearMap.smul_apply` has been deprecated: Use `smul_apply` instead

Note: The updated constant is in a different namespace. Dot notation may need to be changed (e.g., from `x.smul_apply` to `smul_apply x`).
warning: BoussinesqBlowup/Lit/CZ/Bogovskii/VariableKernel.lean:2327:44: This simp argument is unused:
  Pi.mul_apply

Hint: Omit it from the simp argument list.
  simp only [Function.uncurry,̵ ̵P̵i̵.̵m̵u̵l̵_̵a̵p̵p̵l̵y̵]

Note: This linter can be disabled with `set_option linter.unusedSimpArgs false`
warning: BoussinesqBlowup/Lit/CZ/Bogovskii/VariableKernel.lean:2413:15: `ContinuousLinearMap.add_apply` has been deprecated: Use `add_apply` instead

Note: The updated constant is in a different namespace. Dot notation may need to be changed (e.g., from `x.add_apply` to `add_apply x`).
warning: BoussinesqBlowup/Lit/CZ/Bogovskii/VariableKernel.lean:2413:46: `ContinuousLinearMap.smul_apply` has been deprecated: Use `smul_apply` instead

Note: The updated constant is in a different namespace. Dot notation may need to be changed (e.g., from `x.smul_apply` to `smul_apply x`).
warning: BoussinesqBlowup/Lit/CZ/Bogovskii/VariableKernel.lean:2490:47: `ContinuousLinearMap.zero_apply` has been deprecated: Use `zero_apply` instead

Note: The updated constant is in a different namespace. Dot notation may need to be changed (e.g., from `x.zero_apply` to `zero_apply x`).
warning: BoussinesqBlowup/Lit/CZ/Bogovskii/VariableKernel.lean:2568:31: Variable name `hR` is not explicitly referenced.

The binding can be removed (if unused) or named `_` (if used implicitly).

Note: This linter can be disabled with `set_option linter.unusedVariables false`
warning: BoussinesqBlowup/Lit/CZ/Bogovskii/VariableKernel.lean:2759:45: `EuclideanSpace.norm_single` has been deprecated: Use `PiLp.norm_single` instead

Note: The updated constant has a different type:
  ∀ (p : ℝ≥0∞) {ι : Type u_2} (β : ι → Type u_4) [hp : Fact (1 ≤ p)] [inst : Fintype ι]
    [inst_1 : (i : ι) → SeminormedAddCommGroup (β i)] [inst_2 : DecidableEq ι] (i : ι) (b : β i),
    ‖PiLp.single p i b‖ = ‖b‖
instead of
  ∀ {ι : Type u_1} {𝕜 : Type u_3} [inst : RCLike 𝕜] [inst_1 : DecidableEq ι] [inst_2 : Fintype ι] (i : ι) (a : 𝕜),
    ‖EuclideanSpace.single i a‖ = ‖a‖

Note: The updated constant is in a different namespace. Dot notation may need to be changed (e.g., from `x.norm_single` to `PiLp.norm_single x`).
warning: BoussinesqBlowup/Lit/CZ/Bogovskii/VariableKernel.lean:2666:31: Variable name `hR` is not explicitly referenced.

The binding can be removed (if unused) or named `_` (if used implicitly).

Note: This linter can be disabled with `set_option linter.unusedVariables false`
warning: BoussinesqBlowup/Lit/CZ/Bogovskii/VariableKernel.lean:3082:24: `EuclideanSpace.norm_single` has been deprecated: Use `PiLp.norm_single` instead

Note: The updated constant has a different type:
  ∀ (p : ℝ≥0∞) {ι : Type u_2} (β : ι → Type u_4) [hp : Fact (1 ≤ p)] [inst : Fintype ι]
    [inst_1 : (i : ι) → SeminormedAddCommGroup (β i)] [inst_2 : DecidableEq ι] (i : ι) (b : β i),
    ‖PiLp.single p i b‖ = ‖b‖
instead of
  ∀ {ι : Type u_1} {𝕜 : Type u_3} [inst : RCLike 𝕜] [inst_1 : DecidableEq ι] [inst_2 : Fintype ι] (i : ι) (a : 𝕜),
    ‖EuclideanSpace.single i a‖ = ‖a‖

Note: The updated constant is in a different namespace. Dot notation may need to be changed (e.g., from `x.norm_single` to `PiLp.norm_single x`).
warning: BoussinesqBlowup/Lit/CZ/Bogovskii/VariableKernel.lean:3127:34: `ContinuousLinearMap.coe_sum'` has been deprecated: Use `FunLike.coe_sum` instead

Note: The updated constant is in a different namespace. Dot notation may need to be changed (e.g., from `x.coe_sum'` to `FunLike.coe_sum x`).
warning: BoussinesqBlowup/Lit/CZ/Bogovskii/VariableKernel.lean:3250:48: `mul_le_mul_left'` has been deprecated: Use `mul_le_mul_right` instead
warning: BoussinesqBlowup/Lit/CZ/Bogovskii/VariableKernel.lean:3263:50: `mul_le_mul_left'` has been deprecated: Use `mul_le_mul_right` instead
warning: BoussinesqBlowup/Lit/CZ/Bogovskii/VariableKernel.lean:3265:15: `mul_le_mul_left'` has been deprecated: Use `mul_le_mul_right` instead
⚠ [8842/10108] Replayed BoussinesqBlowup.Lit.BogovskiiPiece
warning: BoussinesqBlowup/Lit/BogovskiiPiece.lean:32:18: `EuclideanSpace.single_apply` has been deprecated: Use `PiLp.single_apply` instead

Note: The updated constant has a different type:
  ∀ (p : ℝ≥0∞) (𝕜 : Type u_1) {ι : Type u_2} [inst : DecidableEq ι] [inst_1 : Zero 𝕜] (i : ι) (a : 𝕜) (j : ι),
    (PiLp.single p i a).ofLp j = if j = i then a else 0
instead of
  ∀ {ι : Type u_1} {𝕜 : Type u_3} [inst : RCLike 𝕜] [inst_1 : DecidableEq ι] (i : ι) (a : 𝕜) (j : ι),
    (EuclideanSpace.single i a).ofLp j = if j = i then a else 0

Note: The updated constant is in a different namespace. Dot notation may need to be changed (e.g., from `x.single_apply` to `PiLp.single_apply x`).
warning: BoussinesqBlowup/Lit/BogovskiiPiece.lean:32:18: This simp argument is unused:
  EuclideanSpace.single_apply

Hint: Omit it from the simp argument list.
  simp [dir, e,̵ ̵E̵u̵c̵l̵i̵d̵e̵a̵n̵S̵p̵a̵c̵e̵.̵s̵i̵n̵g̵l̵e̵_̵a̵p̵p̵l̵y̵]

Note: This linter can be disabled with `set_option linter.unusedSimpArgs false`
warning: BoussinesqBlowup/Lit/BogovskiiPiece.lean:82:18: `EuclideanSpace.single_apply` has been deprecated: Use `PiLp.single_apply` instead

Note: The updated constant has a different type:
  ∀ (p : ℝ≥0∞) (𝕜 : Type u_1) {ι : Type u_2} [inst : DecidableEq ι] [inst_1 : Zero 𝕜] (i : ι) (a : 𝕜) (j : ι),
    (PiLp.single p i a).ofLp j = if j = i then a else 0
instead of
  ∀ {ι : Type u_1} {𝕜 : Type u_3} [inst : RCLike 𝕜] [inst_1 : DecidableEq ι] (i : ι) (a : 𝕜) (j : ι),
    (EuclideanSpace.single i a).ofLp j = if j = i then a else 0

Note: The updated constant is in a different namespace. Dot notation may need to be changed (e.g., from `x.single_apply` to `PiLp.single_apply x`).
warning: BoussinesqBlowup/Lit/BogovskiiPiece.lean:82:18: This simp argument is unused:
  EuclideanSpace.single_apply

Hint: Omit it from the simp argument list.
  simp [dir, e,̵ ̵E̵u̵c̵l̵i̵d̵e̵a̵n̵S̵p̵a̵c̵e̵.̵s̵i̵n̵g̵l̵e̵_̵a̵p̵p̵l̵y̵]

Note: This linter can be disabled with `set_option linter.unusedSimpArgs false`
warning: BoussinesqBlowup/Lit/BogovskiiPiece.lean:275:8: `push_neg` has been deprecated. Prefer using `push Not` instead.
If you'd rather continue using `push_neg` in your project, you can implement it as follows:
```
open Lean.Parser.Tactic in
macro "push_neg" cfg:optConfig loc:(location)? : tactic =>
  `(tactic| push $cfg:optConfig Not $[$loc]?)
```
warning: BoussinesqBlowup/Lit/BogovskiiPiece.lean:338:8: `push_neg` has been deprecated. Prefer using `push Not` instead.
If you'd rather continue using `push_neg` in your project, you can implement it as follows:
```
open Lean.Parser.Tactic in
macro "push_neg" cfg:optConfig loc:(location)? : tactic =>
  `(tactic| push $cfg:optConfig Not $[$loc]?)
```
warning: BoussinesqBlowup/Lit/BogovskiiPiece.lean:455:4: `push_neg` has been deprecated. Prefer using `push Not` instead.
If you'd rather continue using `push_neg` in your project, you can implement it as follows:
```
open Lean.Parser.Tactic in
macro "push_neg" cfg:optConfig loc:(location)? : tactic =>
  `(tactic| push $cfg:optConfig Not $[$loc]?)
```
warning: BoussinesqBlowup/Lit/BogovskiiPiece.lean:502:18: `EuclideanSpace.single_apply` has been deprecated: Use `PiLp.single_apply` instead

Note: The updated constant has a different type:
  ∀ (p : ℝ≥0∞) (𝕜 : Type u_1) {ι : Type u_2} [inst : DecidableEq ι] [inst_1 : Zero 𝕜] (i : ι) (a : 𝕜) (j : ι),
    (PiLp.single p i a).ofLp j = if j = i then a else 0
instead of
  ∀ {ι : Type u_1} {𝕜 : Type u_3} [inst : RCLike 𝕜] [inst_1 : DecidableEq ι] (i : ι) (a : 𝕜) (j : ι),
    (EuclideanSpace.single i a).ofLp j = if j = i then a else 0

Note: The updated constant is in a different namespace. Dot notation may need to be changed (e.g., from `x.single_apply` to `PiLp.single_apply x`).
warning: BoussinesqBlowup/Lit/BogovskiiPiece.lean:502:18: This simp argument is unused:
  EuclideanSpace.single_apply

Hint: Omit it from the simp argument list.
  simp [dir, e,̵ ̵E̵u̵c̵l̵i̵d̵e̵a̵n̵S̵p̵a̵c̵e̵.̵s̵i̵n̵g̵l̵e̵_̵a̵p̵p̵l̵y̵]

Note: This linter can be disabled with `set_option linter.unusedSimpArgs false`
warning: BoussinesqBlowup/Lit/BogovskiiPiece.lean:952:50: `ContinuousLinearMap.add_apply` has been deprecated: Use `add_apply` instead

Note: The updated constant is in a different namespace. Dot notation may need to be changed (e.g., from `x.add_apply` to `add_apply x`).
warning: BoussinesqBlowup/Lit/BogovskiiPiece.lean:953:4: `ContinuousLinearMap.coe_smul'` has been deprecated: Use `FunLike.coe_smul` instead

Note: The updated constant is in a different namespace. Dot notation may need to be changed (e.g., from `x.coe_smul'` to `FunLike.coe_smul x`).
warning: BoussinesqBlowup/Lit/BogovskiiPiece.lean:1440:57: Variable name `hρ` is not explicitly referenced.

The binding can be removed (if unused) or named `_` (if used implicitly).

Note: This linter can be disabled with `set_option linter.unusedVariables false`
warning: BoussinesqBlowup/Lit/BogovskiiPiece.lean:1551:14: `ofReal_norm_eq_enorm` has been deprecated: Use `ofReal_norm` instead
warning: BoussinesqBlowup/Lit/BogovskiiPiece.lean:1499:57: Variable name `hρ` is not explicitly referenced.

The binding can be removed (if unused) or named `_` (if used implicitly).

Note: This linter can be disabled with `set_option linter.unusedVariables false`
warning: BoussinesqBlowup/Lit/BogovskiiPiece.lean:1664:6: `ContinuousLinearMap.sum_apply` has been deprecated: Use `sum_apply` instead

Note: The updated constant is in a different namespace. Dot notation may need to be changed (e.g., from `x.sum_apply` to `sum_apply x`).
warning: BoussinesqBlowup/Lit/BogovskiiPiece.lean:1802:50: `mul_le_mul_left'` has been deprecated: Use `mul_le_mul_right` instead
warning: BoussinesqBlowup/Lit/BogovskiiPiece.lean:1804:26: `mul_le_mul_left'` has been deprecated: Use `mul_le_mul_right` instead
warning: BoussinesqBlowup/Lit/BogovskiiPiece.lean:1806:26: `mul_le_mul_left'` has been deprecated: Use `mul_le_mul_right` instead
warning: BoussinesqBlowup/Lit/BogovskiiPiece.lean:1808:26: `mul_le_mul_left'` has been deprecated: Use `mul_le_mul_right` instead
warning: BoussinesqBlowup/Lit/BogovskiiPiece.lean:1757:49: Variable name `hρ` is not explicitly referenced.

The binding can be removed (if unused) or named `_` (if used implicitly).

Note: This linter can be disabled with `set_option linter.unusedVariables false`
⚠ [8843/10108] Replayed BoussinesqBlowup.Lit.BogovskiiAnnulus
warning: BoussinesqBlowup/Lit/BogovskiiAnnulus.lean:108:75: Variable name `hε` is not explicitly referenced.

The binding can be removed (if unused) or named `_` (if used implicitly).

Note: This linter can be disabled with `set_option linter.unusedVariables false`
warning: BoussinesqBlowup/Lit/BogovskiiAnnulus.lean:118:53: Variable name `hu` is not explicitly referenced.

The binding can be removed (if unused) or named `_` (if used implicitly).

Note: This linter can be disabled with `set_option linter.unusedVariables false`
warning: BoussinesqBlowup/Lit/BogovskiiAnnulus.lean:297:4: `push_neg` has been deprecated. Prefer using `push Not` instead.
If you'd rather continue using `push_neg` in your project, you can implement it as follows:
```
open Lean.Parser.Tactic in
macro "push_neg" cfg:optConfig loc:(location)? : tactic =>
  `(tactic| push $cfg:optConfig Not $[$loc]?)
```
warning: BoussinesqBlowup/Lit/BogovskiiAnnulus.lean:323:51: Variable name `hN` is not explicitly referenced.

The binding can be removed (if unused) or named `_` (if used implicitly).

Note: This linter can be disabled with `set_option linter.unusedVariables false`
warning: BoussinesqBlowup/Lit/BogovskiiAnnulus.lean:323:64: Variable name `hε` is not explicitly referenced.

The binding can be removed (if unused) or named `_` (if used implicitly).

Note: This linter can be disabled with `set_option linter.unusedVariables false`
warning: BoussinesqBlowup/Lit/BogovskiiAnnulus.lean:660:32: `ofReal_norm_eq_enorm` has been deprecated: Use `ofReal_norm` instead
warning: BoussinesqBlowup/Lit/BogovskiiAnnulus.lean:842:30: `ContinuousLinearMap.sum_apply` has been deprecated: Use `sum_apply` instead

Note: The updated constant is in a different namespace. Dot notation may need to be changed (e.g., from `x.sum_apply` to `sum_apply x`).
⚠ [8847/10108] Replayed BoussinesqBlowup.Num.OverTiltCertP
warning: BoussinesqBlowup/Num/OverTiltCertP.lean:256:2: `push_neg` has been deprecated. Prefer using `push Not` instead.
If you'd rather continue using `push_neg` in your project, you can implement it as follows:
```
open Lean.Parser.Tactic in
macro "push_neg" cfg:optConfig loc:(location)? : tactic =>
  `(tactic| push $cfg:optConfig Not $[$loc]?)
```
warning: BoussinesqBlowup/Num/OverTiltCertP.lean:290:8: `push_neg` has been deprecated. Prefer using `push Not` instead.
If you'd rather continue using `push_neg` in your project, you can implement it as follows:
```
open Lean.Parser.Tactic in
macro "push_neg" cfg:optConfig loc:(location)? : tactic =>
  `(tactic| push $cfg:optConfig Not $[$loc]?)
```
warning: BoussinesqBlowup/Num/OverTiltCertP.lean:160:54: Variable name `hD` is not explicitly referenced.

The binding can be removed (if unused) or named `_` (if used implicitly).

Note: This linter can be disabled with `set_option linter.unusedVariables false`
⚠ [8853/10108] Replayed BoussinesqBlowup.Num.W5RowP
warning: BoussinesqBlowup/Num/W5RowP.lean:27:23: This simp argument is unused:
  zero_add

Hint: Omit it from the simp argument list.
  simp only [add_zero, z̵e̵r̵o̵_̵a̵d̵d̵,̵ ̵one_mul]

Note: This linter can be disabled with `set_option linter.unusedSimpArgs false`
warning: BoussinesqBlowup/Num/W5RowP.lean:286:6: `push_neg` has been deprecated. Prefer using `push Not` instead.
If you'd rather continue using `push_neg` in your project, you can implement it as follows:
```
open Lean.Parser.Tactic in
macro "push_neg" cfg:optConfig loc:(location)? : tactic =>
  `(tactic| push $cfg:optConfig Not $[$loc]?)
```
warning: BoussinesqBlowup/Num/W5RowP.lean:495:6: `push_neg` has been deprecated. Prefer using `push Not` instead.
If you'd rather continue using `push_neg` in your project, you can implement it as follows:
```
open Lean.Parser.Tactic in
macro "push_neg" cfg:optConfig loc:(location)? : tactic =>
  `(tactic| push $cfg:optConfig Not $[$loc]?)
```
warning: BoussinesqBlowup/Num/W5RowP.lean:530:4: `push_neg` has been deprecated. Prefer using `push Not` instead.
If you'd rather continue using `push_neg` in your project, you can implement it as follows:
```
open Lean.Parser.Tactic in
macro "push_neg" cfg:optConfig loc:(location)? : tactic =>
  `(tactic| push $cfg:optConfig Not $[$loc]?)
```
Build completed successfully (10108 jobs).
	Command being timed: "lake build"
	User time (seconds): 11.56
	System time (seconds): 3.45
	Percent of CPU this job got: 174%
	Elapsed (wall clock) time (h:mm:ss or m:ss): 0:08.58
	Average shared text size (kbytes): 0
	Average unshared data size (kbytes): 0
	Average stack size (kbytes): 0
	Average total size (kbytes): 0
	Maximum resident set size (kbytes): 980204
	Average resident set size (kbytes): 0
	Major (requiring I/O) page faults: 0
	Minor (reclaiming a frame) page faults: 104798
	Voluntary context switches: 98284
	Involuntary context switches: 1922
	Swaps: 0
	File system inputs: 0
	File system outputs: 2216
	Socket messages sent: 0
	Socket messages received: 0
	Signals delivered: 0
	Page size (bytes): 4096
	Exit status: 0
